movie_id,director_rating
1298871,8.399999618530273
1389915,8.5
1428055,6.630000114440918
1578714,7.099999904632568
1652592,6.460000038146973
1765014,6.199999809265137
1789492,7.300000190734863
1793929,7.9666666984558105
1819388,7.099999904632568
1858711,8.950000286102295
1863766,8.525000095367432
1866471,6.9666666984558105
1866473,7.5
1866479,7.849999904632568
1889242,7.866666793823242
1889243,8.950000047683716
1904722,5.699999809265137
1905779,6.699999809265137
1907465,6.549999952316284
1907966,8.699999809265137
1925058,6.599999904632568
1927366,7.425000071525574
1929463,8.133333365122477
1945750,7.300000031789144
1949877,5.5
1950330,8.049999952316284
1966182,8.399999936421713
1972729,7.119999980926513
1972732,7.233333428700765
1972738,6.400000095367432
1978709,8.600000381469727
1981645,7.1333333651224775
1985677,6.950000047683716
2010972,6.6000001430511475
2024966,6.960000133514404
2028585,7.599999904632568
2028669,7.866666793823242
2028677,8.300000071525574
2033822,7.300000190734863
2049435,6.625
2051007,7.639999961853027
2063914,6.900000095367432
2072478,7.099999904632568
2081493,6.480000019073486
2083735,6.459999847412109
2117898,5.75
2127789,6.699999809265137
2129132,7.425000071525574
2131291,8.0
2131654,6.8999998569488525
2131669,7.639999961853027
2131940,8.099999904632568
2132473,7.433333396911621
2132924,5.400000095367432
2133323,8.5
2133379,7.5
2138838,6.549999952316284
2147836,7.0
2147872,6.300000190734863
2153526,6.599999904632568
2158222,7.166666666666667
2158490,6.625
2159331,6.599999904632568
2174535,7.099999904632568
2209575,7.7399999618530275
2210143,7.2399999618530275
2227293,7.039999961853027
2237848,6.599999904632568
2244426,6.566666603088379
2257738,6.699999809265137
2269893,6.1333333651224775
2275370,7.900000095367432
2276989,4.083333333333333
2303163,7.8666666348775225
2303845,7.300000190734863
2325873,5.099999904632568
2334904,8.300000071525574
2336735,6.899999936421712
2336783,7.039999961853027
2336785,7.039999961853027
2338070,5.800000190734863
2353023,8.383333206176758
2363876,7.333333333333333
2363919,6.0
2364051,6.300000031789144
2364054,6.566666762034099
2368641,6.75
2567647,8.399999618530273
2973079,8.399999936421713
2974278,7.800000190734863
2974280,6.699999809265137
2977957,6.900000095367432
2980581,7.400000095367432
2994851,5.059999942779541
2996790,6.550000190734863
2997029,7.549999952316284
2997052,8.049999952316284
2997076,8.300000071525574
2997094,7.599999904632568
2997134,7.333333174387614
2998253,7.333333333333333
2998340,7.199999809265137
2998373,7.900000095367432
2998376,6.350000023841858
2999913,6.8999998569488525
3000078,6.774999976158142
3001077,6.800000190734863
3001149,8.0
3003836,6.5
3005387,7.699999809265137
3006783,6.1333333651224775
3008256,6.199999809265137
3011235,7.639999961853027
3011328,6.599999904632568
3011459,7.699999809265137
3011484,7.300000031789144
3012013,7.2399999618530275
3012033,5.650000095367432
3012053,7.800000190734863
3012819,6.5
3014200,6.533333460489909
3014399,5.5
3014557,6.3666666348775225
3017651,5.5
3023164,8.300000190734863
3024838,7.333333333333333
3025375,6.6499998569488525
3025447,7.199999809265137
3026555,6.400000095367432
3026559,8.266666412353516
3026572,7.166666666666667
3036464,7.800000190734863
3036465,7.6499998569488525
3036472,6.800000190734863
3036473,7.5
3036477,8.199999809265137
3036478,7.699999809265137
3041264,6.299999952316284
3041269,7.199999968210856
3041294,6.459999847412109
3041298,7.900000095367432
3056302,6.900000095367432
3058964,7.599999904632568
3059389,6.300000190734863
3059403,7.600000063578288
3066739,7.2399999618530275
3068193,7.166666666666667
3068206,7.533333460489909
3071441,7.633333206176758
3071469,7.280000019073486
3071604,8.433333396911621
3072064,7.650000095367432
3072185,6.600000023841858
3073073,7.5
3073158,7.599999904632568
3073202,7.425000190734863
3073268,7.699999809265137
3073647,6.566666762034099
3074503,6.0
3074533,6.100000063578288
3075287,8.099999904632568
3077408,5.800000190734863
3077412,6.700000047683716
3077742,6.400000095367432
3078384,7.5
3078390,5.666666666666667
3078391,5.699999809265137
3078514,8.066666603088379
3078521,7.525000095367432
3078549,6.0333333015441895
3078609,6.666666666666667
3078753,7.049999952316284
3090455,6.099999904632568
3094909,7.199999809265137
3095514,7.299999872843425
3097525,6.900000095367432
3097572,8.133333365122477
3101548,7.650000095367432
3103186,6.599999904632568
3103683,7.049999952316284
3104205,6.800000190734863
3104794,6.840000057220459
3112738,6.449999809265137
3120852,7.800000071525574
3143676,7.5
3143727,7.400000095367432
3148064,6.199999809265137
3148089,6.300000190734863
3154908,6.600000023841858
3155971,5.900000095367432
3156086,7.900000095367432
3156117,7.024999976158142
3157583,6.200000047683716
3168086,6.0
3168089,7.833333174387614
3168101,7.0
3170961,6.9666666984558105
3178770,7.755555497275458
3179706,7.399999936421712
3179758,6.300000190734863
3182856,5.699999809265137
3183490,7.119999980926513
3195759,6.699999809265137
3205624,8.299999872843424
3210534,6.8500001430511475
3212398,6.824999928474426
3212965,8.25
3213173,6.849999904632568
3217142,6.400000095367432
3217149,6.299999952316284
3217165,7.900000095367432
3217166,7.666666825612386
3217169,8.199999809265137
3217878,6.5
3225261,6.300000190734863
3227410,7.199999809265137
3230115,5.849999904632568
3230121,7.0
3230155,5.800000190734863
3231740,7.400000254313151
3231742,6.400000095367432
3231823,6.900000095367432
3233635,7.849999904632568
3236904,8.199999809265137
3238087,6.199999809265137
3239892,7.099999904632568
3239906,4.5
3249742,6.400000095367432
3256172,5.900000095367432
3259973,7.900000095367432
3262050,6.625
3263814,6.75
3264229,6.840000057220459
3267120,6.3666666348775225
3267195,5.399999879655384
3268171,6.900000095367432
3269019,6.550000190734863
3269068,7.433333237965901
3274505,7.400000095367432
3274508,6.400000095367432
3279069,6.599999904632568
3279080,6.900000095367432
3279093,6.300000031789144
3279107,5.971428530556815
3284392,7.933333396911621
3284396,6.800000190734863
3284397,7.549999952316284
3285073,6.350000023841858
3287562,7.717500174045563
3287715,7.400000095367432
3289081,7.0333333015441895
3289086,6.566666603088379
3318306,6.5590909647219116
3319755,9.100000381469727
3321409,7.699999809265137
3326747,5.699999809265137
3329192,5.014285717691694
3338851,6.549999952316284
3338862,7.150000095367432
3346365,5.699999809265137
3346464,7.599999904632568
3364223,7.900000095367432
3387483,6.400000095367432
3392569,7.049999952316284
3395373,8.950000047683716
3395437,8.08000020980835
3402101,7.575000166893005
3412830,6.5333333015441895
3415993,7.699999809265137
3426848,4.6499998569488525
3431336,7.400000095367432
3431735,6.599999904632568
3434070,7.733333269755046
3445906,6.0
3524289,6.199999809265137
3530403,7.472222460640801
3530407,7.119999980926513
3532614,6.312500059604645
3541415,8.950000047683716
3543318,5.699999809265137
3546019,6.7
3563200,6.550000190734863
3566266,6.300000190734863
3569910,6.933333396911621
3569911,7.099999904632568
3569943,7.0
3578920,7.699999809265137
3578925,6.800000190734863
3578939,5.5
3578981,6.283333381017049
3582181,7.325000047683716
3592853,6.849999904632568
3592854,7.950000286102295
3592859,8.08000020980835
3596502,6.787500023841858
3601176,6.800000190734863
3602084,6.200000047683716
3604148,6.866666793823242
3606971,6.833333333333333
3606973,6.566666762034099
3606975,5.5
3609001,7.400000095367432
3610047,6.580000019073486
3610676,7.450000047683716
3614963,7.019999980926514
3626364,7.950000286102295
3626372,8.300000190734863
3628370,7.1333333651224775
3637220,8.699999809265137
3637237,7.800000190734863
3642835,7.25
3642843,7.166666666666667
3642866,6.700000081743513
3649049,7.200000047683716
3652297,6.5
3652302,6.599999904632568
3654340,7.280000019073486
3660130,6.800000190734863
3660428,7.6249998807907104
3667102,7.2833333015441895
3671938,7.0
3671986,7.5
3671995,7.5
3674181,7.900000095367432
3680627,5.300000190734863
3681128,7.400000095367432
3681613,7.287500023841858
3683594,8.199999809265137
3699737,6.300000190734863
3711760,6.283333381017049
3718237,7.5
3718269,6.5
3718273,7.800000190734863
3718279,7.3500001430511475
3718424,7.575000166893005
3718460,8.300000190734863
3718493,6.5
3718678,6.8500001430511475
3718782,7.700000047683716
3731581,7.766666730244954
3731626,7.300000190734863
3732780,7.599999904632568
3735003,7.1333333651224775
3736637,4.925000071525574
3737102,7.333333333333333
3742360,7.433333396911621
3742937,7.450000166893005
3742979,7.5
3742987,8.199999809265137
3743049,7.699999809265137
3743063,7.474999904632568
3743114,7.900000095367432
3744561,6.5
3749943,6.824999928474426
3749974,6.199999809265137
3750104,8.399999618530273
3754946,5.820000076293946
3768185,7.25
3769423,8.350000381469727
3769442,6.400000095367432
3771562,7.4
3775163,6.400000095367432
3775167,6.5
3777800,6.699999809265137
3778238,4.8833333651224775
3780045,8.049999952316284
3789848,8.199999809265137
3789917,7.385714258466448
3789921,6.150000095367432
3792787,6.099999904632568
3792799,8.699999809265137
3792816,5.059999942779541
3792848,7.0
3793783,8.049999952316284
3796613,8.800000190734863
3804629,7.900000095367432
3804746,5.31136370788921
3804891,7.280000019073486
3808583,6.0
3808604,7.450000047683716
3813779,7.300000190734863
3819877,7.400000095367432
3819939,7.799999952316284
3820191,5.1333333651224775
3821067,8.0
3824339,5.849999904632568
3836070,7.450000166893005
3837666,5.8999998569488525
3868141,7.300000190734863
3871780,7.699999809265137
3874981,5.6800000190734865
3878007,7.900000095367432
3878157,7.699999809265137
3878247,7.3125
3882427,8.300000190734863
3893805,7.380000098546346
3895511,7.333333174387614
3898745,7.199999809265137
3914500,5.699999809265137
3914513,7.800000190734863
3927734,7.900000095367432
3927736,7.099999904632568
3927750,7.299999952316284
3927789,7.049999952316284
3928370,4.083333333333333
3929374,6.800000190734863
3990098,6.699999809265137
3992381,6.900000095367432
3992966,8.100000381469727
3993559,8.100000023841858
3993588,6.900000095367432
3999549,7.1000001430511475
4004731,6.960000038146973
4014396,5.75
4014405,5.800000190734863
4016479,7.719999980926514
4017146,6.350000023841858
4023638,8.433333396911621
4035906,6.459999847412109
4043647,7.300000071525574
4051753,7.7000000953674315
4058933,7.300000190734863
4058963,6.460000038146973
4059245,6.299999872843425
4062922,6.332142863954816
4067195,6.900000095367432
4074292,8.417500185966492
4075568,7.1499998569488525
4078562,6.049999952316284
4078592,4.900000095367432
4079117,6.671428544180734
4082544,4.924999952316284
4086853,7.4750001430511475
4097023,5.6800000190734865
4097121,7.900000095367432
4097466,6.450000047683716
4099231,8.5
4100696,5.014285717691694
4109909,7.800000190734863
4109918,6.099999904632568
4116481,6.8500001430511475
4117274,6.0
4117296,6.449999809265137
4117302,7.800000190734863
4118060,5.299999918256487
4120583,6.099999904632568
4126925,6.0
4130238,7.599999904632568
4132395,7.599999904632568
4132407,7.650000095367432
4133814,7.314285823277065
4133988,6.274999976158142
4134631,5.7727272727272725
4135434,5.699999809265137
4135710,5.4666666984558105
4136036,7.0
4139833,6.350000023841858
4151110,7.200000047683716
4154632,5.400000095367432
4154669,6.0
4160524,7.9666666984558105
4160540,7.3999998569488525
4164444,7.550000071525574
4168733,8.100000381469727
4173583,3.9000000953674316
4174181,7.199999809265137
4176542,6.839999961853027
4179012,7.150000095367432
4180445,7.699999809265137
4185834,7.0
4190211,6.599999904632568
4191644,7.8500001430511475
4195568,6.099999904632568
4202204,5.96666685740153
4202302,7.633333524068196
4202982,7.9999996821085615
4202983,7.650000095367432
4206357,8.299999872843424
4206436,7.866666793823242
4206477,7.199999809265137
4212172,6.549999952316284
4215790,7.033333460489909
4218768,6.700000047683716
4221462,6.400000095367432
4230918,8.5
4237863,4.924999952316284
4237879,4.933333237965901
4246125,7.799999952316284
4249355,8.199999809265137
4267948,7.349999904632568
4268598,8.699999809265137
4271894,6.787500023841858
4280770,7.800000190734863
4281535,6.800000190734863
4282653,6.0
4284085,7.200000127156575
4286017,7.8666666348775225
4290704,7.6249998807907104
4290915,7.200000127156575
4291272,6.5
4291275,7.699999809265137
4301043,6.799999952316284
4301056,6.75
4301181,6.774999976158142
4301224,7.300000190734863
4301285,6.700000047683716
4301659,6.5
4301662,6.099999904632568
4304212,6.900000095367432
4305436,6.700000081743513
4312232,6.024999896685282
4312428,6.300000190734863
4313109,7.400000095367432
4313160,8.0
4319218,7.524999976158142
4319445,7.099999904632568
4320237,6.733333428700765
4323732,4.8666666348775225
4326412,7.150000095367432
4328442,5.800000190734863
4328443,8.5
4706257,7.099999904632568
4707230,5.900000095367432
4707585,3.9000000953674316
4707596,5.014285717691694
4707935,6.666666666666667
4709671,7.514285700661795
4709904,7.099999904632568
4711343,7.099999904632568
4718369,7.200000127156575
4723944,6.6833334763844805
4724373,6.299999952316284
4724739,6.312500059604645
4727460,6.650000095367432
4727962,6.599999904632568
4735944,5.9666666984558105
4739952,8.399999618530273
4746257,7.425000190734863
4767216,7.199999809265137
4798707,8.600000381469727
4804209,8.066666762034098
4807924,6.8666666348775225
4811807,7.150000095367432
4811813,6.8666666348775225
4812830,8.133333206176758
4816602,6.400000095367432
4817018,6.150000095367432
4817901,7.900000095367432
4821046,6.458333452542623
4822848,5.700000047683716
4824512,8.066666603088379
4826409,8.199999809265137
4826419,8.200000047683716
4826765,5.199999809265137
4830236,6.837499976158142
4830478,6.300000190734863
4830500,7.433333396911621
4832288,8.760000038146973
4838667,8.0
4840388,5.918181683077957
4843480,8.699999809265137
4843641,4.166666666666667
4844731,6.671428544180734
4844903,6.900000095367432
4845414,5.599999904632568
4847665,8.300000190734863
4848115,8.899999618530273
4849728,6.950000047683716
4858775,6.099999904632568
4861395,8.066666762034098
4861408,7.75
4864908,7.200000047683716
4873490,4.924999952316284
4876722,6.1499998569488525
4881607,6.700000081743513
4883300,7.200000286102295
4883425,7.375
4885994,7.549999952316284
4885998,7.800000190734863
4887437,6.549999833106995
4889554,7.0333333015441895
4894074,3.299999952316284
4894075,5.699999809265137
4896263,5.8
4896303,8.099999904632568
4896304,6.5333333015441895
4896305,6.475000023841858
4896894,7.900000095367432
4901335,5.75
4901684,7.5
4901698,8.133333365122477
4903613,7.449999809265137
4904026,7.5
4906427,5.166666825612386
4907844,7.925000309944153
4910200,6.5
4911596,5.900000095367432
4913185,7.800000071525574
4913200,6.274999976158142
4913222,4.083333333333333
4914468,7.675000190734863
4914656,7.800000190734863
4915122,5.599999904632568
4915854,6.5
4915857,7.717500174045563
4917698,5.971428530556815
4917726,8.066666603088379
4919019,4.699999809265137
4920389,7.866666793823242
4920528,7.400000095367432
4922850,3.0999999046325684
4924142,6.650000095367432
4924694,7.199999809265137
4924799,7.2749998569488525
4926002,5.299999952316284
4927336,7.400000095367432
4930393,6.299999952316284
4934987,8.199999809265137
4934988,7.800000190734863
4935011,7.450000047683716
4935242,8.08000020980835
4936770,3.700000047683716
4942776,7.53333314259847
4942778,4.6000001430511475
4942779,5.0
4943938,5.300000190734863
4960204,5.800000190734863
5028328,8.600000381469727
5028536,6.833333333333333
5040981,7.699999809265137
5041486,7.699999809265137
5041518,7.300000190734863
5044737,7.700000127156575
5044739,4.600000063578288
5045678,6.900000095367432
5149279,7.550000071525574
5150245,6.450000047683716
5151357,7.875000238418579
5152333,6.5
5153144,5.900000095367432
5153254,7.5
5153329,7.314285687037876
5153875,8.399999618530273
5154496,6.099999904632568
5154799,7.158333500226339
5155038,7.733333269755046
5155169,8.5
5156137,6.6000001430511475
5156574,8.199999809265137
5157137,7.574999809265137
5157533,7.699999809265137
5158364,5.800000190734863
5159993,6.800000190734863
5170652,8.433333396911621
5183361,7.699999809265137
5194471,5.466666539510091
5208150,9.100000381469727
5240540,5.900000095367432
5244092,5.800000031789144
5247058,7.199999809265137
5250341,5.5
5250583,6.024999896685282
5256418,4.933333237965901
5258017,8.899999618530273
5262338,8.0
5262339,8.25
5265135,8.0
5265182,9.0
5265471,7.8500001430511475
5267375,4.0
5279575,6.900000105301539
5279593,7.599999904632568
5282434,6.599999904632568
5282464,4.900000095367432
5285669,5.9142857279096335
5286821,7.799999952316284
5290729,5.399999916553497
5294324,5.9142857279096335
5294326,7.5
5294432,6.5
5295610,7.0
5298995,7.300000190734863
5300054,7.699999809265137
5308199,8.5
5308265,6.274999896685282
5313246,6.800000190734863
5316733,6.380000019073487
5317291,5.425000071525574
5317308,6.099999904632568
5318665,6.358333349227905
5318669,7.900000095367432
5319835,6.8749998807907104
5320233,6.566666762034098
5322596,8.899999618530273
5323683,7.6000001430511475
5323881,7.7399999618530275
5323957,7.349999904632568
5323968,7.0333333015441895
5324813,5.199999809265137
5326539,6.8500001430511475
5327071,6.200000047683716
5327156,8.100000381469727
5327189,8.800000190734863
5327201,5.799999952316284
5327216,6.824999928474426
5327224,7.8500001430511475
5327268,7.950000047683716
5327459,7.945000100135803
5327463,5.950000047683716
5327474,6.699999809265137
5327655,6.25
5330387,6.699999809265137
5344178,6.349999845027924
5346468,7.699999809265137
5350027,6.7
5355187,5.199999809265137
5360033,6.849999904632568
5360889,8.5
5360890,7.75
5361544,7.950000286102295
5364905,3.0
5364952,7.274999976158142
5364967,6.300000190734863
5364978,6.599999904632568
5364987,3.4000000953674316
5365963,6.0
5366672,7.400000095367432
5366708,5.5
5374152,6.549999952316284
5374383,7.349999904632568
5380919,7.800000190734863
5382887,4.699999809265137
5386987,7.766666730244954
5387015,7.899999936421712
5387021,6.6499998569488525
5387025,7.900000095367432
5387041,8.162500143051147
5403927,8.5
5407085,6.8500001430511475
5413813,6.800000190734863
5422105,6.458333452542623
5436043,6.8999998569488525
5446197,7.2399999618530275
5501708,5.983333428700765
5501711,6.800000190734863
5502697,7.599999904632568
5908473,7.0
5908477,5.820000076293946
5908478,9.0
5910040,7.450000047683716
5912992,8.500000158945719
5915794,6.599999904632568
5919333,6.9666666984558105
5919538,7.699999809265137
5940763,6.900000095367432
5948606,8.100000381469727
5954497,6.800000190734863
5959696,7.0
5964718,7.899999936421712
5967821,6.299999952316284
5968334,8.100000381469727
5968450,4.199999928474426
5972036,7.400000095367432
5975197,4.299999952316284
5977478,7.5
5977835,7.50000015894572
5977836,7.314285823277065
5985871,5.849999904632568
5985888,7.950000286102295
5989818,9.066666603088379
5993138,3.700000047683716
5993155,7.599999904632568
5993185,7.199999809265137
5996409,8.08000020980835
5996799,6.099999904632568
5996800,5.599999904632568
5996801,6.5333333015441895
5997157,7.433333555857341
6001229,6.800000190734863
6006087,7.766666889190674
6007281,6.457142898014614
6010171,8.300000190734863
6011805,6.787500023841858
6011806,6.839999961853027
6019180,7.650000095367432
6021916,6.799999952316284
6021917,6.900000095367432
6030607,7.3666666348775225
6037517,6.833333492279053
6037977,5.300000190734863
6038071,6.5
6039412,6.599999904632568
6040982,6.1333333651224775
6041191,6.458333452542623
6041199,5.300000190734863
6041200,7.099999904632568
6041221,6.75
6041222,7.549999952316284
6053347,7.200000286102295
6053679,7.150000095367432
6053731,5.75
6057942,8.200000047683716
6060652,7.400000095367432
6061437,5.800000190734863
6068516,4.083333333333333
6070226,7.300000190734863
6078003,7.300000190734863
6080698,8.5
6080748,3.299999952316284
6080756,6.599999904632568
6080772,5.299999952316284
6080775,7.280000019073486
6080840,8.0
6082518,7.425000071525574
6083109,6.450000047683716
6094971,7.266666571299235
6096710,7.900000095367432
6097775,7.499999761581421
6101716,7.199999809265137
6101728,7.900000095367432
6104783,5.900000095367432
6110546,7.024999976158142
6110568,7.314285687037876
6118718,7.314285687037876
6121141,6.900000095367432
6123978,6.837499976158142
6124012,5.5833332141240435
6126441,6.699999809265137
6126442,7.433333396911621
6126445,6.700000047683716
6128003,7.524999976158142
6128025,5.900000095367432
6129462,8.399999618530273
6129701,6.671428544180734
6146955,8.699999809265137
6147308,3.5999999046325684
6221409,4.600000063578288
6307447,8.275000095367432
6307506,7.400000095367432
6311303,6.924999833106995
6311983,6.0
6313765,9.0
6383498,6.799999952316284
6383536,6.199999809265137
6386345,6.700000081743513
6386983,5.599999904632568
6390823,8.12500011920929
6390825,7.166666666666667
6390832,7.450000047683716
6393127,8.100000023841858
6396294,8.06666644414266
6402119,8.0
6402464,7.766666730244954
6424025,6.900000095367432
6424132,7.0
6424135,7.099999904632568
6424814,7.199999968210856
6425116,7.533333460489909
6425147,7.2833333015441895
6428132,6.400000095367432
6430835,7.700000047683716
6430838,5.400000095367432
6433906,7.300000190734863
6435936,5.900000095367432
6436763,4.099999904632568
6511042,8.199999809265137
6514105,4.933333237965901
6515363,5.9142857279096335
6517421,6.8999998569488525
6518638,8.81666628519694
6519514,4.599999904632568
6519585,3.675000011920929
6521506,7.900000095367432
6527269,5.900000095367432
6527291,5.6499998569488525
6529885,5.599999904632568
6531219,7.5333333015441895
6532822,6.459999847412109
6533054,6.550000071525574
6534248,8.666666666666666
6535907,7.099999904632568
6536180,8.199999809265137
6537486,7.949999928474426
6537500,7.8666666348775225
6538590,7.525000095367432
6538697,7.400000095367432
6538807,6.800000190734863
6538866,7.575000166893005
6539385,6.950000047683716
6549903,7.900000095367432
6557030,6.699999809265137
6558262,6.650000095367432
6558801,6.860000133514404
6560058,7.150000095367432
6560928,6.699999809265137
6601382,7.299999952316284
6710798,6.900000095367432
6714084,6.599999904632568
6714088,5.0
6714930,5.5
6717575,6.283333381017049
6721670,8.066666762034098
6722879,8.399999618530273
6724955,7.599999904632568
6727307,7.099999904632568
6730004,7.333333333333333
6731985,7.099999904632568
6736369,7.900000254313151
6738735,6.450000047683716
6738760,4.780000066757202
6745433,7.900000095367432
6753166,8.199999809265137
6759229,4.8666666348775225
6771529,7.849999904632568
6778650,5.014285717691694
6780857,5.849999904632568
6781967,5.7727272727272725
6781971,5.533333460489909
6782006,4.400000095367432
6783744,7.066666603088379
6786002,8.75
6788265,5.700000047683716
6788517,6.299999952316284
6791750,8.100000381469727
6795226,6.849999904632568
6796158,5.099999904632568
6799191,6.7
6803494,7.325000047683716
6814906,8.199999809265137
6814992,7.800000190734863
6814999,7.900000095367432
6827727,7.4750001430511475
6828823,6.0
6829665,7.800000190734863
6833841,6.300000190734863
6835009,6.5
6837235,6.866666793823242
6839145,7.200000047683716
6844861,8.800000190734863
6844868,8.0
6845529,7.599999904632568
6845667,7.7000000953674315
6846495,9.199999809265137
6846893,6.8500001430511475
6850547,8.600000381469727
6855849,3.299999952316284
6860160,8.433333396911621
6861618,6.099999904632568
6864262,7.0
6866928,6.1499998569488525
6869395,6.700000081743513
6869412,8.0
6869414,7.299999952316284
6869783,6.5
6870362,9.300000190734863
6870493,6.599999904632568
6870692,5.464285722800664
6872244,7.75
6872273,6.312500059604645
6872936,7.280000019073486
6873042,7.533333460489909
6873085,5.900000095367432
6873143,6.824999928474426
6873657,7.199999809265137
6873736,7.199999809265137
6873905,7.699999809265137
6874137,6.799999952316284
6874140,6.799999872843425
6874365,6.099999904632568
6874403,8.400000095367432
6874441,5.900000095367432
6874456,6.550000071525574
6874460,8.199999809265137
6874741,7.599999904632568
6875263,6.9666666984558105
6875265,5.900000095367432
6875647,6.5
6875863,7.400000095367432
6877524,7.5
6878446,6.299999872843425
6879185,7.75
6880497,8.5
6886518,7.599999904632568
6886525,8.03333330154419
6887029,8.300000190734863
6889533,7.699999809265137
6890469,5.549999952316284
6890730,6.933333237965901
6890746,4.599999904632568
6895950,7.650000095367432
6900094,5.599999904632568
6902345,5.0333333015441895
6902735,6.837499976158142
6905169,7.274999976158142
6946772,4.549999952316284
6946773,4.800000190734863
6957273,3.799999952316284
6957293,7.400000095367432
6959177,7.0
6960858,7.899999936421712
6965615,6.5
6966617,6.899999936421712
6970906,7.599999904632568
6971315,6.744444529215495
6972876,6.400000095367432
6973370,6.350000023841858
6973376,6.5
6973460,5.299999952316284
6981146,6.549999952316284
6981153,8.300000071525574
6982558,7.200000047683716
6984051,6.885714292526245
6984061,4.657142835003989
6984064,4.599999904632568
6985803,8.5
6985810,7.933333396911621
6985986,8.5
6989758,7.599999904632568
6991110,5.700000047683716
7003297,3.5999999046325684
7015798,9.100000381469727
7046723,7.25
7047323,7.633333524068196
7051294,6.199999809265137
7051357,8.133333206176758
7051805,6.6499998569488525
7051830,7.039999961853027
7051900,7.280000019073486
7052383,6.5
7052437,5.5
7052636,7.299999872843425
7053288,7.575000047683716
7053723,6.699999809265137
7054604,6.580000019073486
7056414,7.019999980926514
7059561,7.7833333015441895
7059671,8.399999618530273
7062227,6.400000095367432
7062596,6.800000190734863
7064681,7.6333333651224775
7065120,8.100000381469727
7065154,7.300000071525574
7065161,7.099999904632568
7065211,7.1333333651224775
7065238,7.1499998569488525
7065334,8.100000381469727
7065417,7.300000190734863
7152895,7.6000001430511475
7152908,7.800000190734863
7154408,7.099999904632568
7155005,7.549999952316284
7155083,6.899999936421712
7161698,6.860000038146973
7175256,6.349999845027924
7564989,7.533333460489909
7916027,7.199999809265137
10001432,8.0
10047547,6.550000071525574
10342838,6.460000038146973
10344754,6.312500059604645
10355329,8.300000190734863
10355625,7.900000095367432
10416189,6.699999809265137
10430817,7.300000190734863
10432181,6.699999809265137
10432910,7.1000001430511475
10432911,7.599999904632568
10437779,7.700000047683716
10438426,7.375
10438581,7.450000047683716
10438585,7.25
10439235,6.8500001430511475
10439358,6.299999872843425
10439805,6.5
10439912,8.5
10440076,5.900000095367432
10440138,7.699999809265137
10442182,6.699999809265137
10446625,6.5
10450409,8.100000023841858
10450713,6.800000190734863
10453730,4.900000095367432
10453731,7.699999809265137
10455077,6.8999998569488525
10455078,8.199999809265137
10456963,5.9142857279096335
10459051,7.900000095367432
10460153,6.599999904632568
10460270,6.149999976158142
10461368,5.5
10462705,6.860000133514404
10463953,7.733333269755046
10465148,7.199999809265137
10466836,6.199999809265137
10467125,7.633333524068196
10467774,8.399999618530273
10468424,7.1000001430511475
10477734,4.099999904632568
10480973,7.299999952316284
10482421,5.900000095367432
10484041,8.050000071525574
10484601,7.049999952316284
10485481,7.0
10485526,7.900000095367432
10485647,7.699999809265137
10487226,6.660000038146973
10487568,6.666666666666667
10491649,7.300000190734863
10508874,5.900000095367432
10508876,7.5
10508878,6.400000095367432
10508901,5.550000190734863
10512661,8.08000020980835
10521893,7.800000190734863
10526498,5.900000095367432
10527288,4.900000095367432
10533913,8.699999809265137
10535562,7.849999904632568
10535568,8.399999618530273
10536969,7.099999904632568
10537853,8.066666762034098
10537891,7.0
10539139,4.5
10540066,5.014285717691694
10543906,8.600000381469727
10545939,7.50000015894572
10546436,7.5
10546747,7.299999952316284
10548265,6.900000095367432
10549223,4.399999936421712
10549480,7.599999904632568
10558252,5.8999998569488525
10558447,8.0
10562402,7.800000190734863
10562987,6.699999809265137
10563107,5.5
10563779,7.599999904632568
10564052,5.799999952316284
10567087,5.099999904632568
10567506,5.099999904632568
10568385,7.5
10569133,3.450000047683716
10569151,8.200000286102295
10571509,8.760000038146973
10573438,6.099999904632568
10573499,6.900000015894572
10573695,5.599999904632568
10574468,6.960000038146973
10574622,6.966666539510091
10576419,7.524999976158142
10577869,8.650000095367432
10581908,6.5
10583863,3.5
10586620,7.400000095367432
10590080,7.400000095367432
10594965,7.900000095367432
10598440,7.019999980926514
10600271,6.099999904632568
10600877,6.924999952316284
10604087,5.75
10604486,4.699999809265137
10604892,5.5833332141240435
10604893,5.5833332141240435
10605440,7.0
10605978,6.787500023841858
10606003,7.314285687037876
10608242,8.066666762034098
10617158,8.100000381469727
10617168,5.299999918256487
10726941,6.458333452542623
10727641,7.400000254313151
10733376,6.766666571299235
10733558,6.849999904632568
10735399,7.166666666666667
10741220,7.0
10741643,7.949999809265137
10741834,7.849999904632568
10741865,5.699999809265137
10741871,9.300000190734863
10743974,7.2399999618530275
10744165,7.199999809265137
10745208,7.800000071525574
10745399,7.599999904632568
10745405,6.8500001430511475
10746175,6.8666666348775225
10746430,7.299999952316284
10747855,6.400000095367432
10748092,6.900000095367432
10748226,8.650000095367432
10748492,6.550000190734863
10749958,7.450000047683716
10754780,8.100000381469727
10755367,8.899999618530273
10755697,5.699999809265137
10756499,5.75
10756517,7.349999904632568
10756537,8.275000095367432
10756728,3.200000047683716
10757577,8.449999809265137
10757580,7.5
10758223,5.0
10759740,6.0333333015441895
10759926,4.166666666666667
10760030,7.474999904632568
10762817,8.199999809265137
10763157,5.399999879655384
10763164,5.6800000190734865
10763928,8.350000143051147
10764850,6.400000095367432
10765742,7.899999936421712
10766459,7.1333333651224775
10767523,7.900000095367432
10772258,8.5
10773239,8.300000190734863
10774066,6.824999928474426
10774184,7.2399999618530275
10774666,6.599999904632568
10774980,5.300000190734863
10777687,8.899999618530273
10777780,6.380000019073487
10777783,6.400000095367432
10785529,6.549999952316284
10785530,6.549999952316284
10788846,6.0
10791575,5.599999904632568
10792320,6.400000095367432
10792322,6.900000095367432
10792650,7.4750001430511475
10793610,7.4
10794042,5.7727272727272725
10796578,7.385714258466448
10806395,7.650000095367432
10807909,6.5333333015441895
10807916,3.799999952316284
10808442,7.7399999618530275
10810336,6.691666674613953
10810745,6.599999904632568
10827341,7.6000001430511475
10829828,8.199999809265137
10831445,8.199999809265137
10831449,5.1333333651224775
10833923,4.924999952316284
10833924,6.699999809265137
10833971,6.400000095367432
10851241,6.900000095367432
10864706,7.150000095367432
10864754,7.849999904632568
10877413,8.066666603088379
11026735,8.12499988079071
11443314,7.766666730244954
11443316,7.599999904632568
11443807,8.174999952316284
11443810,8.174999952316284
11499033,7.300000031789144
11500954,7.800000190734863
11501396,7.699999809265137
11502154,8.399999618530273
11502889,6.800000190734863
11502912,6.300000190734863
11502973,7.1333333651224775
11503382,7.199999809265137
11505245,6.400000095367432
11510612,6.324999928474426
11510624,5.449999928474426
11520649,7.800000190734863
11523504,5.950000047683716
11524967,7.225000023841858
11525673,8.5
11526817,6.299999952316284
11527491,6.800000190734863
11528256,7.450000047683716
11529526,7.53333314259847
11534824,6.149999976158142
11540651,7.300000190734863
11541282,5.800000190734863
11577177,7.119999980926513
11580479,7.0333333015441895
11584016,6.9666666984558105
11584019,8.350000143051147
11584024,8.133333365122477
11584309,8.099999904632568
11589036,7.7749998569488525
11594900,7.300000190734863
11595220,4.5
11598669,7.666666825612386
11598977,6.283333381017049
11599151,5.900000095367432
11599168,7.099999904632568
11600078,8.199999809265137
11601131,6.400000095367432
11606327,7.400000095367432
11606328,8.399999936421713
11610281,7.0
11610450,6.400000095367432
11610693,3.299999952316284
11611021,7.599999904632568
11611136,7.333333333333333
11614470,7.300000190734863
11614603,4.699999809265137
11615927,9.300000190734863
11618146,5.9142857279096335
11620560,7.333333333333333
11624706,7.437500139077505
11625097,4.59047619217918
11625312,5.300000190734863
11625731,5.099999904632568
11627068,8.066666762034098
11627124,7.0
11632599,5.0
11776289,6.312500059604645
11803087,7.4
11810348,7.7499998807907104
16475702,5.200000047683716
19899663,6.5
19899707,8.066666603088379
19899718,6.300000190734863
19902983,7.150000095367432
19929592,7.300000190734863
19944106,6.49999984105428
19955789,9.100000381469727
19955828,7.800000071525574
19955955,8.600000381469727
19957083,6.8666666348775225
19961072,6.900000095367432
19962556,7.5
19962575,3.5
19967839,5.599999904632568
19967840,7.900000095367432
19971593,6.099999904632568
19971676,6.299999952316284
19973312,8.100000381469727
19973780,7.6499998569488525
19973815,5.800000190734863
19975328,7.400000095367432
19976058,8.699999809265137
19976774,7.3666666348775225
20020577,7.375
20254219,5.550000190734863
20256636,8.5
20257326,7.449999809265137
20266418,5.800000190734863
20266428,7.4750001430511475
20266598,7.9750001430511475
20266753,5.971428530556815
20274039,6.457142898014614
20274105,7.2749998569488525
20276520,7.199999809265137
20277433,7.033333460489909
20277632,6.833333333333333
20278505,7.233333428700765
20278801,6.199999809265137
20278806,6.400000095367432
20283482,7.800000190734863
20326665,7.166666666666667
20376577,4.600000047683716
20378794,5.6000001430511475
20378811,5.549999952316284
20388198,4.950000047683716
20388223,7.314285823277065
20388224,7.3749998807907104
20388674,7.400000095367432
20390013,6.0
20418685,6.900000095367432
20426995,7.2833333015441895
20435622,5.5
20436812,7.5
20438548,7.800000190734863
20438962,7.950000047683716
20438964,8.383333524068195
20440456,7.199999809265137
20443013,6.049999952316284
20444530,6.049999952316284
20444892,7.199999809265137
20451112,5.699999809265137
20451290,4.699999809265137
20451307,7.6000001430511475
20452308,4.933333237965901
20470074,7.799999952316284
20470260,7.75
20471829,5.400000095367432
20471852,6.459999847412109
20472818,3.649999976158142
20472857,4.6499998569488525
20483435,4.5
20490940,7.599999904632568
20491393,8.460000133514404
20491678,6.860000038146973
20494548,7.300000190734863
20495023,9.02500033378601
20497559,4.199999809265137
20497905,7.514285700661795
20501030,6.675000071525574
20505982,6.933333237965901
20507274,7.800000190734863
20512940,7.099999904632568
20513059,4.780000066757202
20513060,3.299999952316284
20513061,4.933333237965901
20514871,7.199999809265137
20514902,7.700000127156575
20514947,7.549999952316284
20515018,3.450000047683716
20515070,7.333333333333333
20515071,6.599999904632568
20515977,7.314285823277065
20521014,8.0
20645052,7.8500001430511475
20645098,8.300000190734863
21263666,7.514285700661795
21264218,6.400000095367432
21264285,5.0
21264315,6.149999976158142
21267670,7.199999809265137
21318488,8.299999872843424
21319204,5.5
21319853,7.700000047683716
21320278,7.099999904632568
21323275,7.266666730244954
21323277,7.300000190734863
21324900,8.08000020980835
21327493,7.433333237965901
21327494,6.199999809265137
21327512,4.925000071525574
21327518,4.300000190734863
21328095,6.099999904632568
21332518,8.200000127156576
21332535,7.400000095367432
21334420,6.8666666348775225
21339392,7.800000190734863
21340202,6.400000095367432
21340764,3.5999999046325684
21345845,7.9666666984558105
21349048,6.099999904632568
21349301,6.599999904632568
21349345,6.066666762034099
21349734,7.119999980926513
21350556,6.274999976158142
21350559,7.800000190734863
21350962,6.099999904632568
21352814,7.200000047683716
21354138,6.099999904632568
21354767,7.7399999618530275
21355933,6.199999809265137
21356379,8.800000190734863
21357362,5.300000190734863
21359619,6.312500059604645
21359690,7.137499988079071
21360417,8.800000190734863
21372183,3.200000047683716
21423616,7.900000095367432
21441132,6.533333460489909
21765841,6.380000019073487
21766698,6.599999904632568
21770915,8.150000095367432
21815004,7.949999928474426
21817627,7.3300000667572025
21871405,7.449999809265137
21937434,7.0
21937438,8.199999809265137
21937445,8.699999809265137
21937449,6.800000190734863
21937450,8.5
21937452,8.099999904632568
21941106,5.900000095367432
21941770,5.099999904632568
21941804,7.450000047683716
21943062,5.312499821186066
21977761,7.019999980926514
22011074,7.024999976158142
22203896,6.666666666666667
22232939,6.650000095367432
22263645,7.550000071525574
22265299,6.9666666984558105
22265634,7.399999936421712
22265687,7.166666666666667
22266012,6.0
22266126,7.0
22266320,7.450000166893005
22266898,6.6499998569488525
22276795,6.900000095367432
22297118,9.100000381469727
22557335,4.59047619217918
22604659,6.599999904632568
22637441,7.450000047683716
22715021,7.900000095367432
22733673,7.900000095367432
22759660,6.055555661519368
22759752,6.005555417802598
22939161,7.8666666348775225
22992794,8.399999618530273
22994672,7.199999809265137
23010202,6.837499976158142
23011206,6.700000047683716
23025359,6.8500001430511475
23043659,7.800000190734863
23126901,4.199999809265137
23163938,5.900000095367432
23331914,6.933333396911621
23398777,6.1499998569488525
23424586,7.0333333015441895
23712558,6.650000095367432
23712710,7.099999904632568
23761370,7.900000095367432
23767433,5.599999904632568
23774748,6.25
23774869,6.650000095367432
23788440,5.425000071525574
24284209,8.0
24284844,7.450000047683716
24298212,7.699999809265137
24298333,6.0333333015441895
24307625,6.599999904632568
24307637,6.6499998569488525
24325493,5.800000190734863
24325794,7.599999904632568
24325798,7.400000095367432
24325815,6.299999952316284
24325861,8.199999809265137
24325923,8.199999809265137
24372055,6.199999809265137
24389792,6.8500001430511475
24397586,8.399999618530273
24404677,7.1333333651224775
24405378,7.833333174387614
24470523,7.524999976158142
24522026,7.800000190734863
24522915,6.049999952316284
24523680,6.299999952316284
24529254,6.660000038146973
24529353,5.100000063578288
24530628,4.8833333651224775
24695277,6.5
24695966,7.199999809265137
24696717,6.149999976158142
24697552,7.699999809265137
24698878,7.2399999618530275
24699556,6.150000095367432
24702267,6.5
24702626,6.699999809265137
24706561,7.550000190734863
24713882,6.199999968210856
24716033,6.450000047683716
24716039,6.6499998569488525
24716045,7.933333396911621
24718797,6.5
24719063,8.066666603088379
24719134,7.099999904632568
24721493,4.600000047683716
24722875,7.099999904632568
24723061,8.311110814412435
24735062,6.0333333015441895
24736299,5.599999904632568
24736526,6.700000081743513
24736566,6.799999872843425
24739179,6.599999904632568
24741412,7.866666952768962
24743709,4.300000190734863
24743711,6.8749998807907104
24743712,5.799999952316284
24743728,4.800000190734863
24745500,7.3999998569488525
24746974,6.400000095367432
24748605,8.460000133514404
24750126,8.800000190734863
24750460,5.800000190734863
24750534,6.625
24751754,5.449999928474426
24751756,6.839999961853027
24751757,4.599999904632568
24751763,7.699999809265137
24751765,5.5
24751811,9.46666685740153
24753477,7.549999952316284
24753685,8.399999618530273
24753687,6.5
24753810,7.0
24753811,7.285416613022486
24754783,7.25
24756472,6.800000190734863
24756658,6.900000095367432
24758396,4.8500001430511475
24773958,8.12500011920929
24815502,7.099999904632568
24815950,6.900000095367432
24827387,5.820000076293946
24827406,5.96666685740153
24839091,6.900000095367432
24839498,7.099999904632568
24842277,7.400000095367432
24843198,6.733333428700765
24843623,6.599999904632568
24844958,7.450000286102295
24845115,6.860000133514404
24847340,4.600000047683716
24847343,4.600000047683716
24851526,5.599999904632568
24852545,3.200000047683716
24854896,6.8999998569488525
24859034,4.399999936421712
24859558,7.433333396911621
24860289,8.399999618530273
24860318,7.325000047683716
24860563,7.900000095367432
24869803,8.399999618530273
24872023,5.400000095367432
24872861,6.566666603088379
24872943,6.699999809265137
24873473,4.599999904632568
24874401,7.7399999618530275
24875409,7.166666666666667
24875534,8.399999618530273
24875658,6.0
24877015,7.300000190734863
24877502,6.699999809265137
24879770,7.300000031789144
24879820,8.500000158945719
24879839,6.7
24879858,5.199999968210856
24882562,9.46666685740153
24883815,7.099999904632568
24885205,7.666666825612386
24888079,4.5
24891524,8.399999618530273
24910035,6.75
24987018,6.933333237965901
25300674,4.933333237965901
25444447,6.450000047683716
25662327,7.199999809265137
25662329,8.872222158643934
25662337,6.774999976158142
25662591,5.5
25697098,7.900000095367432
25700838,6.150000095367432
25702678,8.800000190734863
25703626,8.999999761581421
25704492,6.550000071525574
25704588,7.066666762034099
25705349,6.699999809265137
25705507,8.399999618530273
25706773,7.699999809265137
25706778,4.199999928474426
25709273,6.0
25710912,6.966666539510091
25711544,9.100000381469727
25713336,5.900000095367432
25713408,4.700000047683716
25713420,4.733333508173624
25715111,3.399999976158142
25716096,8.066666603088379
25717233,7.280000019073486
25717817,7.300000190734863
25717896,6.700000047683716
25718082,7.699999809265137
25722131,5.900000095367432
25722262,7.5333333015441895
25723583,6.566666762034099
25723907,5.849999904632568
25724855,8.350000143051147
25725759,7.400000095367432
25726614,7.639999961853027
25727048,7.0333333015441895
25727544,4.300000190734863
25728008,6.400000095367432
25728010,7.599999904632568
25728590,4.6499998569488525
25728612,7.800000190734863
25731554,7.400000095367432
25731805,7.599999904632568
25736048,9.066666603088379
25736564,7.5
25738406,8.300000190734863
25739362,7.900000254313151
25742242,6.566666603088379
25742299,5.900000095367432
25745752,5.950000047683716
25746375,6.274999976158142
25746519,4.400000095367432
25747028,7.75
25747030,7.650000095367432
25747204,6.599999904632568
25750969,8.300000190734863
25752261,6.824999928474426
25753166,6.199999809265137
25753326,7.300000031789144
25755599,8.100000381469727
25755608,7.949999928474426
25755645,6.349999845027924
25757061,6.900000095367432
25757186,6.300000190734863
25757187,7.900000095367432
25757716,5.5
25760247,7.0
25761178,7.450000047683716
25762403,6.5
25762404,6.699999809265137
25762566,7.800000190734863
25763555,6.099999904632568
25765735,7.575000166893005
25765830,5.650000095367432
25766529,7.950000047683716
25766754,7.474999904632568
25767503,7.699999809265137
25767747,7.199999809265137
25767853,7.900000095367432
25769362,7.606250047683716
25770733,5.599999904632568
25772639,7.024999976158142
25773361,7.0
25773932,8.266666412353516
25774050,7.3125
25774051,7.3125
25775073,7.0
25775571,6.299999952316284
25775579,7.688888867696126
25777330,4.780000066757202
25777512,6.149999976158142
25777636,7.2399999618530275
25777784,6.237499952316284
25777785,6.837499976158142
25778483,5.700000047683716
25778488,5.299999918256487
25779156,9.0
25779217,4.6000001430511475
25779218,5.8
25780578,7.599999904632568
25782633,6.457142898014614
25782827,6.199999809265137
25785124,7.400000095367432
25785314,5.25
25785807,7.099999904632568
25785884,6.599999904632568
25786060,7.699999809265137
25786077,6.566666762034099
25787888,8.275000095367432
25788052,6.800000190734863
25788426,7.233333428700765
25788661,7.719999980926514
25788954,7.700000047683716
25789352,5.5
25789402,6.666666666666667
25789453,6.1000001430511475
25790555,7.633333524068196
25790749,8.300000190734863
25790761,6.9666666984558105
25792649,6.099999904632568
25792690,5.875
25793398,7.862499892711639
25794212,6.840000057220459
25794230,7.900000015894571
25794302,6.840000057220459
25796222,8.5
25797778,7.275000095367432
25798131,7.3833333651224775
25798132,5.849999904632568
25798222,7.53333314259847
25798448,5.971428530556815
25798808,3.5999999046325684
25799475,7.0
25800269,6.599999904632568
25801066,6.5333333015441895
25803933,7.0
25804790,8.899999618530273
25805051,9.066666603088379
25805054,6.900000095367432
25805197,7.0333333015441895
25805741,6.933333396911621
25806698,5.199999809265137
25807345,8.5
25808075,7.25
25809101,7.600000063578288
25809260,6.5333333015441895
25809384,7.900000095367432
25809902,7.400000095367432
25811357,7.200000047683716
25812513,8.100000381469727
25812712,7.225000156296624
25812885,5.833333492279053
25813411,7.099999904632568
25814705,8.233333269755045
25814707,8.233333269755045
25815000,7.719999980926514
25815008,8.0
25815034,7.314285823277065
25815727,7.199999809265137
25816274,6.599999904632568
25817534,7.900000095367432
25817712,8.0
25818101,5.950000047683716
25818615,7.6000001430511475
25819229,7.450000047683716
25819726,6.400000095367432
25820460,8.12500011920929
25821124,6.900000095367432
25821498,8.199999809265137
25821634,7.899999936421712
25821673,8.0
25822430,8.399999618530273
25823111,7.199999809265137
25823132,7.599999904632568
25823277,4.0
25823469,6.650000095367432
25823663,8.199999809265137
25823833,5.820000076293946
25823840,7.274999976158142
25824686,6.580000019073486
25824741,5.9666666984558105
25824853,5.725000023841858
25825320,8.087499976158142
25825412,5.699999809265137
25825755,7.599999904632568
25826239,7.150000095367432
25826647,6.860000038146973
25827129,6.699999809265137
25827270,6.699999809265137
25827325,6.799999952316284
25827399,5.400000095367432
25827741,5.099999904632568
25827935,7.300000031789144
25827963,5.425000071525574
25829175,5.425000071525574
25831308,4.800000190734863
25831326,5.099999904632568
25833230,6.566666682561238
25833233,7.099999904632568
25833913,6.675000071525574
25834333,6.5
25834473,5.150000095367432
25834735,7.900000095367432
25835285,8.0
25835293,6.699999809265137
25835479,6.660000038146973
25836152,8.050000071525574
25837175,4.599999904632568
25837230,5.599999904632568
25837262,8.5
25837721,5.0333333015441895
25838216,6.699999968210856
25838463,6.099999904632568
25838942,7.766666889190674
25839662,7.800000190734863
25840396,7.099999904632568
25841341,3.799999952316284
25842038,7.514285700661795
25843022,7.699999809265137
25843976,5.950000047683716
25845294,3.5
25845397,8.399999618530273
25845413,5.800000190734863
25845586,5.300000190734863
25845910,7.049999952316284
25846857,7.766666730244954
25847558,6.8999998569488525
25849006,5.5
25849049,7.533333460489909
25849475,5.199999928474426
25849480,7.099999904632568
25850122,2.9000000953674316
25850442,7.150000095367432
25850443,7.550000071525574
25850802,7.199999809265137
25851628,6.324999928474426
25853073,6.650000095367432
25853727,7.314285823277065
25855071,8.400000095367432
25855951,8.399999618530273
25856435,8.099999904632568
25856453,4.780000066757202
25856480,6.0
25857966,4.199999809265137
25858604,8.399999618530273
25858758,5.599999904632568
25858759,5.1333333651224775
25858785,5.257142858845847
25859495,8.099999904632568
25859593,5.199999809265137
25861610,7.168055488003624
25862354,7.900000095367432
25862355,7.3500001430511475
25863940,7.6249998807907104
25864085,7.4
25864124,7.7000000953674315
25864719,6.299999952316284
25866686,4.800000190734863
25867546,7.349999904632568
25870084,6.8749998807907104
25870236,7.900000095367432
25870483,6.400000095367432
25871647,6.237499952316284
25871648,6.599999904632568
25872311,7.0
25872931,6.299999872843425
25875021,7.866666793823242
25876760,6.800000190734863
25877782,7.300000190734863
25880244,5.112499952316284
25880937,8.300000190734863
25880986,7.549999952316284
25881067,8.199999809265137
25881247,8.08000020980835
25881535,6.900000095367432
25881611,3.5
25881615,5.599999904632568
25881780,5.800000190734863
25881781,5.400000095367432
25881786,5.449999928474426
25881888,7.524999976158142
25882279,7.265625074505806
25882296,6.5333333015441895
25882861,8.399999618530273
25884416,8.5
25884712,6.599999904632568
25884801,6.8749998807907104
25885962,6.1250001192092896
25887265,7.400000095367432
25887288,7.9999996821085615
25887846,7.5
25889465,6.400000095367432
25890005,7.25
25890017,6.300000190734863
25890078,7.300000190734863
25890079,6.800000190734863
25890081,6.800000190734863
25890082,6.900000095367432
25892252,9.100000381469727
25894431,6.900000095367432
25894885,8.399999618530273
25895257,6.5
25895276,6.200000047683716
25895901,8.760000038146973
25896953,6.699999809265137
25898213,7.300000190734863
25899335,6.199999809265137
25899379,6.671428544180734
25899455,8.899999618530273
25899616,3.9000000953674316
25900819,7.049999952316284
25900851,7.066666762034099
25900945,7.0333333015441895
25900947,7.325000047683716
25901395,6.450000047683716
25902304,7.800000190734863
25905124,7.266666730244954
25905649,6.599999904632568
25905892,7.5
25907029,7.8666666348775225
25907088,5.233333216773139
25908042,4.5
25908051,7.866666793823242
25908065,5.00000007947286
25908302,4.549999952316284
25909566,7.199999809265137
25911595,6.0
25911694,4.099999904632568
25912924,6.349999904632568
25917239,7.599999904632568
25917295,7.300000190734863
25917789,6.400000095367432
25917896,4.099999904632568
25917964,7.3749998807907104
25917973,8.5
25918677,6.150000095367432
25919529,4.800000190734863
25919910,7.533333460489909
25919911,5.900000095367432
25919961,7.199999809265137
25920885,7.749999761581421
25921812,7.8500001430511475
25921830,6.300000190734863
25924056,7.039999961853027
25924935,6.237499952316284
25925764,6.699999809265137
25926267,7.699999809265137
25928048,6.800000190734863
25928069,4.6499998569488525
25928763,7.699999809265137
25929151,7.900000095367432
25932065,6.675000071525574
25932086,8.199999809265137
25933890,7.166666666666667
25934014,8.266666412353516
25934349,7.5
25934361,6.400000095367432
25934367,7.199999809265137
25936147,7.599999904632568
25937854,7.300000071525574
25937856,6.400000095367432
25937991,7.599999904632568
25938803,8.700000286102295
25941964,6.3500001430511475
25944273,7.450000047683716
25944282,6.199999809265137
25944714,6.5
25944886,7.5
25945280,5.5
25945350,5.299999918256487
25945356,4.599999904632568
25945367,3.4000000953674316
25949984,7.549999952316284
25951736,5.25
25954475,7.700000047683716
25955412,6.900000095367432
25955491,8.700000286102295
25955779,6.5
25956520,5.666666666666667
25957232,8.599999904632568
25957570,8.100000381469727
25958704,7.900000095367432
25958717,9.199999809265137
25958787,8.000000238418579
25958867,5.849999904632568
25962735,4.699999809265137
25964071,7.1499998569488525
25964104,8.53333330154419
25964630,9.100000381469727
25965950,7.099999904632568
25966045,4.699999809265137
25966085,7.5
25966091,8.450000286102295
25969201,7.599999904632568
25969461,6.950000047683716
25972494,4.466666718324026
25975249,8.133333365122477
25977027,7.900000095367432
25977029,7.800000190734863
25977198,7.9999996821085615
25977801,5.400000095367432
25978320,6.449999809265137
25980207,6.699999809265137
25980210,6.599999904632568
25980265,6.699999968210856
25980443,8.600000381469727
25981077,5.300000190734863
25983044,8.133333365122477
25984803,7.600000222524007
25986180,7.099999904632568
25986662,7.280000019073486
25995508,6.066666762034099
26000205,7.019999980926514
26004132,6.066666762034099
26005643,7.699999809265137
26011893,6.400000095367432
26020796,8.08000020980835
26020814,8.200000127156576
26021055,4.400000095367432
26022182,7.699999809265137
26035290,6.049999952316284
26050200,4.400000095367432
26051523,7.699999809265137
26061679,7.199999968210856
26061902,6.300000190734863
26087473,6.971428530556815
26088326,6.1333333651224775
26088329,7.549999952316284
26088403,7.5
26094129,6.457142898014614
26100958,8.12500011920929
26101255,6.299999952316284
26106958,7.0
26108385,6.8500001430511475
26125779,5.6800000190734865
26140241,5.900000095367432
26145033,8.0
26147417,7.639999961853027
26147706,7.400000095367432
26147991,8.300000190734863
26163480,7.0
26163541,4.699999809265137
26163644,5.387500166893005
26169607,7.200000047683716
26177147,7.800000190734863
26182910,5.0
26184109,7.950000286102295
26184352,7.599999904632568
26199888,5.599999904632568
26200549,7.633333524068196
26213252,6.900000095367432
26215216,8.199999809265137
26219652,5.700000047683716
26219893,5.549999952316284
26220650,7.400000095367432
26220717,6.580000019073486
26220722,3.9000000953674316
26220725,4.933333237965901
26220731,7.285416613022486
26220759,7.700000047683716
26235346,5.550000190734863
26235349,6.312500059604645
26235839,7.599999904632568
26236632,9.399999618530273
26242647,8.100000381469727
26245039,7.099999904632568
26245360,8.399999618530273
26253586,6.900000095367432
26253616,6.324999928474426
26253733,6.400000095367432
26257313,8.399999618530273
26258872,8.100000381469727
26259202,7.6499998569488525
26259634,3.799999952316284
26259644,6.671428544180734
26259677,7.766666730244954
26260853,6.299999952316284
26261086,6.5
26263437,5.31136370788921
26263443,6.084999918937683
26263919,5.4666666984558105
26264454,8.5
26264595,6.099999904632568
26266072,7.5
26266085,7.800000190734863
26266605,8.450000286102295
26266893,6.733333428700765
26266919,5.400000095367432
26268574,4.699999809265137
26269510,5.699999888737996
26270502,7.3999998569488525
26271094,5.800000031789144
26274810,6.800000190734863
26274910,3.4000000953674316
26274988,3.899999976158142
26275494,7.8500001430511475
26276359,7.3999998569488525
26276362,7.150000095367432
26276364,7.049999952316284
26276385,7.699999809265137
26277156,4.400000095367432
26277182,7.699999809265137
26277313,8.300000190734863
26277361,8.174999952316284
26278747,6.8999998569488525
26279120,3.700000047683716
26279128,6.849999904632568
26279166,4.800000190734863
26279202,5.300000190734863
26279353,7.049999952316284
26279449,3.399999976158142
26280528,5.8
26280709,7.400000095367432
26280710,7.6333333651224775
26281899,6.599999904632568
26282448,8.300000190734863
26282453,6.860000038146973
26284595,4.083333333333333
26284621,8.066666603088379
26284955,8.08000020980835
26284956,6.860000133514404
26285777,5.400000095367432
26287034,7.5
26287114,9.300000190734863
26287884,7.200000047683716
26289126,6.0
26289138,3.700000047683716
26289144,6.899999936421712
26290365,5.199999968210856
26290367,6.599999904632568
26290410,6.199999809265137
26290642,4.300000190734863
26291909,7.800000190734863
26295857,6.933333237965901
26296905,7.033333460489909
26297388,7.385714258466448
26298220,7.300000190734863
26298852,8.699999809265137
26299416,8.150000095367432
26301582,5.166666825612386
26302610,7.199999809265137
26303622,7.166666666666667
26304201,5.299999952316284
26304217,6.700000047683716
26304310,7.425000190734863
26304901,8.5
26306606,7.400000095367432
26306652,7.5
26306939,7.400000095367432
26307755,6.650000095367432
26307785,6.837499976158142
26309618,7.699999809265137
26309788,6.5
26309892,6.700000047683716
26309968,4.780000066757202
26309969,4.8666666348775225
26311973,6.799999872843425
26311974,2.799999952316284
26312853,8.433333396911621
26313740,6.524999976158142
26313973,6.1000001430511475
26314816,7.25
26315270,5.800000190734863
26315728,7.199999809265137
26316956,4.166666666666667
26317786,6.800000190734863
26318596,8.066666762034098
26320029,6.324999928474426
26322637,6.149999976158142
26322792,6.960000038146973
26322801,7.0
26322809,5.300000190734863
26322928,7.5
26322972,6.600000023841858
26323026,3.700000047683716
26323031,5.5
26323782,5.366666793823242
26324232,8.0
26325320,8.699999809265137
26326395,6.837499976158142
26326703,7.300000190734863
26328483,6.5333333015441895
26329059,7.400000095367432
26329796,7.3500001430511475
26330955,7.035416613022486
26331700,2.799999952316284
26331839,5.300000190734863
26333560,7.699999968210856
26334234,8.375000238418579
26334559,5.037142830235617
26334996,8.300000190734863
26335560,6.8999998569488525
26335586,6.299999952316284
26336252,7.400000254313151
26336253,6.6000001430511475
26336316,5.5
26336727,8.899999618530273
26337355,7.199999809265137
26337866,7.333333333333333
26339213,6.8999998569488525
26339228,6.900000095367432
26340301,7.5
26340302,6.5
26340323,6.8833332379659025
26340419,7.900000095367432
26340522,7.524999976158142
26341049,7.5
26341137,6.75
26341750,6.049999952316284
26342011,7.599999904632568
26345736,4.349999904632568
26346327,8.399999618530273
26348103,8.000000238418579
26348218,4.900000095367432
26348414,5.666666666666667
26349397,7.900000095367432
26350389,8.375000238418579
26351171,7.0
26351526,8.0
26351532,6.1000001430511475
26351812,4.933333237965901
26351867,6.599999904632568
26352440,5.800000190734863
26352445,5.875
26352462,7.400000095367432
26353372,7.400000095367432
26353862,7.024999976158142
26353874,6.8999998569488525
26353884,7.400000095367432
26353895,7.300000190734863
26354336,4.600000047683716
26354526,4.5
26354572,8.100000381469727
26356055,5.5
26356321,8.050000071525574
26356457,8.699999809265137
26356488,8.100000381469727
26356495,7.599999904632568
26356631,7.2399999618530275
26356789,8.5
26357945,7.450000166893005
26359235,7.433333396911621
26359260,9.100000381469727
26361479,5.900000095367432
26361631,7.6249998807907104
26362351,7.4750001430511475
26362764,5.0
26363201,7.333333333333333
26363212,6.800000190734863
26363254,7.0
26365022,6.099999904632568
26365236,7.633333206176758
26365631,4.599999904632568
26366465,6.200000047683716
26366496,7.433333396911621
26367579,7.699999809265137
26367602,3.5999999046325684
26369884,7.4750001430511475
26372271,7.699999809265137
26374197,8.516667048136393
26374205,7.050000011920929
26374586,6.699999809265137
26374696,6.400000095367432
26375417,7.6499998569488525
26375609,6.599999904632568
26375690,6.400000095367432
26376454,5.96666685740153
26377033,5.900000095367432
26377047,8.199999809265137
26378579,7.833333174387614
26379657,7.400000095367432
26381453,5.800000190734863
26382767,6.5
26382888,4.300000190734863
26382962,5.6499998569488525
26383904,7.199999809265137
26384292,6.300000190734863
26384493,8.399999618530273
26384515,7.1000001430511475
26384741,7.3999998569488525
26385514,7.599999904632568
26385746,5.466666539510091
26386434,6.599999904632568
26386691,6.46666685740153
26387741,5.099999904632568
26387939,8.450000047683716
26389069,5.971428530556815
26389148,8.0
26389331,7.599999904632568
26389466,6.400000095367432
26389601,7.800000190734863
26389696,3.700000047683716
26389697,5.533333460489909
26390631,8.699999809265137
26391913,6.900000095367432
26391916,7.599999904632568
26392843,5.699999809265137
26392856,7.800000190734863
26393561,8.399999618530273
26394152,7.200000047683716
26394441,4.400000095367432
26410593,7.699999809265137
26410594,7.950000047683716
26411217,6.950000047683716
26411219,7.199999809265137
26411377,7.300000190734863
26411409,5.199999928474426
26412106,7.0
26413839,6.671428544180734
26414254,7.400000095367432
26414979,8.5
26415200,4.399999936421712
26416062,7.0
26416155,2.5999999046325684
26416603,7.514285700661795
26419635,6.400000095367432
26419637,8.5
26420626,8.300000190734863
26420932,7.300000031789144
26421030,5.091666777928671
26421474,7.599999904632568
26425062,5.059999942779541
26425063,6.6833334763844805
26425068,5.682142811162131
26425072,7.50000015894572
26425075,4.599999904632568
26425088,6.1499998569488525
26425468,8.300000190734863
26426026,6.400000095367432
26426056,6.6499998569488525
26426194,6.3666666348775225
26428356,6.800000190734863
26430114,6.25
26430195,4.599999904632568
26430636,6.566666762034099
26430663,8.600000381469727
26430706,6.799999952316284
26433965,7.5
26437237,7.800000190734863
26438851,8.199999809265137
26438933,8.5
26440017,7.599999904632568
26457368,7.599999904632568
26469862,7.099999904632568
26473775,7.3999998569488525
26474112,5.599999904632568
26527937,7.599999904632568
26527993,7.433333396911621
26543037,5.300000190734863
26557880,6.699999809265137
26558052,4.900000095367432
26574965,6.300000190734863
26575103,5.849999904632568
26575145,6.350000023841858
26577354,5.300000190734863
26577938,6.199999809265137
26580232,8.066666762034098
26580936,7.450000047683716
26581206,7.75
26581710,8.0
26581837,4.924999952316284
26582438,7.599999904632568
26582661,9.449999809265137
26582787,4.5
26584087,8.199999809265137
26586432,7.449999809265137
26586671,6.849999984105429
26586766,6.450000047683716
26586806,7.599999904632568
26588308,7.066666762034099
26588314,8.000000238418579
26588644,7.385714258466448
26589957,3.8000000715255737
26591649,6.199999809265137
26591650,7.400000095367432
26591654,8.699999809265137
26593587,7.425000071525574
26594004,6.0
26594007,5.800000190734863
26594009,5.366666793823242
26594010,5.366666793823242
26594013,6.787500023841858
26595806,7.900000095367432
26596158,4.5
26596361,8.199999809265137
26596486,6.457142898014614
26598291,6.900000095367432
26599076,6.0
26599107,6.599999904632568
26600346,6.0
26600660,6.0
26600786,7.699999809265137
26602234,9.399999618530273
26602795,6.675000071525574
26602855,6.699999809265137
26602900,7.700000047683716
26602933,5.016666730244955
26603666,7.099999904632568
26604675,7.400000095367432
26605028,7.599999904632568
26605863,9.066666603088379
26605946,5.849999904632568
26605967,6.237499952316284
26606242,7.75
26606743,5.950000047683716
26607693,8.950000047683716
26607739,4.599999904632568
26607928,4.700000047683716
26607969,6.800000190734863
26608943,6.800000190734863
26609126,6.400000095367432
26610229,7.549999952316284
26610786,6.800000190734863
26611076,7.0
26611083,5.150000095367432
26611090,7.800000190734863
26611801,5.900000095367432
26611804,8.199999809265137
26611891,7.199999809265137
26612258,6.199999968210856
26612285,3.5
26614200,6.950000047683716
26614645,4.299999952316284
26614893,8.5
26615208,8.800000190734863
26615753,7.719999980926514
26616145,7.1000001430511475
26616436,8.399999618530273
26616690,6.2666668097178135
26616708,6.800000190734863
26616719,7.949999928474426
26617507,6.599999904632568
26627736,6.8999998569488525
26627746,8.600000381469727
26628282,7.549999952316284
26628329,6.699999809265137
26628352,6.800000190734863
26628357,8.899999618530273
26628380,3.8000000715255737
26628382,7.699999809265137
26630714,7.433333237965901
26630781,6.787500023841858
26630827,7.599999904632568
26633257,7.333333333333333
26634179,7.0333333015441895
26635323,6.149999976158142
26635328,6.900000095367432
26635987,7.049999952316284
26636537,7.5
26636712,7.5
26637534,5.72799994468689
26638831,6.800000190734863
26638885,7.699999809265137
26639958,6.700000081743513
26640371,8.5
26644002,4.816666682561239
26644205,6.566666603088379
26644595,7.749999761581421
26646360,7.050000190734863
26647117,8.5
26647163,8.300000190734863
26648249,6.900000095367432
26649221,7.599999904632568
26649272,6.5
26649604,6.849999904632568
26649889,6.699999968210856
26650037,6.380000019073487
26651353,4.5
26653676,8.06666644414266
26653833,7.099999904632568
26654145,7.650000095367432
26654146,5.4666666984558105
26654269,6.849999904632568
26654498,8.300000190734863
26656866,7.5
26657439,7.199999809265137
26657440,5.699999809265137
26658194,6.6499998569488525
26658568,5.699999809265137
26660834,7.750000238418579
26661189,5.599999904632568
26661191,4.925000071525574
26661194,5.5
26661229,7.199999809265137
26662168,7.549999952316284
26662192,5.014285717691694
26662193,5.449999928474426
26662345,6.599999904632568
26662798,3.649999976158142
26663084,7.633333524068196
26664423,7.199999809265137
26665435,6.5
26665875,6.400000095367432
26666947,5.0333333015441895
26667010,5.800000190734863
26667056,6.650000095367432
26667083,3.700000047683716
26668439,7.699999809265137
26668750,5.5
26670653,8.449999809265137
26673872,7.550000190734863
26673947,5.199999809265137
26677495,7.8500001430511475
26677981,6.766666571299235
26678599,6.900000095367432
26679188,7.525000095367432
26679552,7.899999936421712
26680597,5.699999809265137
26680659,7.699999809265137
26681568,5.5
26681656,6.199999809265137
26683287,6.699999809265137
26683290,7.799999952316284
26683421,7.6000001430511475
26683723,5.900000095367432
26684564,6.566666603088379
26685451,8.0
26686502,5.833333492279053
26688480,7.049999952316284
26689410,6.237499952316284
26691320,7.600000222524007
26691361,4.599999904632568
26691500,7.900000095367432
26691509,4.349999904632568
26692640,8.300000190734863
26693314,7.719999980926514
26694497,7.2749998569488525
26694988,8.760000038146973
26696639,6.960000133514404
26696871,4.6499998569488525
26696879,7.450000286102295
26698000,4.900000095367432
26698301,4.924999952316284
26698897,6.799999872843425
26700276,8.100000381469727
26703158,7.600000063578288
26704137,7.199999809265137
26704433,6.149999976158142
26704590,6.950000047683716
26704620,6.6499998569488525
26704621,6.699999809265137
26704623,6.900000095367432
26704857,7.699999809265137
26705107,5.699999809265137
26705744,8.300000190734863
26706957,7.5
26707077,5.6499998569488525
26707088,7.099999904632568
26707472,7.2833333015441895
26708876,7.599999904632568
26709258,8.199999809265137
26710108,4.599999904632568
26710657,8.600000381469727
26710940,7.5
26711092,5.400000095367432
26711487,4.933333237965901
26713424,6.049999952316284
26713504,7.75
26715617,3.5
26715618,6.837499976158142
26715636,7.700000127156575
26715845,5.5
26715965,7.0
26717012,6.900000095367432
26717467,7.300000190734863
26717795,6.699999809265137
26717811,8.0
26718282,7.385714258466448
26718799,7.349999904632568
26718803,4.300000190734863
26718828,7.333333174387614
26718836,7.700000047683716
26718838,6.700000047683716
26719781,7.75
26720627,7.400000095367432
26721478,5.9250000317891445
26721644,7.199999809265137
26722331,6.300000190734863
26723915,7.099999904632568
26724235,6.200000047683716
26724679,7.5
26724807,5.099999904632568
26725678,7.900000095367432
26726098,7.599999904632568
26726814,7.0
26727891,7.599999904632568
26728641,6.900000095367432
26728669,7.375
26729533,5.400000095367432
26729867,8.300000190734863
26729868,4.699999809265137
26730644,7.400000095367432
26731376,8.199999809265137
26732299,7.800000190734863
26732500,7.199999809265137
26735048,7.599999904632568
26736410,7.900000095367432
26738204,7.849999904632568
26739551,6.933333396911621
26740543,7.300000190734863
26741061,6.687499940395355
26742730,6.237499952316284
26743601,7.433333555857341
26744597,5.449999928474426
26746381,6.660000038146973
26746536,9.066666603088379
26746559,7.8500001430511475
26746958,3.0
26747274,5.0
26747836,5.6800000190734865
26748673,5.7727272727272725
26748688,7.800000190734863
26751899,7.1499998569488525
26751930,6.049999952316284
26751961,8.800000190734863
26752087,6.800000190734863
26752088,7.3749998807907104
26752547,5.800000190734863
26752777,8.205555438995361
26752852,7.0333333015441895
26753020,5.0
26754101,8.199999809265137
26754513,7.900000095367432
26754643,5.550000190734863
26754675,8.300000190734863
26754734,8.100000381469727
26754831,6.8500001430511475
26755037,6.4300000349680575
26755367,7.400000095367432
26755583,6.699999809265137
26756049,7.1333333651224775
26756220,7.024999976158142
26756258,7.800000190734863
26757373,6.0333333015441895
26757830,7.900000254313151
26759539,6.900000095367432
26759819,7.599999904632568
26760160,6.380000019073487
26760445,6.800000190734863
26761325,6.0
26761334,6.800000190734863
26761416,7.024999976158142
26761688,7.425000190734863
26761939,6.900000095367432
26761978,7.300000190734863
26762709,7.300000190734863
26764514,4.199999809265137
26764928,9.199999809265137
26765233,6.699999809265137
26766760,6.339999961853027
26767358,6.900000095367432
26769480,8.0
26770697,7.5
26770698,7.5
26771100,7.5
26771140,6.883333444595337
26772006,7.199999809265137
26772644,7.199999809265137
26773744,7.699999809265137
26774016,8.300000190734863
26774033,5.699999809265137
26774722,5.900000095367432
26774772,6.400000095367432
26775933,7.099999904632568
26778790,7.8500001430511475
26779288,4.599999904632568
26779337,6.599999904632568
26779555,8.50000031789144
26779571,7.599999904632568
26780534,8.100000023841858
26781663,6.900000095367432
26781703,8.399999618530273
26782004,6.75
26782656,5.300000190734863
26782713,6.5899999141693115
26785137,7.800000190734863
26785580,6.933333237965901
26785583,7.499999761581421
26785661,5.300000190734863
26785800,6.599999904632568
26786642,6.774999976158142
26786662,6.5
26786669,6.8666666348775225
26787124,4.8500001430511475
26787574,8.300000190734863
26788605,6.237499952316284
26788667,6.457142898014614
26790961,7.300000190734863
26791452,7.5333333015441895
26791465,5.599999904632568
26792576,7.099999904632568
26793157,7.0
26793385,5.799999952316284
26793852,8.199999809265137
26794435,8.5
26794701,8.399999618530273
26794994,6.799999952316284
26796646,5.900000095367432
26796664,4.925000071525574
26796845,5.5
26797419,5.700000047683716
26798437,8.000000238418579
26798463,4.199999809265137
26799232,6.699999809265137
26799731,7.299999872843425
26800978,8.500000158945719
26803711,7.049999952316284
26803993,7.099999904632568
26804147,6.8500001430511475
26806099,8.399999618530273
26806316,4.800000190734863
26806528,7.150000095367432
26806719,6.800000190734863
26808248,6.349999904632568
26808466,6.800000190734863
26809007,7.699999809265137
26809592,7.5
26810068,7.024999976158142
26810318,6.5
26811367,6.450000047683716
26811587,7.800000190734863
26813286,3.9000000953674316
26815162,7.866666952768962
26815182,7.5
26815381,6.0
26815856,4.166666666666667
26815983,6.099999904632568
26815984,5.800000190734863
26816076,6.5
26816090,5.100000063578288
26816372,5.100000063578288
26816383,6.699999809265137
26817018,6.800000190734863
26818312,3.9000000953674316
26818314,3.700000047683716
26820833,6.800000190734863
26820836,7.099999904632568
26820840,6.599999904632568
26821253,7.199999809265137
26822230,7.524999976158142
26823502,6.899999936421712
26825658,7.300000190734863
26825664,6.0
26825688,6.599999904632568
26826398,6.283333381017049
26827040,5.971428530556815
26827787,7.200000047683716
26828019,5.400000095367432
26830966,7.0
26831711,6.912499964237213
26832720,5.900000095367432
26833099,7.599999904632568
26834772,7.199999809265137
26834930,7.633333524068196
26835471,6.300000031789144
26835911,7.199999809265137
26836588,8.800000190734863
26837948,6.0
26837951,7.300000190734863
26837952,7.900000095367432
26838466,5.0
26839466,7.299999952316284
26840738,6.800000190734863
26841073,7.099999904632568
26842503,8.399999618530273
26842702,8.25
26843352,7.099999904632568
26844922,8.149999737739563
26845247,7.0
26845362,5.349999904632568
26845966,6.900000095367432
26847068,7.199999809265137
26847445,7.800000190734863
26848167,7.660000133514404
26848640,7.699999809265137
26850326,2.5999999046325684
26851837,7.900000095367432
26852090,6.5
26853690,5.5
26855528,6.700000047683716
26855690,4.599999904632568
26857170,6.199999809265137
26857793,5.7727272727272725
26858510,8.699999809265137
26858970,7.700000047683716
26860031,6.800000190734863
26861685,7.314285823277065
26862250,7.099999904632568
26862259,6.933333396911621
26862829,6.787500023841858
26862905,6.5333333015441895
26863060,7.0
26863778,8.699999809265137
26864413,7.099999904632568
26868553,5.099999904632568
26869052,4.099999904632568
26869119,6.339999961853027
26869124,7.200000047683716
26870080,6.900000095367432
26870196,6.324999928474426
26871465,4.900000095367432
26871669,5.533333460489909
26871938,5.5
26872478,6.800000190734863
26874505,9.5
26874517,6.46666685740153
26875265,6.099999904632568
26876180,8.0
26876252,7.099999904632568
26876342,6.699999809265137
26876595,4.699999809265137
26877106,6.900000095367432
26877237,7.199999809265137
26877406,7.314285687037876
26877492,7.400000095367432
26878605,8.300000190734863
26878881,7.199999809265137
26878883,8.150000095367432
26879060,6.0
26881692,6.800000190734863
26882440,7.199999809265137
26882457,2.9000000953674316
26883072,7.199999809265137
26883664,7.1000001430511475
26884340,8.5
26884354,7.2399999618530275
26885074,6.283333381017049
26886203,7.474999904632568
26886204,7.199999809265137
26887031,6.699999809265137
26887153,6.700000047683716
26887169,6.75
26887170,6.75
26887890,8.333333015441895
26888905,7.2749998569488525
26890502,4.400000095367432
26891256,7.7000000953674315
26892281,7.5
26892558,7.199999809265137
26894593,7.800000190734863
26894602,7.800000190734863
26896962,6.900000095367432
26897427,6.400000095367432
26898747,4.699999809265137
26899000,9.200000047683716
26899030,7.266666730244954
26899146,6.199999809265137
26900949,5.8999998569488525
26901234,7.2833333015441895
26901393,6.400000095367432
26905469,3.200000047683716
26905717,5.5
26907450,4.5
26908293,5.900000095367432
26908497,6.800000190734863
26909507,6.199999809265137
26909787,4.5
26909790,7.699999968210856
26910059,7.599999904632568
26910820,7.099999904632568
26914034,9.100000381469727
26914297,7.349999904632568
26916202,6.0
26916229,7.3125
26917393,6.599999904632568
26919051,4.5
26919823,6.599999904632568
26920017,7.599999904632568
26920269,8.300000190734863
26920842,7.166666666666667
26921827,4.400000095367432
26921952,8.800000190734863
26923111,7.599999904632568
26923506,3.9000000953674316
26924069,6.800000190734863
26925317,6.899999936421712
26925532,5.599999904632568
26926321,6.200000047683716
26928125,6.599999904632568
26928304,6.5333333015441895
26928838,6.199999809265137
26929010,7.300000190734863
26929038,7.300000190734863
26929084,7.599999904632568
26930056,6.599999904632568
26930504,6.400000095367432
26930564,7.099999904632568
26931786,7.549999952316284
26934285,8.199999809265137
26934399,6.599999904632568
26935251,7.9666666984558105
26935296,7.099999904632568
26935777,7.633333524068196
26937474,6.860000038146973
26937563,6.9666666984558105
26940400,6.099999904632568
26942631,7.900000095367432
26942645,7.199999809265137
26942674,7.699999809265137
26944582,7.400000095367432
26945085,6.5333333015441895
26945132,6.400000095367432
26945135,6.599999904632568
26946197,7.599999904632568
26946395,8.449999809265137
26946508,6.950000047683716
26948060,6.975000023841858
26949241,7.1499998569488525
26949264,4.400000095367432
26949578,6.700000047683716
26951654,4.400000095367432
26951692,8.200000286102295
26951953,8.099999904632568
26952576,7.450000047683716
26952704,8.300000190734863
26952994,8.0
26954003,7.0
26954268,4.900000095367432
26954690,7.099999904632568
26956641,6.199999809265137
26957177,5.5
26957500,7.099999904632568
26958502,7.9666666984558105
26959074,6.699999809265137
26959115,6.300000190734863
26961821,7.5
26961874,7.5
26962614,7.300000190734863
26963232,7.549999952316284
26964434,7.699999809265137
26965165,7.900000095367432
26966580,4.199999809265137
26966609,8.699999809265137
26966758,6.699999809265137
26966763,8.300000190734863
26966778,8.03333330154419
26967920,4.599999904632568
26967922,6.566666603088379
26969054,7.199999809265137
26969120,7.699999809265137
26969244,6.699999809265137
26969672,7.450000047683716
26970964,6.666666666666667
26971054,6.300000190734863
26971645,2.9000000953674316
26972258,7.25
26972275,8.200000127156576
26974334,5.699999809265137
26974615,7.400000095367432
26974993,7.450000047683716
26975855,6.800000190734863
26976235,8.625000238418579
26979007,7.900000095367432
26979199,7.400000095367432
26979347,7.949999809265137
26980859,6.5333333015441895
26981165,5.300000190734863
26981958,8.433333396911621
26984189,8.800000190734863
26984538,4.6499998569488525
26985127,7.099999904632568
26985857,5.299999918256487
26987999,7.5
26990268,5.900000095367432
26990725,7.699999809265137
26992383,4.900000095367432
26994321,6.599999904632568
26994789,6.349999845027924
26995137,7.300000190734863
26995545,6.400000095367432
26995719,7.4
26995787,7.099999904632568
26995881,3.299999952316284
26996640,5.875
26996734,6.800000190734863
26997663,6.300000190734863
26999424,6.199999809265137
27000061,7.75
27000084,7.400000095367432
27002371,6.099999904632568
27002635,8.100000381469727
27002647,6.199999809265137
27003543,6.9666666984558105
27007975,6.199999809265137
27008394,4.083333333333333
27008562,6.400000095367432
27010768,7.633333206176758
27011740,9.28333330154419
27012731,7.199999809265137
27012772,7.150000095367432
27013111,6.699999809265137
27013174,8.150000095367432
27015984,5.599999904632568
27017288,7.900000095367432
27018285,8.300000190734863
27018296,7.385714258466448
27018299,7.900000095367432
27018354,3.700000047683716
27019527,8.199999809265137
27019982,6.650000095367432
27021609,6.300000190734863
27021883,7.300000190734863
27024903,8.199999809265137
27024959,8.199999809265137
27025631,7.150000095367432
27025637,6.5299999713897705
27025987,6.599999904632568
27026494,7.1499998569488525
27027913,6.799999872843425
27028934,7.514285700661795
27032656,8.100000381469727
27034868,6.950000047683716
27035334,7.599999904632568
27036366,7.199999809265137
27037053,7.400000095367432
27037539,4.400000095367432
27038183,6.900000095367432
27038968,7.300000190734863
27039069,6.0333333015441895
27039378,6.833333492279053
27040109,7.400000095367432
27040157,7.599999904632568
27040737,8.0
27040774,7.566666762034099
27040853,7.099999904632568
27041467,7.749999761581421
27041677,6.660000038146973
27042405,8.524999618530273
27042413,6.400000095367432
27042467,8.066666603088379
27042526,5.300000190734863
27042544,6.339999961853027
27042748,6.5
27043957,6.5
27045345,7.549999952316284
27045442,2.9499999284744263
27045615,7.6333333651224775
27045860,7.199999809265137
27045950,9.399999618530273
27046372,6.099999904632568
27046645,7.599999904632568
27047871,7.5
27047917,7.699999809265137
27050133,5.833333492279053
27050259,7.299999952316284
27050878,6.599999904632568
27051028,7.899999777475993
27052274,8.460000133514404
27052289,6.199999809265137
27053945,7.049999952316284
27054071,7.599999904632568
27056299,6.099999904632568
27059130,8.699999809265137
27060077,7.6499998569488525
27062637,8.5
27062638,8.460000133514404
27062662,7.599999904632568
27062994,7.800000190734863
27063335,7.599999904632568
27064658,7.400000095367432
27064700,8.300000190734863
27064923,6.0
27065128,7.099999904632568
27065129,8.600000381469727
27065898,3.9000000953674316
27066196,6.599999904632568
27068118,7.5
27069070,6.5
27069412,6.349999904632568
27069427,5.0
27071217,7.0
27072640,8.208333253860474
27072788,6.5
27072795,8.5
27072838,6.199999809265137
27072988,6.824999928474426
27073057,5.400000095367432
27073079,5.099999904632568
27073179,6.900000095367432
27073234,6.400000095367432
27073245,8.699999809265137
27073291,7.699999809265137
27073835,4.800000190734863
27074301,6.400000095367432
27074316,7.0
27076492,6.0
27076871,7.349999904632568
27079210,7.400000095367432
27079318,6.900000095367432
27080656,8.599999904632568
27082461,6.349999904632568
27083561,7.0
27087130,6.900000095367432
27087724,8.275000095367432
27088750,7.300000190734863
27089612,7.524999976158142
27090211,7.549999952316284
27090711,6.349999904632568
27090753,4.816666682561239
27091624,6.5
27092645,7.900000095367432
27092648,6.449999809265137
27092725,6.599999904632568
27092785,4.699999809265137
27097816,6.666666666666667
27097818,7.3666666348775225
27097890,6.700000047683716
27098363,6.960000133514404
27098364,7.180000114440918
27098888,8.300000190734863
27101749,6.599999904632568
27101860,6.5333333015441895
27102546,7.650000095367432
27102557,7.199999809265137
27102569,5.900000095367432
27102739,4.8833333651224775
27104373,5.599999904632568
27107140,6.900000095367432
27107189,7.400000095367432
27107273,8.099999904632568
27107624,8.399999618530273
27107691,6.300000190734863
27107766,7.199999809265137
27108740,8.08000020980835
27108853,8.800000190734863
27109171,7.199999809265137
27109556,6.199999809265137
27109633,7.3500001430511475
27109679,6.799999952316284
27109879,7.066666762034099
27110296,7.450000286102295
27110363,7.9750001430511475
27113517,8.399999618530273
27113986,6.1499998569488525
27114240,6.840000057220459
27114416,6.233333428700765
27114417,4.300000190734863
27115166,7.199999809265137
27115758,7.5
27118338,6.237499952316284
27119292,7.599999904632568
27119586,8.600000381469727
27119724,7.280000019073486
27121232,9.28333330154419
27123688,7.800000190734863
27124861,7.5
27124862,8.300000190734863
27124863,8.300000190734863
27124864,8.300000190734863
27126336,6.6000001430511475
27126359,6.75
27126713,7.099999904632568
27127793,6.5
27129560,7.300000190734863
27129663,6.800000190734863
27129755,7.599999904632568
27130415,8.375000238418579
27131969,5.099999904632568
27132180,6.312500059604645
27132510,8.600000381469727
27132709,6.299999952316284
27132728,5.599999904632568
27133050,6.699999809265137
27133264,6.5
27133303,6.800000190734863
27133565,6.900000095367432
27133569,6.866666793823242
27133913,7.199999809265137
27135473,6.1499998569488525
27138613,6.299999952316284
27139348,7.349999904632568
27140071,7.400000095367432
27144867,8.966666539510092
27144868,8.966666539510092
27145041,5.599999904632568
27147737,8.100000381469727
27147739,8.050000071525574
27148198,7.099999904632568
27149755,7.400000095367432
27149791,6.293333196640015
27149818,4.199999809265137
27149822,9.0
27150225,5.099999904632568
27150264,5.699999809265137
27150283,7.199999809265137
27150284,7.5
27155250,7.400000095367432
27155276,4.950000047683716
27156537,7.199999809265137
27157676,8.966666539510092
27157811,7.200000047683716
27160618,7.549999952316284
27163278,7.066666762034099
27165059,7.099999904632568
27166148,5.099999904632568
27166414,7.800000190734863
27166442,8.583333492279053
27166606,8.366666555404663
27166976,7.1333333651224775
27167055,9.28333330154419
27168151,5.800000190734863
27168189,7.599999904632568
27169438,4.699999809265137
27170563,7.099999904632568
27172872,5.800000190734863
27172891,8.100000381469727
27175983,6.350000023841858
27176717,6.9020833273728694
27176742,8.199999809265137
27177463,6.900000095367432
27178959,5.199999809265137
27179414,4.400000095367432
27179713,6.533333460489909
27180356,7.400000095367432
27180599,8.300000190734863
27180759,7.099999904632568
27185558,5.75
27185563,7.4750001430511475
27186348,7.199999809265137
27186353,5.349999904632568
27186354,7.9750001430511475
27188152,6.699999809265137
27191173,7.600000222524007
27191431,7.699999809265137
27191492,8.899999618530273
27191829,7.150000095367432
27192784,6.199999809265137
27193043,6.900000095367432
27195080,5.7727272727272725
27195119,7.0
27196380,6.800000190734863
27197086,7.5
27197468,5.300000190734863
27198855,7.75
27199776,7.8999998569488525
27200988,5.900000095367432
27201353,5.199999809265137
27202818,7.433333555857341
27202819,5.875
27202953,5.699999809265137
27205132,7.449999809265137
27591668,6.0
27592484,7.099999904632568
27594919,6.150000095367432
27594938,6.699999809265137
27595272,4.5
27596261,7.199999809265137
27596682,9.0
27597250,7.3500001430511475
27600925,8.399999618530273
27602116,7.349999904632568
27602185,6.75
27604257,6.339999961853027
27604258,6.860000133514404
27604296,5.7727272727272725
27605696,7.0
27605698,7.1499998569488525
27607136,7.199999809265137
27607378,7.633333524068196
27607386,7.450000286102295
27608262,5.599999904632568
27608785,8.399999618530273
27611498,6.671428544180734
27614362,6.900000095367432
27615233,7.400000095367432
27615267,7.349999904632568
27615398,7.599999904632568
27615439,7.599999904632568
27615441,8.600000381469727
27615467,9.300000190734863
27615564,5.400000095367432
27617348,6.900000095367432
27621184,6.339999961853027
27621192,7.5
27621727,7.199999809265137
27621991,7.699999809265137
27622447,8.760000038146973
27623043,6.400000095367432
27624661,5.6000001430511475
27624665,6.099999904632568
27624787,7.749999761581421
27663742,6.699999809265137
27664635,7.400000095367432
27666624,6.400000095367432
27666627,6.599999904632568
27666671,6.699999809265137
27668250,7.450000047683716
27887836,7.599999904632568
28460045,7.5
28461121,7.099999904632568
28510273,7.099999904632568
30034295,8.399999618530273
30122633,6.900000095367432
30128985,6.450000047683716
30129008,7.099999904632568
30134551,6.199999809265137
30135110,7.400000095367432
30135113,7.514285700661795
30135942,7.800000190734863
30137082,7.0
30139659,6.300000190734863
30140231,8.199999809265137
30140571,7.5
30141329,6.0
30141372,7.699999809265137
30142045,7.400000095367432
30142420,6.199999809265137
30143333,8.300000190734863
30143336,7.049999952316284
30143861,6.400000095367432
30144221,6.5
30145117,7.199999809265137
30145655,6.866666793823242
30146756,6.900000095367432
30146843,7.900000095367432
30147434,7.199999809265137
30149864,5.400000095367432
30150635,6.800000190734863
30151984,6.599999904632568
30152413,5.900000095367432
30155226,5.4666666984558105
30156101,7.049999952316284
30156898,6.0583332777023315
30158830,4.599999904632568
30158971,7.800000190734863
30159567,7.699999809265137
30162520,7.800000190734863
30163500,6.580000019073486
30163509,6.933333396911621
30163799,9.300000190734863
30163820,7.266666571299235
30163821,7.266666571299235
30164448,8.066666762034098
30166706,5.300000190734863
30166972,7.300000031789144
30166983,6.5
30167509,8.899999618530273
30167539,9.0
30167633,7.0333333015441895
30168032,4.800000190734863
30168156,7.3500001430511475
30170120,6.699999809265137
30170213,5.800000190734863
30170375,7.5
30170448,9.100000381469727
30170546,7.899999936421712
30170801,7.199999809265137
30171425,5.7727272727272725
30172751,7.300000190734863
30172818,6.599999904632568
30174393,6.699999809265137
30174535,6.800000190734863
30175306,5.682142811162131
30175632,8.950000286102295
30175633,8.950000286102295
30175647,6.700000047683716
30176268,6.996666669845581
30176282,7.699999809265137
30176393,7.699999809265137
30176488,6.800000190734863
30177286,5.599999904632568
30181789,6.400000095367432
30182729,7.400000095367432
30182877,6.75
30183061,7.400000095367432
30183666,7.300000190734863
30183715,8.399999618530273
30184555,6.099999904632568
30185415,6.800000190734863
30186562,6.324999928474426
30188193,6.400000095367432
30188243,8.0
30188253,6.199999809265137
30188466,7.099999904632568
30189817,7.385714258466448
30190607,2.9499999284744263
30191950,6.833333492279053
30192401,8.399999618530273
30194752,6.900000095367432
30194769,8.100000381469727
30195228,7.5
30196805,6.150000095367432
30197489,7.5
30198539,8.049999952316284
30198715,6.960000038146973
30200087,6.774999976158142
30200414,6.5
30200427,7.150000095367432
30201003,7.300000190734863
30203549,6.599999904632568
30203557,9.449999809265137
30204142,6.800000190734863
30204413,7.599999904632568
30204446,6.5
30206287,7.900000095367432
30206431,7.900000095367432
30207919,5.900000095367432
30207949,4.0
30208007,5.699999809265137
30208010,6.5
30209084,8.06666644414266
30209086,6.933333237965901
30209395,6.849999904632568
30209802,6.5
30209818,6.799999872843425
30210095,6.949999809265137
30210691,7.5
30210700,6.1333333651224775
30211551,7.699999809265137
30211753,6.199999809265137
30211998,7.7000000953674315
30214085,6.400000095367432
30215029,7.2833333015441895
30216460,7.0
30218533,5.900000095367432
30219670,6.666666666666667
30220799,5.8999998569488525
30221703,6.666666666666667
30221757,5.199999928474426
30221777,9.100000381469727
30222762,6.299999872843425
30223596,6.599999904632568
30223840,7.699999809265137
30225296,6.900000095367432
30226042,4.599999904632568
30232211,7.300000190734863
30232270,8.199999809265137
30234315,7.3999998569488525
30235440,5.449999928474426
30236340,7.099999904632568
30238958,7.0
30238963,7.5
30241102,8.200000286102295
30242164,7.099999904632568
30243520,7.099999904632568
30244174,6.300000190734863
30246061,7.099999904632568
30247400,6.300000190734863
30249076,6.699999809265137
30249161,7.433333396911621
30252495,7.333333333333333
30255138,7.099999904632568
30255175,5.900000095367432
30256006,7.099999904632568
30256024,7.400000095367432
30256767,6.900000095367432
30256796,5.9250000317891445
30257175,7.766666889190674
30257386,7.099999904632568
30257608,6.800000190734863
30258626,6.300000190734863
30259043,5.800000031789144
30259071,7.599999904632568
30259734,7.300000190734863
30261964,6.0
30263943,9.199999809265137
30263995,6.200000047683716
30267284,7.3125
30269016,7.8500001430511475
30269402,8.199999809265137
30270306,7.599999904632568
30271717,6.699999809265137
30271841,7.900000095367432
30272143,8.399999618530273
30272747,5.699999809265137
30273082,6.199999809265137
30276392,6.0
30279172,7.199999809265137
30282387,5.199999968210856
30282596,7.5
30282871,8.100000381469727
30283179,7.599999904632568
30283209,7.866666952768962
30283308,7.099999904632568
30286112,7.400000095367432
30287729,6.960000133514404
30290143,6.133333524068197
30290776,5.900000095367432
30290872,4.5
30292777,8.0
30292843,7.450000047683716
30293828,4.199999809265137
30294963,7.099999904632568
30295905,5.059999942779541
30299040,8.0
30299309,6.349999904632568
30299311,6.599999904632568
30299345,7.599999904632568
30299355,7.800000190734863
30299356,7.0
30299386,5.849999904632568
30299388,5.849999904632568
30299400,7.5
30301095,7.599999904632568
30301264,7.800000190734863
30304560,5.900000095367432
30306756,6.900000095367432
30306764,7.950000286102295
30307197,6.300000190734863
30307237,6.900000095367432
30310218,8.75
30310435,8.5
30312137,6.599999904632568
30312783,6.0
30313855,7.300000190734863
30317630,6.900000095367432
30317706,5.971428530556815
30318116,7.399999936421712
30318524,6.300000190734863
30323188,6.099999904632568
30327842,8.600000381469727
30327897,7.800000190734863
30327914,5.800000190734863
30328825,6.766666571299235
30329892,7.699999809265137
30329902,7.899999936421712
30331149,7.900000095367432
30331424,7.199999809265137
30331597,7.900000095367432
30331959,8.449999809265137
30334073,8.300000190734863
30334118,7.300000190734863
30334122,6.099999904632568
30334399,5.4666666984558105
30334584,7.0
30334970,6.200000047683716
30335059,6.9020833273728694
30336533,7.400000095367432
30337147,6.400000095367432
30337172,7.300000190734863
30345226,7.9666666984558105
30345300,7.4750001430511475
30345709,6.099999904632568
30349667,7.400000095367432
30357885,6.1333333651224775
30361134,8.600000381469727
30362186,5.199999809265137
30364976,6.299999872843425
30366084,6.150000095367432
30367643,6.299999952316284
30368414,5.75
30371818,8.200000286102295
30371819,7.599999904632568
30371824,6.549999952316284
30372377,8.0
30376977,5.299999952316284
30377703,5.800000190734863
30379982,7.099999904632568
30380316,5.400000095367432
30382373,5.800000190734863
30382857,8.300000190734863
30384019,7.699999809265137
30385359,8.199999809265137
30385361,6.0
30385430,7.5
30387441,7.5
30388339,3.799999952316284
30390144,7.300000190734863
30390185,7.900000095367432
30390700,8.300000190734863
30391241,7.650000095367432
30391289,7.699999809265137
30391372,7.300000190734863
30391726,8.899999618530273
30394484,7.900000095367432
30394535,6.25
30394807,7.800000190734863
30394821,7.300000190734863
30394841,6.1000001430511475
30394870,7.899999777475993
30395519,6.599999904632568
30395544,6.5
30396679,6.800000190734863
30401194,7.0333333015441895
30402196,6.800000190734863
30402296,7.799999952316284
30403338,7.400000095367432
30405087,7.099999904632568
30408298,5.300000190734863
30410114,8.699999809265137
30410654,5.900000095367432
30411557,7.900000095367432
30411559,7.0
30412189,6.300000190734863
30413052,5.820000076293946
30414462,6.566666603088379
30419063,6.75
30419673,3.9000000953674316
30419744,7.400000095367432
30423193,6.6000001430511475
30423539,9.199999809265137
30426519,7.300000190734863
30428030,5.400000095367432
30428906,7.099999904632568
30428914,7.699999809265137
30430698,6.5
30433391,6.400000095367432
30433802,7.699999809265137
30434902,7.199999809265137
30435141,7.599999904632568
30439272,6.049999952316284
30439557,6.699999809265137
30442415,7.150000095367432
30443614,7.699999809265137
30443615,8.5
30443744,4.800000190734863
30451891,8.25
30452121,7.5
30453031,6.199999809265137
30454698,4.9999998807907104
30457664,6.300000190734863
30458008,7.400000095367432
30461660,7.670833428700765
30463393,7.699999809265137
30463904,7.300000190734863
30464821,7.099999904632568
30466625,6.599999904632568
30468769,5.599999904632568
30468842,4.900000095367432
30469287,4.699999809265137
30476406,8.200000286102295
30476829,6.0
30479900,9.199999809265137
30479973,5.800000190734863
30481973,5.741666634877523
30483639,7.800000190734863
30488003,8.300000190734863
30488016,6.599999904632568
30488584,6.0
30488819,7.300000190734863
30489287,4.0
32591373,7.1249998807907104
32659890,6.845952348482041
33159421,5.650000095367432
33377652,6.599999904632568
33381474,6.099999904632568
33383642,7.5
33384985,7.899999777475993
33387158,6.099999904632568
33387265,6.5333333015441895
33392890,7.9750001430511475
33393167,9.199999809265137
33397766,6.400000095367432
33400376,7.900000095367432
33401841,7.200000047683716
33404178,4.900000095367432
33404216,7.099999904632568
33404726,8.100000381469727
33407591,4.800000190734863
33413905,6.300000190734863
33415922,7.800000190734863
33415943,8.199999809265137
33417030,8.100000381469727
33417046,7.0
33417965,7.099999904632568
33418492,7.0
33422980,7.5
33423785,5.599999904632568
33423926,8.233333269755045
33424111,5.099999904632568
33424345,7.5
33427589,6.875
33428622,7.699999809265137
33436135,6.787500023841858
33437017,6.099999904632568
33447595,6.866666793823242
33450305,7.3999998569488525
33459814,5.900000095367432
33475049,7.300000190734863
33717523,5.0
33961421,6.800000190734863
34431599,6.5
34436407,8.0
34454589,8.100000381469727
34454654,6.599999904632568
34460763,5.699999809265137
34462037,7.3125
34608294,8.100000381469727
34614704,7.400000095367432
34670959,7.199999809265137
34678128,7.199999809265137
34691522,4.800000190734863
34786971,4.5
34787747,8.450000047683716
34795703,8.899999618530273
34799342,3.899999976158142
34800651,6.150000095367432
34801957,7.099999904632568
34805219,7.800000190734863
34809353,6.599999904632568
34813643,8.5
34814907,7.800000190734863
34815429,6.75
34815865,7.400000095367432
34825511,5.799999952316284
34835118,6.400000095367432
34835784,8.600000381469727
34835822,7.699999809265137
34848600,7.0
34851172,7.5
34851173,7.300000190734863
34851342,6.699999809265137
34854789,6.800000190734863
34865529,7.400000095367432
34867940,7.099999904632568
34873104,8.399999618530273
34875261,6.199999809265137
34875369,7.800000190734863
34882878,7.300000190734863
34886500,6.599999904632568
34887140,6.099999904632568
34892489,9.22222254011366
34900792,4.0
34906732,8.100000381469727
34930755,9.100000381469727
34938649,7.699999809265137
35016531,5.5
35050870,6.300000190734863
