1000047,1,7.800000190734863
1000148,7,6.700000081743513
1000177,1,8.199999809265137
1000201,1,6.5
1000208,1,7.699999809265137
1000217,4,6.350000023841858
1000242,4,6.550000071525574
1000252,1,6.400000095367432
1000280,1,7.400000095367432
1000292,2,6.549999952316284
1000296,1,5.699999809265137
1000299,1,7.199999809265137
1000304,2,8.199999809265137
1000317,2,6.549999952316284
1000380,2,6.449999809265137
1000407,1,5.900000095367432
1000481,1,7.699999809265137
1000499,1,7.800000190734863
1000520,1,6.300000190734863
1000525,2,7.0
1000537,3,7.400000095367432
1000538,1,8.600000381469727
1000561,1,7.900000095367432
1000571,3,5.1333333651224775
1000726,3,5.4666666984558105
1000735,2,6.700000047683716
1000745,2,7.199999809265137
1000820,2,6.700000047683716
1000957,1,7.099999904632568
1001046,1,5.300000190734863
1001055,1,7.5
1001404,2,8.75
1001640,3,7.766666730244954
1001669,1,7.599999904632568
1001706,1,8.0
1001955,1,6.300000190734863
1001980,4,6.875
1002135,1,6.5
1002333,1,7.300000190734863
1002692,3,6.0333333015441895
1002708,2,7.150000095367432
1002709,1,7.099999904632568
1002716,3,7.166666666666667
1002732,2,6.200000047683716
1002735,3,7.166666666666667
1002772,2,7.25
1002862,2,6.75
1002933,1,5.099999904632568
1003756,2,6.650000095367432
1004508,1,7.5
1004571,3,6.199999968210856
1004643,1,5.199999809265137
1004675,1,6.800000190734863
1004720,1,5.5
1004722,1,8.0
1004742,1,7.0
1004746,2,7.700000047683716
1004767,1,8.600000381469727
1004899,2,7.5
1005009,1,6.5
1005013,1,7.599999904632568
1005041,1,7.400000095367432
1005064,2,7.400000095367432
1005112,1,8.0
1005149,2,6.8500001430511475
1005170,1,7.900000095367432
1005177,4,7.799999952316284
1005269,1,8.100000381469727
1005319,3,5.96666685740153
1005450,1,6.5
1005497,1,6.900000095367432
1005503,1,7.900000095367432
1006274,1,7.5
1006351,3,5.533333460489909
1006381,1,5.300000190734863
1006650,1,7.199999809265137
1006692,1,7.099999904632568
1006702,1,4.300000190734863
1006956,2,6.799999952316284
1007028,2,7.650000095367432
1007073,1,6.5
1007078,2,8.0
1007152,6,6.5333333015441895
1007189,1,6.5
1007750,1,8.100000381469727
1008070,1,5.300000190734863
1008216,1,7.599999904632568
1008382,1,8.100000381469727
1009280,2,6.0
1009293,2,7.1499998569488525
1009396,2,6.299999952316284
1009398,1,6.300000190734863
1009442,2,6.450000047683716
1009507,1,5.699999809265137
1009519,2,7.199999809265137
1009531,1,7.5
1009536,1,7.400000095367432
1009551,1,6.599999904632568
1009555,2,7.5
1009561,1,8.300000190734863
1009570,1,7.800000190734863
1009586,2,7.5
1009596,1,7.5
1009599,2,7.299999952316284
1009618,1,5.099999904632568
1009639,1,6.699999809265137
1009643,1,8.300000190734863
1009655,1,6.800000190734863
1009704,3,7.766666730244954
1009753,1,6.800000190734863
1009795,1,7.900000095367432
1009827,1,8.5
1010250,1,5.0
1010252,2,7.450000047683716
1010314,1,8.800000190734863
1010322,1,7.900000095367432
1010542,3,7.166666666666667
1010552,2,7.849999904632568
1010553,1,6.599999904632568
1010581,1,8.199999809265137
1010607,1,7.800000190734863
1010646,1,8.300000190734863
1010731,3,6.433333237965901
1010884,2,8.75
1011017,1,7.400000095367432
1011513,1,5.5
1012521,3,8.299999872843424
1012532,1,6.900000095367432
1012546,3,5.833333492279053
1012631,1,6.400000095367432
1012646,2,7.699999809265137
1013702,2,7.599999904632568
1013757,1,7.300000190734863
1013778,1,6.400000095367432
1013808,1,7.900000095367432
1013899,2,6.750000238418579
1013907,5,7.2399999618530275
1013917,1,7.699999809265137
1013980,2,7.5
1013988,1,6.5
1013996,1,5.5
1014019,2,5.849999904632568
1014029,1,6.400000095367432
1014030,1,5.900000095367432
1014057,1,7.900000095367432
1014069,2,8.449999809265137
1014076,1,5.900000095367432
1014110,1,8.300000190734863
1014153,1,5.5
1014195,1,5.699999809265137
1014211,1,8.0
1014278,1,8.199999809265137
1014284,1,6.0
1014323,1,5.5
1014327,1,6.300000190734863
1014376,1,7.599999904632568
1014437,1,4.699999809265137
1014448,1,4.699999809265137
1014470,1,7.099999904632568
1014556,1,7.300000190734863
1014606,1,7.800000190734863
1014716,6,6.6833334763844805
1014812,1,7.699999809265137
1014825,1,8.399999618530273
1014926,1,6.400000095367432
1014929,1,6.400000095367432
1014996,3,8.266666412353516
1014998,1,7.199999809265137
1015202,1,7.900000095367432
1015268,1,7.900000095367432
1015510,1,8.100000381469727
1015633,3,8.233333269755045
1015771,2,9.099999904632568
1015842,1,8.5
1015964,1,8.100000381469727
1016727,3,7.433333237965901
1017609,1,8.699999809265137
1017885,1,7.099999904632568
1017979,1,7.699999809265137
1017981,1,7.199999809265137
1018008,2,6.650000095367432
1018014,2,6.849999904632568
1018030,2,8.099999904632568
1018044,2,6.299999952316284
1018056,1,5.800000190734863
1018091,2,6.8999998569488525
1018094,1,8.300000190734863
1018187,2,7.049999952316284
1018191,1,6.800000190734863
1018200,1,7.800000190734863
1018271,1,7.300000190734863
1018302,3,8.066666603088379
1018303,2,8.199999809265137
1018339,1,7.699999809265137
1018373,1,6.099999904632568
1018378,1,6.800000190734863
1018416,1,6.800000190734863
1018708,3,7.700000127156575
1018713,1,6.400000095367432
1018799,1,7.199999809265137
1018960,1,7.599999904632568
1018983,1,8.399999618530273
1019001,1,7.5
1019002,5,7.039999961853027
1019016,5,6.460000038146973
1019043,1,7.400000095367432
1019053,1,6.400000095367432
1019071,1,5.400000095367432
1019090,2,7.6499998569488525
1019106,3,8.06666644414266
1019157,2,9.199999809265137
1019271,2,7.5
1019388,2,5.349999904632568
1019391,1,7.199999809265137
1019646,1,7.199999809265137
1019743,1,6.900000095367432
1019834,1,7.400000095367432
1019896,1,6.599999904632568
1020151,1,8.100000381469727
1020531,1,5.800000190734863
1021999,3,7.433333396911621
1022570,3,6.0
1022587,1,5.599999904632568
1022631,1,7.800000190734863
1022652,2,8.000000238418579
1022678,2,8.950000286102295
1022703,1,6.699999809265137
1022710,3,6.3666666348775225
1022721,1,7.900000095367432
1022739,2,7.199999809265137
1022741,3,7.600000222524007
1022791,3,6.1333333651224775
1022803,1,8.699999809265137
1022817,1,8.0
1022881,1,7.199999809265137
1022905,1,7.5
1022982,1,5.800000190734863
1022999,1,5.300000190734863
1023008,1,6.300000190734863
1023010,3,6.833333333333333
1023020,1,7.599999904632568
1023040,5,6.7
1023041,1,7.099999904632568
1023090,1,6.400000095367432
1023139,1,6.099999904632568
1023144,1,6.800000190734863
1023278,3,5.599999904632568
1023331,1,6.300000190734863
1023398,1,7.599999904632568
1023405,2,6.25
1023464,1,6.699999809265137
1023555,1,5.900000095367432
1023888,1,8.5
1023896,1,8.699999809265137
1023957,2,6.0
1023975,2,8.0
1024184,1,8.199999809265137
1025148,5,7.7000000953674315
1025193,1,7.5
1025221,1,6.199999809265137
1025246,5,7.7399999618530275
1025303,1,8.5
1025476,1,5.0
1025526,4,4.6499998569488525
1025750,1,8.800000190734863
1026319,4,8.800000190734863
1027146,1,6.300000190734863
1027159,1,6.400000095367432
1027164,5,7.2399999618530275
1027182,3,7.0333333015441895
1027204,3,7.533333460489909
1027213,2,6.75
1027245,6,7.0333333015441895
1027257,2,7.75
1027268,1,5.699999809265137
1027276,2,7.199999809265137
1027335,2,6.6000001430511475
1027346,1,6.599999904632568
1027414,1,7.900000095367432
1027416,1,6.699999809265137
1027430,1,6.5
1027437,1,6.0
1027514,1,8.600000381469727
1027580,1,7.400000095367432
1027598,1,7.300000190734863
1027653,1,5.699999809265137
1027774,1,7.199999809265137
1027776,5,6.580000019073486
1027831,1,8.399999618530273
1027853,3,5.666666666666667
1027856,1,6.400000095367432
1027877,2,6.549999952316284
1027909,1,5.699999809265137
1027997,1,7.5
1028035,2,7.199999809265137
1028127,1,8.300000190734863
1028236,1,6.300000190734863
1028253,1,5.900000095367432
1028333,5,8.08000020980835
1028566,1,7.699999809265137
1028585,1,7.900000095367432
1028844,4,8.099999904632568
1028895,1,8.899999618530273
1029060,3,7.100000063578288
1029157,1,8.300000190734863
1029358,1,6.199999809265137
1029440,1,3.5999999046325684
1029526,1,8.699999809265137
1029590,2,6.6499998569488525
1029866,1,7.199999809265137
1029882,2,7.300000190734863
1031161,2,6.5
1031179,4,6.600000023841858
1031194,1,6.800000190734863
1031241,4,6.825000047683716
1031749,1,7.400000095367432
1031751,1,5.699999809265137
1031795,1,7.099999904632568
1031844,4,7.325000047683716
1031852,3,7.833333174387614
1031876,6,7.1333333651224775
1031892,1,8.100000381469727
1031903,1,9.100000381469727
1031904,4,6.625
1031914,1,7.199999809265137
1031921,5,6.459999847412109
1031938,4,7.450000166893005
1031983,1,7.099999904632568
1031987,3,7.333333333333333
1032027,1,6.099999904632568
1032048,2,7.450000047683716
1032052,3,5.100000063578288
1032108,2,7.700000047683716
1032111,1,8.0
1032122,6,7.900000095367432
1032129,2,5.799999952316284
1032193,1,6.599999904632568
1032241,2,8.699999809265137
1032271,1,7.5
1032283,1,6.699999809265137
1032291,1,6.300000190734863
1032310,3,6.799999872843425
1032358,1,7.699999809265137
1032421,1,7.699999809265137
1032422,3,6.9666666984558105
1032435,1,8.300000190734863
1032454,2,6.75
1032491,1,7.199999809265137
1032565,1,8.0
1032608,2,5.8999998569488525
1032658,1,7.699999809265137
1032680,1,7.300000190734863
1032708,1,8.199999809265137
1032734,1,5.599999904632568
1032736,1,6.699999809265137
1032808,2,7.049999952316284
1032824,1,3.200000047683716
1032833,1,8.399999618530273
1032873,1,8.0
1032897,1,7.300000190734863
1033060,1,7.0
1033130,1,7.300000190734863
1033168,1,7.699999809265137
1033214,1,4.800000190734863
1033385,1,5.599999904632568
1033402,1,9.199999809265137
1033653,1,8.399999618530273
1034454,1,6.300000190734863
1034484,1,8.399999618530273
1035034,1,6.300000190734863
1035445,1,7.099999904632568
1036186,1,5.599999904632568
1036342,3,6.9666666984558105
1036364,1,6.300000190734863
1036390,5,7.280000019073486
1036395,4,7.575000166893005
1036398,1,7.800000190734863
1036409,2,8.049999952316284
1036437,1,5.699999809265137
1036442,2,7.3999998569488525
1036450,2,6.950000047683716
1036473,1,6.300000190734863
1036474,1,7.699999809265137
1036524,1,8.100000381469727
1036533,3,6.599999904632568
1036539,1,7.900000095367432
1036561,3,7.433333396911621
1036569,2,6.400000095367432
1036605,3,7.399999936421712
1036635,1,8.100000381469727
1036662,2,7.6499998569488525
1036804,1,7.199999809265137
1036806,3,7.466666539510091
1036818,1,6.400000095367432
1036826,1,7.400000095367432
1036838,2,7.0
1036854,1,6.300000190734863
1036890,1,6.400000095367432
1036894,1,6.300000190734863
1036943,1,8.5
1036969,2,6.450000047683716
1037044,1,7.599999904632568
1037182,1,6.599999904632568
1037183,1,8.399999618530273
1037199,1,6.800000190734863
1037273,2,6.049999952316284
1037303,1,5.900000095367432
1037314,1,5.300000190734863
1037329,1,7.300000190734863
1037497,2,8.350000143051147
1037715,1,4.5
1037747,2,4.599999904632568
1038123,1,8.899999618530273
1038144,1,6.800000190734863
1038428,1,3.299999952316284
1038472,1,8.399999618530273
1039218,1,6.300000190734863
1039655,1,5.300000190734863
1039832,1,8.5
1040517,1,6.800000190734863
1040524,3,8.399999936421713
1040593,3,6.8666666348775225
1040630,3,6.566666762034099
1040671,1,8.600000381469727
1040672,1,6.199999809265137
1040673,2,8.650000095367432
1040748,1,7.300000190734863
1040757,4,7.525000095367432
1040777,1,6.599999904632568
1040805,1,6.400000095367432
1040807,1,6.5
1040823,2,8.150000095367432
1040843,2,7.400000095367432
1040849,4,6.774999976158142
1040862,2,6.450000047683716
1040892,2,7.599999904632568
1040988,1,8.600000381469727
1041000,1,8.600000381469727
1041006,2,7.8500001430511475
1041007,1,5.900000095367432
1041021,2,7.1000001430511475
1041024,1,8.0
1041066,1,6.900000095367432
1041123,3,6.8666666348775225
1041160,2,6.75
1041182,1,6.599999904632568
1041194,1,6.900000095367432
1041272,1,7.400000095367432
1041302,2,6.849999904632568
1041306,1,7.199999809265137
1041311,1,7.599999904632568
1041313,1,6.300000190734863
1041338,1,7.199999809265137
1041380,1,8.5
1041429,1,4.699999809265137
1041456,1,7.599999904632568
1041466,2,7.650000095367432
1041519,1,4.5
1041528,6,7.349999984105428
1041547,3,6.933333237965901
1041551,1,7.099999904632568
1041585,1,7.5
1041685,2,7.450000047683716
1041717,1,6.300000190734863
1041763,1,7.300000190734863
1041896,1,7.800000190734863
1041908,2,7.450000286102295
1041916,1,8.399999618530273
1041921,1,7.599999904632568
1041935,1,5.699999809265137
1042117,2,8.250000238418579
1042269,1,6.900000095367432
1042381,1,6.699999809265137
1042850,1,7.599999904632568
1042991,2,7.349999904632568
1043910,1,7.599999904632568
1044728,2,7.099999904632568
1044733,1,8.399999618530273
1044872,3,8.5
1044932,3,7.0
1044942,1,6.5
1044943,1,5.800000190734863
1044945,2,6.549999952316284
1044973,1,6.599999904632568
1044993,2,8.349999904632568
1045031,2,6.599999904632568
1045032,2,7.25
1045037,1,6.699999809265137
1045048,1,6.199999809265137
1045060,2,7.349999904632568
1045070,1,7.699999809265137
1045092,2,7.8500001430511475
1045114,1,5.5
1045122,1,8.100000381469727
1045129,1,5.400000095367432
1045234,1,8.0
1045236,2,8.050000190734863
1045243,1,5.900000095367432
1045252,1,7.599999904632568
1045271,1,6.699999809265137
1045285,2,6.900000095367432
1045291,1,7.0
1045324,1,8.399999618530273
1045330,1,8.800000190734863
1045343,1,5.5
1045381,1,7.400000095367432
1045518,1,7.400000095367432
1045632,1,7.599999904632568
1045689,1,7.900000095367432
1045693,1,9.300000190734863
1045703,1,6.199999809265137
1045843,1,7.400000095367432
1045954,1,8.699999809265137
1046105,1,7.699999809265137
1046134,2,6.8999998569488525
1046174,1,7.599999904632568
1046618,1,7.599999904632568
1047072,1,8.399999618530273
1047989,1,8.100000381469727
1047996,1,6.900000095367432
1048000,1,6.699999809265137
1048021,3,7.333333333333333
1048026,3,6.49999984105428
1048151,1,7.900000095367432
1048340,2,5.5
1048350,1,7.900000095367432
1049571,1,6.199999809265137
1049576,2,6.8500001430511475
1049586,4,7.699999809265137
1049602,3,8.433333396911621
1049678,2,7.700000286102295
1049686,2,6.550000190734863
1049687,1,7.699999809265137
1049688,4,7.425000071525574
1049716,2,6.099999904632568
1049725,1,7.900000095367432
1049749,1,7.400000095367432
1049764,1,6.699999809265137
1049776,2,7.449999809265137
1049827,1,6.800000190734863
1049901,1,5.699999809265137
1049925,4,6.824999928474426
1049959,1,4.699999809265137
1049978,1,7.199999809265137
1049991,2,6.299999952316284
1050031,1,6.0
1050089,1,7.0
1050119,1,7.400000095367432
1050124,1,5.900000095367432
1050201,1,6.900000095367432
1050276,1,7.400000095367432
1050374,1,7.400000095367432
1050375,1,6.0
1050380,1,7.199999809265137
1050431,1,7.400000095367432
1050540,2,5.950000047683716
1050604,1,7.900000095367432
1050704,1,8.199999809265137
1050995,2,7.300000190734863
1051062,2,6.0
1051068,1,7.599999904632568
1051285,1,7.099999904632568
1051346,2,6.1499998569488525
1051432,1,7.800000190734863
1051476,2,9.449999809265137
1051535,1,8.899999618530273
1052734,1,6.199999809265137
1053006,1,6.699999809265137
1053509,1,8.100000381469727
1053564,2,7.450000047683716
1053565,2,7.700000047683716
1053570,3,7.50000015894572
1053578,4,7.949999928474426
1053585,1,8.399999618530273
1054282,1,3.200000047683716
1054388,1,7.5
1054396,1,6.300000190734863
1054398,6,7.200000047683716
1054399,1,6.0
1054400,2,6.799999952316284
1054401,3,8.300000190734863
1054402,1,9.300000190734863
1054403,2,7.950000047683716
1054404,4,7.550000071525574
1054407,6,6.133333285649617
1054412,1,8.5
1054416,5,7.4
1054417,2,7.900000095367432
1054420,4,7.800000071525574
1054421,3,8.133333365122477
1054423,2,7.799999952316284
1054425,4,8.300000071525574
1054430,8,7.524999976158142
1054436,7,7.514285700661795
1054439,1,8.100000381469727
1054440,6,7.866666793823242
1054444,4,8.275000095367432
1054447,1,6.900000095367432
1054450,1,6.599999904632568
1054513,2,7.049999952316284
1054517,3,8.300000190734863
1054518,1,8.5
1054524,4,8.950000047683716
1054530,1,8.699999809265137
1054531,2,6.549999952316284
1055546,1,6.199999809265137
1055714,3,7.600000063578288
1055887,1,5.5
1055953,1,7.699999809265137
1056007,4,7.4750001430511475
1056046,2,7.950000286102295
1056047,1,6.900000095367432
1056071,2,8.049999952316284
1058498,1,7.800000190734863
1059748,1,8.399999618530273
1060219,1,6.0
1062209,1,9.100000381469727
1062919,3,7.633333206176758
1063143,1,7.5
1067015,1,5.099999904632568
1070418,2,7.3500001430511475
1070754,2,8.300000190734863
1071097,1,7.199999809265137
1072612,1,6.400000095367432
1072924,1,6.400000095367432
1076354,3,7.899999936421712
1078102,1,3.799999952316284
1084231,1,7.900000095367432
1090224,1,7.199999809265137
1090895,1,8.199999809265137
1092322,4,7.300000071525574
1093177,2,8.200000286102295
1093702,1,7.400000095367432
1093843,1,7.300000190734863
1094192,1,5.099999904632568
1099370,1,8.199999809265137
1103525,1,4.5
1103667,2,8.25
1103688,2,6.950000047683716
1103766,1,6.5
1106105,1,8.199999809265137
1106520,1,7.0
1106979,5,5.059999942779541
1108600,1,7.400000095367432
1111582,1,7.400000095367432
1113060,1,7.699999809265137
1113530,2,8.199999809265137
1114635,1,6.400000095367432
1118167,1,5.099999904632568
1119399,1,7.900000095367432
1121582,1,8.199999809265137
1122956,4,7.274999976158142
1123010,1,5.599999904632568
1125948,1,8.100000381469727
1126158,6,6.233333428700765
1127819,1,4.199999809265137
1129544,1,8.0
1131666,1,7.400000095367432
1132060,1,7.900000095367432
1133420,1,6.300000190734863
1135805,1,7.800000190734863
1137414,2,7.900000095367432
1138335,2,7.599999904632568
1139043,1,5.099999904632568
1144483,2,6.799999952316284
1152390,1,6.300000190734863
1154486,3,7.699999968210856
1157397,1,6.599999904632568
1158861,1,7.300000190734863
1160186,8,6.312500059604645
1161012,3,7.566666762034099
1162794,4,8.075000166893005
1163713,1,6.5
1164069,3,7.866666952768962
1168676,1,8.199999809265137
1171954,1,5.300000190734863
1178991,1,6.400000095367432
1179434,1,7.300000190734863
1183071,1,5.699999809265137
1183980,1,7.400000095367432
1185654,1,7.599999904632568
1187975,1,7.300000190734863
1189801,4,6.8749998807907104
1193880,2,6.900000095367432
1194220,1,7.5
1194229,1,6.699999809265137
1194826,1,7.800000190734863
1196635,1,6.800000190734863
1199296,1,7.300000190734863
1202109,1,7.0
1203909,1,6.099999904632568
1206525,1,7.900000095367432
1207902,3,6.700000127156575
1208843,2,6.6499998569488525
1211087,1,7.400000095367432
1214705,5,7.019999980926514
1215245,1,7.699999809265137
1216851,2,6.6499998569488525
1217944,3,6.299999872843425
1220581,1,7.699999809265137
1224204,1,6.599999904632568
1226038,1,6.5
1227971,1,5.699999809265137
1229756,1,7.900000095367432
1230948,1,5.900000095367432
1235892,1,7.099999904632568
1236819,1,5.199999809265137
1237800,1,8.0
1245020,2,5.75
1245192,2,5.8999998569488525
1249045,1,5.5
1251564,1,5.300000190734863
1253783,1,8.800000190734863
1255947,1,8.199999809265137
1263583,2,6.5
1267142,1,7.0
1271783,1,7.0
1272065,1,6.699999809265137
1273400,1,5.300000190734863
1273420,1,7.900000095367432
1274070,2,6.5
1274081,1,3.700000047683716
1274234,2,6.349999904632568
1274235,3,5.199999968210856
1274236,6,5.699999888737996
1274240,4,5.425000071525574
1274241,1,5.400000095367432
1274242,1,7.099999904632568
1274243,1,6.699999809265137
1274244,3,6.466666539510091
1274245,6,5.466666539510091
1274246,1,3.9000000953674316
1274250,2,5.299999952316284
1274252,1,5.0
1274255,8,6.787500023841858
1274261,4,7.25
1274262,1,7.400000095367432
1274263,4,7.375
1274265,5,7.280000019073486
1274266,5,7.419999980926514
1274273,1,7.599999904632568
1274275,2,5.700000047683716
1274277,1,6.5
1274278,3,8.066666603088379
1274280,5,4.780000066757202
1274281,2,6.849999904632568
1274282,1,5.400000095367432
1274289,4,6.274999976158142
1274293,5,5.6800000190734865
1274297,3,6.966666539510091
1274299,3,7.6333333651224775
1274300,3,7.53333314259847
1274303,1,7.400000095367432
1274305,1,4.300000190734863
1274313,11,5.7727272727272725
1274320,1,7.699999809265137
1274328,1,8.0
1274329,2,8.150000095367432
1274330,1,3.5999999046325684
1274331,13,4.953846142842219
1274339,3,7.9666666984558105
1274342,2,7.900000095367432
1274344,5,5.939999961853028
1274347,1,4.0
1274348,3,6.0333333015441895
1274351,5,8.760000038146973
1274357,1,8.800000190734863
1274368,1,5.099999904632568
1274385,2,7.900000095367432
1274388,1,3.700000047683716
1274398,4,7.6249998807907104
1274404,1,7.5
1274406,8,6.837499976158142
1274411,3,7.333333333333333
1274414,1,7.800000190734863
1274431,6,4.083333333333333
1274443,2,7.6000001430511475
1274448,1,5.599999904632568
1274466,2,6.8999998569488525
1274468,4,8.375000238418579
1274470,1,7.800000190734863
1274472,6,6.283333381017049
1274486,2,6.150000095367432
1274489,2,5.299999952316284
1274495,1,8.699999809265137
1274499,1,6.5
1274515,1,8.600000381469727
1274534,3,7.300000031789144
1274535,1,3.9000000953674316
1274537,3,7.9666666984558105
1274548,1,7.400000095367432
1274549,2,4.050000071525574
1274609,2,7.099999904632568
1274626,1,7.699999809265137
1274656,2,5.700000047683716
1274665,1,4.599999904632568
1274667,3,7.200000127156575
1274690,1,8.699999809265137
1274699,1,5.5
1274731,1,7.300000190734863
1274750,1,6.800000190734863
1274763,3,6.799999872843425
1274812,1,3.700000047683716
1274834,1,7.400000095367432
1274842,2,5.299999952316284
1274853,2,5.200000047683716
1274856,7,5.971428530556815
1274857,1,7.199999809265137
1274861,2,6.150000095367432
1274891,2,8.300000190734863
1274901,2,7.950000286102295
1274903,1,7.5
1274906,2,7.0
1274917,1,6.800000190734863
1274919,5,6.839999961853027
1274943,4,4.924999952316284
1274953,1,9.100000381469727
1274970,1,3.9000000953674316
1274979,4,6.349999845027924
1274990,2,7.450000047683716
1274998,3,8.433333396911621
1275003,2,7.449999809265137
1275004,6,4.933333237965901
1275021,1,7.5
1275026,4,4.925000071525574
1275041,4,7.024999976158142
1275047,1,6.199999809265137
1275054,1,6.699999809265137
1275075,7,7.314285823277065
1275076,2,4.599999904632568
1275090,1,7.400000095367432
1275094,3,7.899999936421712
1275096,1,8.600000381469727
1275114,1,6.300000190734863
1275128,1,6.5
1275139,5,6.960000038146973
1275140,2,5.900000095367432
1275147,5,7.639999961853027
1275151,1,7.900000095367432
1275174,1,6.099999904632568
1275184,1,7.300000190734863
1275191,8,9.087499976158142
1275193,1,7.0
1275194,2,8.599999904632568
1275211,2,6.700000047683716
1275274,1,7.900000095367432
1275277,2,4.8500001430511475
1275307,3,6.933333396911621
1275318,1,3.5
1275368,1,7.699999809265137
1275412,3,4.8666666348775225
1275433,1,7.0
1275473,1,6.599999904632568
1275501,1,6.699999809265137
1275513,1,3.799999952316284
1275524,1,7.900000095367432
1275531,1,4.900000095367432
1275549,2,7.400000095367432
1275554,5,5.8
1275585,5,5.820000076293946
1275599,1,7.400000095367432
1275604,2,5.150000095367432
1275745,1,9.100000381469727
1275786,1,7.400000095367432
1275787,1,7.400000095367432
1275788,1,7.400000095367432
1275789,1,7.400000095367432
1275790,1,7.400000095367432
1275824,4,7.4750001430511475
1275904,1,8.0
1275926,3,8.133333365122477
1275931,1,9.100000381469727
1275941,1,4.800000190734863
1275997,1,8.0
1276015,1,4.900000095367432
1276057,1,7.099999904632568
1276077,1,6.900000095367432
1276086,3,6.733333428700765
1276173,2,7.450000047683716
1276297,1,8.0
1276314,3,7.400000254313151
1276716,1,7.900000095367432
1276746,1,7.599999904632568
1276870,2,5.849999904632568
1276884,3,4.399999936421712
1277051,1,7.900000095367432
1277225,1,8.0
1277254,1,7.5
1277464,1,6.699999809265137
1277751,2,7.8500001430511475
1278135,1,7.199999809265137
1278161,1,5.300000190734863
1278422,1,8.100000381469727
1278580,2,5.75
1278635,1,6.300000190734863
1278859,3,6.533333460489909
1278887,1,8.300000190734863
1279020,1,8.399999618530273
1279395,1,7.5
1279552,3,7.9999996821085615
1279705,1,8.399999618530273
1279913,1,5.599999904632568
1279984,1,8.300000190734863
1280119,2,7.800000190734863
1280127,2,8.400000095367432
1280317,1,6.300000190734863
1280377,1,6.199999809265137
1280442,4,5.199999928474426
1280481,1,7.5
1280485,1,7.099999904632568
1280564,1,5.599999904632568
1280588,1,6.699999809265137
1280591,2,7.0
1280599,3,4.933333237965901
1280632,6,4.166666666666667
1280664,2,4.6000001430511475
1280719,1,6.599999904632568
1280774,7,5.299999918256487
1280780,1,7.800000190734863
1280788,1,3.4000000953674316
1280800,1,7.800000190734863
1281272,2,7.900000095367432
1281627,1,5.800000190734863
1281754,1,6.800000190734863
1282112,1,6.199999809265137
1282165,1,8.699999809265137
1282226,2,6.299999952316284
1282480,1,7.5
1282536,1,8.600000381469727
1282641,1,8.300000190734863
1282777,1,6.400000095367432
1283395,1,7.900000095367432
1283555,1,7.300000190734863
1283596,1,4.800000190734863
1283671,1,6.099999904632568
1283918,1,4.199999809265137
1284196,1,9.100000381469727
1284201,2,5.75
1284222,1,6.300000190734863
1284422,1,7.699999809265137
1284475,1,8.199999809265137
1284570,2,7.3999998569488525
1284640,1,8.199999809265137
1284829,1,8.899999618530273
1284873,3,7.1333333651224775
1284959,1,8.0
1285080,1,8.399999618530273
1285102,1,7.5
1285109,1,4.599999904632568
1285184,1,7.599999904632568
1285186,1,4.599999904632568
1285310,1,7.900000095367432
1285579,3,7.299999872843425
1285602,1,7.400000095367432
1285648,1,7.099999904632568
1285853,1,6.5
1285940,2,7.400000095367432
1286302,2,7.499999761581421
1286460,1,7.5
1286677,1,8.399999618530273
1286685,5,6.339999961853027
1286710,1,6.699999809265137
1286725,2,5.6499998569488525
1286839,1,8.199999809265137
1286903,1,7.699999809265137
1286985,2,8.75
1287124,2,5.849999904632568
1287130,1,2.9000000953674316
1287184,1,8.899999618530273
1287811,2,7.6000001430511475
1287928,1,7.900000095367432
1288020,1,8.100000381469727
1288059,1,7.699999809265137
1288263,1,8.899999618530273
1288264,1,7.199999809265137
1288470,3,4.299999952316284
1288536,2,6.150000095367432
1288538,2,7.75
1288638,1,7.400000095367432
1288788,1,7.300000190734863
1289263,1,2.5999999046325684
1289308,1,4.699999809265137
1289344,1,4.0
1289439,2,7.549999952316284
1289678,2,6.0
1289765,3,7.066666762034099
1289935,5,7.119999980926513
1289939,1,7.699999809265137
1290066,3,7.8666666348775225
1290204,1,8.0
1290316,1,7.900000095367432
1290408,1,5.900000095367432
1290574,3,4.600000063578288
1290655,2,7.749999761581421
1290663,1,7.5
1290729,1,7.300000190734863
1291163,2,7.800000190734863
1291183,1,6.800000190734863
1291293,2,8.000000238418579
1291500,1,7.699999809265137
1291585,1,8.199999809265137
1291597,3,7.8666666348775225
1291684,1,6.199999809265137
1291776,1,5.5
1291966,1,6.800000190734863
1292134,1,7.800000190734863
1292163,1,7.900000095367432
1292171,2,7.650000095367432
1292181,1,7.5
1292229,1,5.400000095367432
1292230,4,7.099999904632568
1292298,3,6.933333237965901
1292422,1,5.900000095367432
1292465,1,7.699999809265137
1292558,3,9.46666685740153
1292684,1,6.099999904632568
1293191,1,7.099999904632568
1293387,2,8.199999809265137
1293683,1,8.300000190734863
1293761,1,8.5
1293777,1,8.699999809265137
1293781,1,6.5
1293885,3,5.49999984105428
1293954,1,7.199999809265137
1294063,1,8.899999618530273
1294116,1,4.300000190734863
1294136,1,7.800000190734863
1294186,1,6.699999809265137
1294266,1,7.5
1294367,1,7.400000095367432
1294715,1,4.099999904632568
1294721,1,3.299999952316284
1294799,1,6.199999809265137
1294949,1,7.599999904632568
1295034,1,7.300000190734863
1295397,1,8.300000190734863
1295449,5,7.660000133514404
1295714,1,6.400000095367432
1295822,1,6.699999809265137
1296189,1,8.600000381469727
1296328,1,7.199999809265137
1296435,1,7.300000190734863
1296732,6,6.6166666348775225
1297058,5,6.840000057220459
1297185,2,5.75
1297572,1,8.199999809265137
1297811,1,6.599999904632568
1297965,1,5.099999904632568
1297993,1,7.400000095367432
1298008,1,7.400000095367432
1298044,1,7.300000190734863
1298282,3,6.100000063578288
1298358,2,6.400000095367432
1298489,1,6.400000095367432
1298560,1,7.300000190734863
1298596,1,7.699999809265137
1298631,1,8.199999809265137
1298649,3,4.400000095367432
1298729,1,7.5
1298762,1,5.5
1298974,2,7.150000095367432
1299015,1,8.800000190734863
1299248,2,7.550000190734863
1299382,1,5.0
1299495,1,6.400000095367432
1299674,3,7.733333269755046
1299701,1,8.899999618530273
1299756,1,8.399999618530273
1299807,1,6.800000190734863
1299842,1,6.300000190734863
1300151,1,7.5
1300241,1,6.300000190734863
1300267,1,7.800000190734863
1300269,1,7.300000190734863
1300355,2,8.700000286102295
1300561,1,6.400000095367432
1300587,4,8.100000023841858
1300655,2,7.049999952316284
1300689,1,8.0
1300732,3,6.1333333651224775
1300949,2,8.149999856948853
1301025,1,8.399999618530273
1301260,1,7.5
1301332,1,5.800000190734863
1301377,2,7.300000190734863
1301398,8,7.3125
1301413,1,7.199999809265137
1301481,1,7.400000095367432
1301489,1,7.599999904632568
1301565,1,6.099999904632568
1301570,2,7.849999904632568
1301692,1,6.400000095367432
1301697,2,7.75
1301770,1,6.5
1302022,1,7.599999904632568
1302029,1,6.800000190734863
1302438,1,3.9000000953674316
1302444,1,6.0
1302688,1,7.5
1302745,2,6.6000001430511475
1302760,1,8.5
1302850,1,6.699999809265137
1302902,1,7.199999809265137
1303080,2,5.75
1303136,1,7.099999904632568
1303301,1,9.300000190734863
1303517,1,7.300000190734863
1303555,1,7.599999904632568
1303624,1,7.5
1303681,2,8.350000143051147
1303814,1,8.100000381469727
1303891,3,7.199999968210856
1303915,1,6.099999904632568
1303916,3,6.666666666666667
1303939,1,8.399999618530273
1304031,1,7.0
1304051,1,7.599999904632568
1304069,1,9.199999809265137
1304207,2,6.6499998569488525
1304480,1,5.099999904632568
1304551,1,5.0
1304615,1,8.399999618530273
1304706,1,6.099999904632568
1304710,2,8.5
1304811,1,6.5
1304837,1,8.199999809265137
1304840,3,6.300000031789144
1305015,1,6.800000190734863
1305036,1,8.0
1305175,1,6.699999809265137
1305178,1,7.400000095367432
1305195,2,7.0
1305421,1,8.699999809265137
1305447,1,6.699999809265137
1305468,1,8.800000190734863
1305510,2,7.0
1305543,3,7.233333428700765
1305544,3,7.233333428700765
1305573,1,5.400000095367432
1305596,1,7.199999809265137
1305712,1,6.800000190734863
1305796,2,7.200000047683716
1306063,1,7.5
1306067,1,6.900000095367432
1306202,1,8.5
1306310,1,6.400000095367432
1306447,1,8.300000190734863
1306480,1,5.699999809265137
1306507,1,7.400000095367432
1306564,1,6.199999809265137
1306582,1,7.0
1306635,2,5.900000095367432
1306647,3,6.9666666984558105
1306786,1,8.300000190734863
1306802,1,7.900000095367432
1306843,1,5.900000095367432
1306889,1,5.599999904632568
1306918,1,7.0
1306919,1,7.5
1306970,1,7.900000095367432
1307021,1,7.199999809265137
1307056,1,7.599999904632568
1307063,1,6.699999809265137
1307066,1,5.900000095367432
1307141,1,3.0
1307166,2,6.5
1307235,1,7.400000095367432
1307250,1,8.199999809265137
1307267,1,7.800000190734863
1307384,2,7.150000095367432
1307415,1,6.599999904632568
1307490,1,5.699999809265137
1307492,2,6.199999809265137
1307501,1,5.099999904632568
1307614,2,7.599999904632568
1307639,1,6.300000190734863
1307741,1,7.699999809265137
1307748,1,7.599999904632568
1307788,1,8.100000381469727
1307865,1,7.199999809265137
1307976,1,5.800000190734863
1308172,1,5.900000095367432
1308426,2,6.650000095367432
1308566,1,8.600000381469727
1308620,1,6.5
1308654,1,8.100000381469727
1308752,1,6.599999904632568
1308890,1,3.700000047683716
1309059,1,7.800000190734863
1309214,1,7.199999809265137
1309244,1,6.099999904632568
1309311,2,6.849999904632568
1309342,1,8.5
1309401,1,5.900000095367432
1309402,1,7.900000095367432
1309435,2,7.199999809265137
1309459,1,7.699999809265137
1309467,1,8.399999618530273
1309637,1,7.099999904632568
1309951,1,5.300000190734863
1310081,1,5.900000095367432
1310107,1,8.600000381469727
1310229,1,4.699999809265137
1310336,1,4.800000190734863
1310358,2,7.150000095367432
1310557,2,6.900000095367432
1310558,1,8.399999618530273
1310608,2,7.75
1310636,3,8.099999904632568
1310659,1,7.300000190734863
1310819,1,6.599999904632568
1310834,2,5.849999904632568
1310839,2,5.849999904632568
1310887,1,6.800000190734863
1311103,1,8.699999809265137
1311289,1,6.599999904632568
1311441,1,5.900000095367432
1311506,2,7.75
1311713,2,7.0
1312650,2,7.75
1312751,2,4.950000047683716
1312793,1,6.5
1312794,1,4.900000095367432
1312826,1,7.699999809265137
1312860,2,5.6000001430511475
1312892,1,9.0
1312896,1,8.199999809265137
1312926,2,8.349999904632568
1312959,1,6.900000095367432
1312987,2,8.0
1313007,1,6.5
1313023,1,4.400000095367432
1313050,1,4.699999809265137
1313061,4,7.775000214576721
1313067,1,8.199999809265137
1313069,1,5.0
1313094,1,5.199999809265137
1313103,1,8.399999618530273
1313104,1,8.399999618530273
1313122,1,8.300000190734863
1313149,3,7.333333174387614
1313205,1,8.0
1313206,1,8.0
1313266,1,3.299999952316284
1313275,1,5.300000190734863
1313366,1,9.0
1313385,3,7.100000063578288
1313400,1,7.5
1313416,1,7.599999904632568
1313442,1,8.5
1313495,1,9.100000381469727
1313615,2,5.75
1313626,3,5.9666666984558105
1313633,1,7.599999904632568
1313660,1,5.5
1313669,2,6.049999952316284
1313682,1,7.599999904632568
1313689,2,7.900000095367432
1313702,6,6.900000015894572
1313736,1,5.800000190734863
1313751,5,4.600000047683716
1313831,1,7.800000190734863
1313875,1,7.900000095367432
1313896,1,8.399999618530273
1313918,1,3.200000047683716
1313946,1,4.099999904632568
1314029,3,5.166666825612386
1314049,3,8.03333330154419
1314050,1,7.599999904632568
1314051,1,8.399999618530273
1314052,2,8.950000286102295
1314066,1,7.900000095367432
1314067,1,7.199999809265137
1314091,1,8.699999809265137
1314120,4,6.1499998569488525
1314127,6,8.5
1314152,1,9.100000381469727
1314163,3,7.633333524068196
1314175,1,4.300000190734863
1314184,1,7.599999904632568
1314208,2,7.849999904632568
1314220,2,8.099999904632568
1314232,1,4.900000095367432
1314278,1,6.900000095367432
1314301,1,5.300000190734863
1314351,1,5.400000095367432
1314360,4,7.549999952316284
1314370,1,8.800000190734863
1314371,1,4.900000095367432
1314395,1,5.900000095367432
1314446,1,7.099999904632568
1314514,1,7.199999809265137
1314560,2,7.400000095367432
1314569,4,4.924999952316284
1314621,2,6.700000047683716
1314622,3,7.800000190734863
1314692,1,6.800000190734863
1314694,2,8.200000047683716
1314696,2,7.900000095367432
1314722,1,6.099999904632568
1314730,1,6.199999809265137
1314828,3,6.899999936421712
1314879,2,8.300000190734863
1315004,1,6.699999809265137
1315032,2,5.550000190734863
1315108,1,7.699999809265137
1315183,1,7.199999809265137
1315185,1,5.400000095367432
1315203,1,3.799999952316284
1315235,1,4.699999809265137
1315309,1,7.5
1315327,7,7.314285687037876
1315328,1,6.699999809265137
1315382,2,7.549999952316284
1315498,2,7.8999998569488525
1315545,2,7.75
1315546,2,6.599999904632568
1315573,2,6.0
1315582,1,6.699999809265137
1315659,1,9.300000190734863
1315669,2,6.1499998569488525
1315705,1,5.599999904632568
1315726,1,4.800000190734863
1315733,3,5.800000031789144
1315771,1,6.599999904632568
1315802,1,5.800000190734863
1315820,1,7.800000190734863
1315824,1,5.300000190734863
1315866,1,4.199999809265137
1315887,3,8.066666603088379
1315951,1,8.399999618530273
1315990,1,3.299999952316284
1315992,3,7.0333333015441895
1316056,2,6.5
1316105,1,8.199999809265137
1316127,1,5.699999809265137
1316181,4,7.599999904632568
1316253,2,6.900000095367432
1316256,2,4.199999928474426
1316272,1,7.300000190734863
1316302,5,6.380000019073487
1316310,1,6.5
1316350,6,4.8833333651224775
1316375,4,8.050000071525574
1316512,2,6.450000047683716
1316514,2,4.5
1316520,1,3.0999999046325684
1316548,1,3.5999999046325684
1316559,1,8.5
1316562,1,4.400000095367432
1316573,1,6.400000095367432
1316577,3,7.533333460489909
1316585,1,7.699999809265137
1316617,3,5.199999968210856
1316620,1,6.0
1316646,1,8.600000381469727
1316670,1,5.599999904632568
1316794,1,5.900000095367432
1316844,1,7.800000190734863
1316877,1,8.399999618530273
1316912,1,7.5
1316913,3,6.833333492279053
1316915,2,7.549999952316284
1317055,1,7.099999904632568
1317146,2,4.549999952316284
1317195,1,5.900000095367432
1317200,1,5.900000095367432
1317218,1,8.699999809265137
1317221,1,3.299999952316284
1317241,1,6.699999809265137
1317245,2,6.450000047683716
1317268,1,7.099999904632568
1317274,3,8.500000158945719
1317327,1,5.0
1317331,1,7.699999809265137
1317346,2,7.200000047683716
1317347,2,7.1000001430511475
1317350,2,7.1000001430511475
1317351,1,6.300000190734863
1317375,2,4.5
1317382,1,3.299999952316284
1317388,3,6.566666762034099
1317408,1,4.900000095367432
1317428,1,7.599999904632568
1317439,1,5.599999904632568
1317475,1,4.900000095367432
1317478,1,6.400000095367432
1317479,1,6.400000095367432
1317494,1,6.699999809265137
1317582,1,6.5
1317585,2,7.049999952316284
1317606,1,7.800000190734863
1317673,2,7.950000286102295
1317674,1,5.0
1317733,2,7.299999952316284
1317764,1,6.199999809265137
1317854,4,6.324999928474426
1317858,1,4.099999904632568
1317863,4,5.549999952316284
1317864,1,2.9000000953674316
1317990,1,6.300000190734863
1318043,1,5.0
1318075,2,6.0
1318098,2,6.550000190734863
1318102,1,7.599999904632568
1318147,1,5.5
1318172,1,8.399999618530273
1318237,2,6.349999904632568
1318293,1,7.199999809265137
1318406,1,3.799999952316284
1318477,1,7.400000095367432
1318503,1,7.300000190734863
1318504,1,7.300000190734863
1318593,5,6.860000133514404
1318642,1,4.900000095367432
1318672,1,7.099999904632568
1318742,1,7.099999904632568
1318745,3,6.933333237965901
1318764,3,6.933333237965901
1318794,1,5.300000190734863
1318814,1,7.199999809265137
1318819,1,9.199999809265137
1318836,1,6.199999809265137
1318846,2,7.599999904632568
1319001,1,7.800000190734863
1319045,3,6.933333396911621
1319055,1,5.699999809265137
1319081,1,8.399999618530273
1319086,1,3.700000047683716
1319167,1,8.5
1319205,1,6.699999809265137
1319252,1,4.699999809265137
1319253,1,7.300000190734863
1319256,1,6.699999809265137
1319263,1,8.399999618530273
1319345,3,8.133333206176758
1319550,1,7.5
1319561,1,5.699999809265137
1319565,1,7.400000095367432
1319574,1,7.5
1319643,2,6.75
1319661,1,8.199999809265137
1319703,1,8.800000190734863
1319709,1,7.5
1319721,3,5.0333333015441895
1319765,1,5.0
1319769,2,6.1499998569488525
1319787,2,3.450000047683716
1319911,2,7.299999952316284
1319917,1,7.699999809265137
1319949,1,8.5
1319968,1,5.800000190734863
1319978,1,8.899999618530273
1319989,4,7.700000047683716
1320018,1,6.599999904632568
1320029,2,7.849999904632568
1320056,1,6.099999904632568
1320057,2,6.75
1320096,2,5.950000047683716
1320132,1,5.800000190734863
1320140,1,7.5
1320145,2,7.200000047683716
1320153,1,7.400000095367432
1320190,2,6.599999904632568
1320252,1,6.900000095367432
1320263,2,7.6000001430511475
1320284,1,5.400000095367432
1320372,2,6.6499998569488525
1320402,2,7.349999904632568
1320421,1,6.599999904632568
1320435,1,6.900000095367432
1320444,1,7.0
1320450,1,8.199999809265137
1320451,1,8.199999809265137
1320534,1,5.599999904632568
1320535,1,8.600000381469727
1320676,2,6.8500001430511475
1320748,1,5.099999904632568
1320763,2,6.6000001430511475
1320824,2,5.449999928474426
1320828,1,4.0
1320856,1,4.300000190734863
1320870,4,8.12500011920929
1320881,2,7.699999809265137
1320935,1,9.0
1320952,1,3.299999952316284
1320955,1,5.300000190734863
1320962,1,5.599999904632568
1320966,1,5.5
1320983,1,5.199999809265137
1321031,1,7.699999809265137
1321069,2,8.150000095367432
1321095,1,8.0
1321152,1,5.800000190734863
1321164,3,5.1333333651224775
1321200,2,7.3999998569488525
1321240,3,6.733333428700765
1321243,1,7.900000095367432
1321316,1,6.800000190734863
1321317,2,7.050000190734863
1321340,2,4.5
1321373,3,7.800000190734863
1321488,2,5.550000190734863
1321506,3,7.666666825612386
1321533,2,6.800000190734863
1321618,1,4.599999904632568
1321622,1,7.199999809265137
1321662,1,6.699999809265137
1321674,2,6.900000095367432
1321686,2,8.200000286102295
1321716,1,7.599999904632568
1321734,1,7.800000190734863
1321746,2,6.849999904632568
1321762,1,9.300000190734863
1321764,1,7.199999809265137
1321812,4,8.12500011920929
1321853,1,9.100000381469727
1321910,1,8.399999618530273
1321964,1,4.199999809265137
1321989,1,3.5
1322088,4,8.174999952316284
1322160,2,7.450000047683716
1322175,2,7.099999904632568
1322185,1,7.0
1322200,1,5.599999904632568
1322246,1,8.0
1322294,1,4.400000095367432
1322348,1,5.099999904632568
1322354,1,7.400000095367432
1322383,1,6.0
1322384,1,6.699999809265137
1322444,2,6.700000047683716
1322525,1,6.400000095367432
1322530,2,6.950000047683716
1322557,1,7.400000095367432
1322566,1,7.099999904632568
1322695,1,3.200000047683716
1322915,1,6.5
1322986,1,5.800000190734863
1323009,1,6.699999809265137
1323067,1,5.5
1323070,1,2.799999952316284
1323078,3,6.766666571299235
1323086,3,6.400000095367432
1323161,1,7.300000190734863
1323266,1,8.5
1323466,1,7.5
1323610,1,7.900000095367432
1323628,1,7.900000095367432
1323728,1,5.599999904632568
1323799,3,8.066666762034098
1323854,2,7.150000095367432
1323857,2,6.200000047683716
1323937,1,6.599999904632568
1323941,3,8.066666762034098
1323948,1,5.800000190734863
1323968,1,2.9000000953674316
1323975,1,8.800000190734863
1323992,1,6.699999809265137
1324037,3,8.666666666666666
1324043,2,6.200000047683716
1324050,1,6.099999904632568
1324053,1,4.699999809265137
1324056,1,4.5
1324071,1,6.5
1324072,1,7.699999809265137
1324103,1,5.199999809265137
1324110,1,3.0
1324190,1,8.0
1324215,3,7.633333524068196
1324364,1,9.100000381469727
1324365,2,6.650000095367432
1324376,2,7.950000286102295
1324415,2,8.350000381469727
1324443,1,5.099999904632568
1324480,3,7.333333333333333
1324484,1,6.699999809265137
1324487,1,6.599999904632568
1324490,2,6.950000047683716
1324596,1,9.0
1324597,1,6.800000190734863
1324612,1,2.9000000953674316
1324714,2,7.200000047683716
1324722,3,6.900000095367432
1324821,1,7.800000190734863
1324896,1,6.300000190734863
1324950,1,6.400000095367432
1324984,2,7.3500001430511475
1325033,1,7.900000095367432
1325035,1,6.0
1325104,1,5.400000095367432
1325118,2,7.150000095367432
1325120,2,8.600000381469727
1325206,1,3.5
1325290,3,7.300000031789144
1325320,1,7.300000190734863
1325324,1,7.5
1325342,2,6.299999952316284
1325474,1,6.800000190734863
1325526,1,5.5
1325531,1,5.5
1325568,1,7.5
1325707,1,6.599999904632568
1326068,4,5.875
1326141,1,5.5
1326273,1,8.100000381469727
1326282,1,8.5
1326332,1,7.0
1326370,3,6.866666793823242
1326392,1,6.699999809265137
1326500,2,7.099999904632568
1326501,1,6.400000095367432
1326511,1,5.699999809265137
1326525,1,6.400000095367432
1326531,3,7.166666666666667
1326532,1,6.5
1326578,1,5.900000095367432
1326620,2,6.049999952316284
1326621,1,7.699999809265137
1326650,1,4.800000190734863
1326752,2,7.450000286102295
1326789,1,6.199999809265137
1326818,1,8.699999809265137
1326819,1,6.400000095367432
1326886,2,6.400000095367432
1326887,2,6.400000095367432
1327056,2,6.5
1327132,1,6.599999904632568
1327143,1,7.5
1327162,2,5.799999952316284
1327196,1,6.199999809265137
1327207,1,4.599999904632568
1327242,1,8.600000381469727
1327246,1,7.900000095367432
1327328,2,6.650000095367432
1327339,1,5.599999904632568
1327361,2,6.150000095367432
1327371,1,4.300000190734863
1327446,1,8.5
1327465,1,3.9000000953674316
1327489,1,6.800000190734863
1327504,1,6.5
1327592,1,6.5
1327604,2,6.25
1327666,1,7.199999809265137
1327744,1,5.599999904632568
1327904,2,8.649999618530273
1327917,1,5.099999904632568
1327941,1,7.5
1327949,2,6.950000047683716
1327950,2,5.950000047683716
1328093,1,3.700000047683716
1328106,1,7.400000095367432
1328171,1,5.199999809265137
1328175,1,6.599999904632568
1328185,1,7.099999904632568
1328205,1,8.300000190734863
1328271,1,7.0
1328274,1,8.199999809265137
1328313,1,6.199999809265137
1328335,1,8.0
1328352,2,7.0
1328441,1,8.5
1328458,1,5.300000190734863
1328496,1,6.400000095367432
1328562,1,7.5
1328624,1,5.900000095367432
1328670,1,7.800000190734863
1328753,1,6.099999904632568
1328806,1,5.800000190734863
1329206,1,4.699999809265137
1329233,2,7.650000095367432
1329305,1,7.699999809265137
1329316,1,8.399999618530273
1329455,1,4.199999809265137
1329527,1,5.699999809265137
1329645,1,8.199999809265137
1329734,1,7.300000190734863
1329855,1,8.699999809265137
1329951,1,7.099999904632568
1329979,1,7.699999809265137
1329997,1,6.699999809265137
1330096,2,6.5
1330113,2,6.8500001430511475
1330199,1,7.599999904632568
1330396,1,6.900000095367432
1330413,1,8.199999809265137
1330696,1,6.5
1330774,1,7.699999809265137
1330788,1,5.300000190734863
1330830,1,7.800000190734863
1330832,1,7.800000190734863
1330852,1,5.900000095367432
1330884,2,4.599999904632568
1330909,1,5.300000190734863
1331022,1,6.300000190734863
1331100,2,6.1000001430511475
1331113,2,7.049999952316284
1331182,2,5.700000047683716
1331293,1,8.199999809265137
1331429,2,3.899999976158142
1331442,1,6.5
1331582,1,7.0
1331648,1,8.699999809265137
1331657,1,7.599999904632568
1331673,1,8.199999809265137
1331792,1,8.5
1331818,1,7.599999904632568
1331821,1,6.599999904632568
1331887,1,6.800000190734863
1331896,2,7.299999952316284
1331969,1,7.5
1332006,3,6.5333333015441895
1332058,1,5.800000190734863
1332072,5,6.960000133514404
1332135,1,5.0
1332171,4,5.449999928474426
1332211,2,7.549999952316284
1332221,2,7.200000286102295
1332234,1,4.599999904632568
1332252,2,7.449999809265137
1332363,1,8.399999618530273
1332427,1,8.100000381469727
1332507,1,8.399999618530273
1332523,1,3.5
1332531,1,8.300000190734863
1332644,1,4.699999809265137
1332665,3,6.5333333015441895
1332701,1,7.199999809265137
1332723,3,6.066666762034099
1332744,1,7.800000190734863
1333073,1,6.800000190734863
1333116,1,6.599999904632568
1333323,1,8.199999809265137
1333410,1,7.5
1333491,2,6.400000095367432
1333600,1,8.800000190734863
1333659,1,6.800000190734863
1333710,1,6.199999809265137
1333817,1,8.399999618530273
1334124,2,7.8999998569488525
1334236,1,8.199999809265137
1334320,1,7.300000190734863
1334352,1,6.599999904632568
1334385,1,7.199999809265137
1334386,1,7.199999809265137
1334402,1,6.5
1334545,1,7.300000190734863
1334746,1,6.900000095367432
1334772,2,6.900000095367432
1334815,1,7.099999904632568
1334996,1,7.5
1335173,1,6.900000095367432
1335174,3,7.9999996821085615
1335186,1,5.900000095367432
1335266,1,5.400000095367432
1335336,1,8.0
1335391,1,8.399999618530273
1335396,1,7.599999904632568
1335397,1,8.800000190734863
1335414,1,6.699999809265137
1335415,1,6.699999809265137
1335443,2,7.75
1335444,1,7.900000095367432
1335451,1,5.099999904632568
1335491,7,6.457142898014614
1335499,2,7.3500001430511475
1335623,2,7.0
1335838,1,4.400000095367432
1335854,1,3.4000000953674316
1335926,1,3.4000000953674316
1335973,2,6.650000095367432
1336008,1,7.800000190734863
1336155,1,3.700000047683716
1336198,2,7.900000095367432
1336270,1,6.5
1336349,1,8.0
1336350,2,6.799999952316284
1336351,2,8.300000190734863
1336508,1,7.099999904632568
1336525,1,7.800000190734863
1336526,1,6.0
1336706,1,7.400000095367432
1336712,1,6.599999904632568
1336806,2,5.25
1336807,2,5.25
1336863,1,6.900000095367432
1336904,8,7.137499988079071
1336905,3,7.433333237965901
1336917,3,6.666666666666667
1336948,2,4.700000047683716
1337061,1,6.300000190734863
1337094,3,8.200000127156576
1337095,2,7.049999952316284
1337216,1,6.599999904632568
1337334,1,7.099999904632568
1337337,1,7.0
1337366,1,5.800000190734863
1337475,1,5.199999809265137
1337508,1,6.400000095367432
1337584,2,7.0
1337602,1,6.699999809265137
1337603,1,6.699999809265137
1337676,1,6.5
1337795,1,3.200000047683716
1337846,1,7.699999809265137
1337912,1,8.199999809265137
1337977,1,8.699999809265137
1338002,1,7.400000095367432
1338039,1,5.900000095367432
1338265,1,5.800000190734863
1338292,1,5.599999904632568
1338305,2,3.399999976158142
1338322,3,7.0
1338365,1,7.199999809265137
1338397,1,7.199999809265137
1338405,1,7.900000095367432
1338451,2,7.1499998569488525
1338456,1,3.5999999046325684
1338534,1,5.900000095367432
1338541,1,3.799999952316284
1338542,1,3.799999952316284
1338597,1,8.5
1338840,2,8.699999809265137
1338885,1,4.300000190734863
1339016,1,6.199999809265137
1339126,1,8.300000190734863
1339127,1,8.300000190734863
1339168,1,7.199999809265137
1339538,1,5.900000095367432
1339569,1,3.5999999046325684
1339951,1,8.100000381469727
1340233,1,8.0
1340270,1,8.399999618530273
1340379,1,7.800000190734863
1340418,1,9.300000190734863
1340444,1,7.599999904632568
1340565,1,7.900000095367432
1340761,1,5.199999809265137
1340789,1,3.4000000953674316
1340819,1,4.300000190734863
1340823,1,5.5
1340950,1,7.099999904632568
1340958,2,4.8500001430511475
1341016,2,7.950000047683716
1341017,1,5.900000095367432
1341076,1,3.700000047683716
1341086,1,7.800000190734863
1341124,1,4.099999904632568
1341145,1,6.400000095367432
1341152,1,7.599999904632568
1341214,2,8.5
1341327,1,7.900000095367432
1341377,1,7.699999809265137
1341381,3,7.600000222524007
1341680,1,6.199999809265137
1341754,1,4.699999809265137
1341869,1,8.0
1341905,1,6.199999809265137
1341935,1,6.800000190734863
1341953,1,8.0
1342080,1,6.099999904632568
1342186,1,8.800000190734863
1342187,1,8.800000190734863
1342236,1,3.9000000953674316
1342405,1,8.5
1342426,1,6.400000095367432
1342528,1,8.300000190734863
1342530,1,7.5
1342622,3,7.433333396911621
1342698,1,7.400000095367432
1342699,1,7.400000095367432
1342700,1,7.400000095367432
1342701,1,7.400000095367432
1342751,1,6.099999904632568
1342758,1,5.599999904632568
1342864,1,8.5
1343105,1,8.399999618530273
1343106,1,8.399999618530273
1343355,1,5.099999904632568
1343383,1,7.300000190734863
1343427,1,6.900000095367432
1343508,1,8.600000381469727
1343509,1,6.5
1343518,2,6.25
1343585,2,7.199999809265137
1343619,2,6.900000095367432
1343858,2,8.200000286102295
1343922,1,7.599999904632568
1343940,1,7.599999904632568
1344029,1,5.900000095367432
1344038,1,8.399999618530273
1344093,1,7.599999904632568
1344146,1,4.5
1344221,1,5.5
1344409,1,6.800000190734863
1344470,1,6.5
1344679,1,5.5
1344735,1,7.800000190734863
1344865,1,5.900000095367432
1344866,1,5.900000095367432
1344924,2,7.750000238418579
1344938,1,6.599999904632568
1345016,1,9.100000381469727
1345141,1,5.400000095367432
1345225,1,7.800000190734863
1345246,1,7.699999809265137
1345268,1,7.5
1345277,1,6.900000095367432
1345278,1,6.900000095367432
1345414,2,6.900000095367432
1345498,1,8.300000190734863
1345501,2,6.299999952316284
1345521,1,8.199999809265137
1345590,3,6.699999968210856
1345959,2,8.199999809265137
1346063,1,3.4000000953674316
1346064,1,3.4000000953674316
1346138,1,7.199999809265137
1346156,1,3.799999952316284
1346292,1,5.699999809265137
1346422,1,5.599999904632568
1346572,1,5.0
1347587,1,7.800000190734863
1347704,2,6.400000095367432
1347803,2,5.599999904632568
1347842,2,7.3500001430511475
1348054,2,6.200000047683716
1348057,3,5.366666793823242
1348223,1,5.699999809265137
1348285,2,7.049999952316284
1348355,1,2.799999952316284
1348447,1,4.400000095367432
1348501,1,6.300000190734863
1348530,1,5.300000190734863
1348615,1,8.600000381469727
1348701,1,4.800000190734863
1348848,1,5.900000095367432
1348871,1,6.599999904632568
1348946,1,8.399999618530273
1348959,1,6.0
1349036,1,6.300000190734863
1349079,2,7.150000095367432
1349094,1,6.599999904632568
1349108,1,6.599999904632568
1349109,1,4.300000190734863
1349393,2,7.349999904632568
1349432,1,6.0
1349567,1,5.800000190734863
1349648,1,7.300000190734863
1349688,1,6.800000190734863
1349764,1,5.599999904632568
1349765,4,7.3749998807907104
1349809,1,2.5999999046325684
1350194,2,7.549999952316284
1350294,1,7.599999904632568
1350393,1,5.199999809265137
1350394,1,5.199999809265137
1350407,1,6.900000095367432
1350409,2,7.1499998569488525
1350410,2,7.1499998569488525
1350461,1,5.400000095367432
1350652,1,8.0
1350736,1,7.900000095367432
1350874,1,7.0
1351034,1,3.700000047683716
1351072,1,6.199999809265137
1351073,1,6.199999809265137
1351074,1,6.199999809265137
1351129,1,7.900000095367432
1351273,1,5.5
1351274,3,7.766666730244954
1351289,1,7.699999809265137
1351362,1,5.900000095367432
1351391,1,8.899999618530273
1351393,2,7.049999952316284
1351483,1,9.399999618530273
1351580,1,6.099999904632568
1351581,1,5.199999809265137
1351650,2,5.849999904632568
1351655,1,5.300000190734863
1351694,1,6.900000095367432
1351832,1,7.699999809265137
1351917,1,4.599999904632568
1351918,1,4.599999904632568
1351952,1,6.800000190734863
1351971,2,6.400000095367432
1351976,1,6.900000095367432
1352263,1,6.599999904632568
1352547,1,6.5
1352555,1,7.800000190734863
1352577,3,6.933333237965901
1352746,1,6.0
1352775,1,7.099999904632568
1352793,2,4.349999904632568
1352843,2,6.8999998569488525
1352851,1,5.5
1352880,1,7.699999809265137
1352926,1,7.599999904632568
1352945,1,6.400000095367432
1352962,1,6.800000190734863
1353086,1,5.699999809265137
1353087,1,5.099999904632568
1353108,1,5.300000190734863
1353163,1,7.099999904632568
1353299,1,6.699999809265137
1353311,1,7.099999904632568
1353324,1,8.899999618530273
1353395,2,8.25
1353417,1,6.699999809265137
1353418,1,6.699999809265137
1353531,1,6.300000190734863
1353608,1,6.400000095367432
1353619,1,5.599999904632568
1353638,2,8.449999809265137
1353662,2,2.9499999284744263
1353700,1,6.900000095367432
1353713,1,7.400000095367432
1353718,1,7.199999809265137
1353780,1,5.400000095367432
1353955,1,7.5
1354053,1,6.699999809265137
1354054,1,7.300000190734863
1354103,1,6.900000095367432
1354222,1,7.800000190734863
1354406,2,6.1000001430511475
1354415,2,5.75
1354526,1,7.599999904632568
1354544,1,5.800000190734863
1354743,1,8.300000190734863
1354748,1,6.300000190734863
1354749,1,6.300000190734863
1354769,3,6.566666603088379
1354805,1,5.699999809265137
1354927,1,6.599999904632568
1354949,1,6.5
1355008,1,5.400000095367432
1355011,1,5.0
1355091,1,7.400000095367432
1355104,1,3.9000000953674316
1355151,1,7.699999809265137
1355254,1,5.800000190734863
1355255,1,5.800000190734863
1355256,1,6.0
1355277,1,9.399999618530273
1355503,1,6.0
1355603,1,7.599999904632568
1355710,1,6.199999809265137
1355711,1,6.199999809265137
1355712,1,6.199999809265137
1355776,1,4.5
1355871,1,8.300000190734863
1355872,1,8.300000190734863
1355971,1,7.900000095367432
1355972,1,7.900000095367432
1355982,1,8.199999809265137
1356396,1,7.800000190734863
1356397,1,7.800000190734863
1356430,2,3.8000000715255737
1356440,1,5.800000190734863
1356449,1,8.699999809265137
1356627,1,8.300000190734863
1356638,1,8.0
1356639,1,8.0
1356652,1,7.5
1356931,1,7.400000095367432
1357205,1,4.5
1357206,1,6.900000095367432
1357230,1,7.199999809265137
1357231,1,7.5
1357587,1,6.599999904632568
1357709,1,7.199999809265137
1357929,1,4.699999809265137
1357971,1,6.800000190734863
1358169,1,7.400000095367432
1358173,1,8.300000190734863
1358263,1,7.099999904632568
1358585,1,8.399999618530273
1358616,1,3.9000000953674316
1358660,1,6.800000190734863
1358670,1,7.300000190734863
1358697,1,7.800000190734863
1358700,1,7.699999809265137
1359216,1,5.5
1359652,1,9.199999809265137
1359686,2,6.75
1359748,1,6.800000190734863
1359764,1,7.099999904632568
1359953,1,4.199999809265137
1359974,1,6.400000095367432
1360038,2,7.349999904632568
1360044,4,7.9750001430511475
1360155,1,7.300000190734863
1360179,1,5.199999809265137
1360198,1,4.400000095367432
1360484,2,7.650000095367432
1360573,2,6.549999952316284
1360574,1,6.5
1360686,1,8.100000381469727
1361073,1,7.699999809265137
1361074,1,7.699999809265137
1361259,1,7.599999904632568
1361863,1,6.400000095367432
1361966,1,7.300000190734863
1361974,1,7.099999904632568
1362038,1,9.199999809265137
1362072,1,6.5
1362153,1,7.699999809265137
1362233,1,6.199999809265137
1362256,2,7.8500001430511475
1362257,2,7.8500001430511475
1362489,1,4.099999904632568
1362507,1,5.400000095367432
1363149,3,9.5
1363207,1,8.399999618530273
1363208,1,8.399999618530273
1363229,1,6.5
1363230,1,6.5
1363546,1,5.699999809265137
1363547,1,5.699999809265137
1363597,3,8.966666539510092
1363792,1,6.900000095367432
1364028,1,7.699999809265137
1364095,1,7.800000190734863
1364166,1,6.900000095367432
1364417,1,6.0
1364445,1,6.099999904632568
1364621,1,6.699999809265137
1364713,1,9.0
1364944,1,7.699999809265137
1365035,1,3.700000047683716
1365037,1,7.599999904632568
1365062,1,7.599999904632568
1365093,1,6.699999809265137
1365262,1,7.199999809265137
1365465,1,3.9000000953674316
1365466,1,3.9000000953674316
1365709,2,5.650000095367432
1365752,1,7.199999809265137
1365873,1,8.300000190734863
1365884,1,6.800000190734863
1365892,1,8.899999618530273
1366161,1,7.300000190734863
1366253,1,8.100000381469727
1366328,1,7.599999904632568
1366350,1,7.5
1366508,1,6.400000095367432
1366547,1,8.0
1366855,1,4.400000095367432
1366907,2,8.450000047683716
1366973,1,7.400000095367432
1367293,1,8.199999809265137
1367472,1,6.5
1367529,1,6.800000190734863
1367821,1,6.199999809265137
1367988,1,8.800000190734863
1368168,1,7.199999809265137
1368714,1,7.300000190734863
1368738,1,8.699999809265137
1368824,2,7.099999904632568
1368880,1,8.399999618530273
1369085,1,7.900000095367432
1369278,1,8.100000381469727
1369512,1,6.800000190734863
1369893,1,6.0
1370100,1,4.5
1370147,1,5.900000095367432
1370154,1,7.099999904632568
1370232,1,6.800000190734863
1370425,1,9.100000381469727
1370662,1,7.099999904632568
1370671,1,6.199999809265137
1370761,1,7.699999809265137
1371173,1,4.199999809265137
1371495,1,7.199999809265137
1371903,1,7.800000190734863
1372083,1,6.199999809265137
1372084,1,6.199999809265137
1372224,1,7.900000095367432
1372367,1,6.300000190734863
1372396,1,8.0
1372453,5,6.339999961853027
1372766,3,7.899999936421712
1373009,1,7.599999904632568
1373154,1,7.599999904632568
1373220,1,6.400000095367432
1373517,1,3.700000047683716
1373883,1,5.5
1373927,1,7.300000190734863
1373944,1,4.599999904632568
1374099,1,7.599999904632568
1374304,1,7.199999809265137
1374775,1,8.300000190734863
1375259,1,7.300000190734863
1375270,1,6.400000095367432
1375435,1,7.800000190734863
1375623,1,6.699999809265137
1375966,1,7.300000190734863
1376078,1,4.599999904632568
1376419,1,7.099999904632568
1376541,1,6.900000095367432
1376737,2,6.599999904632568
1376789,1,5.0
1376933,1,8.100000381469727
1376946,1,7.199999809265137
1376976,1,7.300000190734863
1377163,1,7.0
1377365,1,6.599999904632568
1377414,1,6.699999809265137
1377801,1,5.5
1378091,1,8.300000190734863
1378170,1,7.800000190734863
1378256,1,8.0
1378402,1,6.900000095367432
1378455,1,8.399999618530273
1378464,1,8.399999618530273
1378560,1,6.199999809265137
1378742,1,6.900000095367432
1378928,1,7.5
1379281,1,4.400000095367432
1379375,1,7.699999809265137
1379532,1,7.699999809265137
1379564,1,8.399999618530273
1379633,1,8.199999809265137
1379732,1,7.5
1379934,1,7.699999809265137
1379964,1,8.199999809265137
1380153,1,6.400000095367432
1380238,1,8.300000190734863
1380306,1,6.0
1380409,1,6.800000190734863
1380589,1,7.699999809265137
1380918,1,7.599999904632568
1381275,1,6.0
1381425,1,7.199999809265137
1381643,1,6.900000095367432
1381724,1,6.5
1382008,1,7.099999904632568
1382167,1,6.099999904632568
1382173,1,8.199999809265137
1382356,1,8.100000381469727
1382535,1,6.5
1382569,1,7.599999904632568
1382583,1,6.400000095367432
1382988,1,7.699999809265137
1382997,1,8.100000381469727
1383262,1,7.300000190734863
1383594,1,6.699999809265137
1383681,1,7.900000095367432
1383859,1,5.5
1384008,1,5.599999904632568
1384009,1,6.800000190734863
1384190,1,6.400000095367432
1384327,1,6.5
1384460,1,7.699999809265137
1384529,1,8.5
1384629,1,7.5
1384892,1,8.300000190734863
1384928,1,8.800000190734863
1384986,1,5.699999809265137
1385149,1,4.5
1385269,1,7.5
1385323,1,8.399999618530273
1385830,1,7.099999904632568
1386058,1,6.800000190734863
1386131,1,9.100000381469727
1386139,1,7.300000190734863
1386294,1,7.599999904632568
1386569,1,8.899999618530273
1386931,1,7.5
1386979,1,5.300000190734863
1387112,1,4.900000095367432
1387130,1,9.300000190734863
1387388,1,6.699999809265137
1387561,1,9.5
1387649,1,6.599999904632568
1387855,1,7.5
1387896,1,6.599999904632568
1387956,1,7.199999809265137
1388044,1,8.699999809265137
1388239,1,7.699999809265137
1388697,1,7.099999904632568
1389185,1,7.599999904632568
1390081,1,8.300000190734863
1390082,1,7.900000095367432
1390140,1,7.0
1390326,1,7.099999904632568
1390397,1,5.699999809265137
1390878,1,7.400000095367432
1390925,1,6.400000095367432
1391054,2,6.75
1391111,1,6.800000190734863
1391181,1,6.199999809265137
1391313,1,5.300000190734863
1391361,1,7.099999904632568
1391556,1,8.100000381469727
1391631,1,6.900000095367432
1391633,1,8.0
1391801,1,6.800000190734863
1391840,1,7.099999904632568
1391843,1,7.0
1391876,1,5.699999809265137
1392324,1,5.900000095367432
1392464,2,7.599999904632568
1392523,1,7.900000095367432
1392526,1,7.400000095367432
1392644,1,5.900000095367432
1392882,1,7.5
1393204,1,7.0
1393401,1,4.5
1393424,3,6.666666666666667
1393516,1,8.600000381469727
1393680,1,7.199999809265137
1393743,1,7.300000190734863
1393923,1,6.5
1394430,1,8.600000381469727
1394438,1,6.800000190734863
1394692,1,6.900000095367432
1395041,1,7.5
1395363,1,7.099999904632568
1395371,1,8.199999809265137
1395467,1,7.900000095367432
1395674,1,8.600000381469727
1395787,1,6.699999809265137
1395844,1,3.9000000953674316
1396187,1,8.899999618530273
1396343,1,7.400000095367432
1396444,1,7.300000190734863
1396615,1,9.300000190734863
1396813,1,8.199999809265137
1396872,1,5.800000190734863
1396874,1,5.800000190734863
1396875,1,5.800000190734863
1396889,1,5.699999809265137
1397140,1,9.300000190734863
1397448,1,5.599999904632568
1397719,1,4.900000095367432
1397888,1,6.599999904632568
1398604,1,5.699999809265137
1398633,1,9.199999809265137
1398853,2,6.8500001430511475
1399001,1,9.0
1399049,1,7.099999904632568
1399194,1,7.699999809265137
1399518,1,7.599999904632568
1399628,1,6.400000095367432
1399856,1,8.5
1399862,1,6.800000190734863
1400030,1,6.599999904632568
1400131,1,5.699999809265137
1400238,1,5.900000095367432
1400633,1,6.099999904632568
1401171,1,7.900000095367432
1401175,1,7.900000095367432
1401211,1,7.0
1401242,1,7.099999904632568
1401550,1,6.199999809265137
1401588,1,7.300000190734863
1401912,1,7.099999904632568
1402271,1,4.400000095367432
1402281,1,7.5
1402483,1,6.900000095367432
1402488,1,5.599999904632568
1402729,1,7.599999904632568
1402967,1,7.800000190734863
1403004,1,6.099999904632568
1403069,1,8.300000190734863
1403294,1,7.099999904632568
1403715,1,8.600000381469727
1404022,1,5.900000095367432
1404071,1,6.900000095367432
1404226,1,9.300000190734863
1404703,1,8.100000381469727
1404704,1,8.100000381469727
1404895,1,7.599999904632568
1404918,1,6.599999904632568
1405351,1,6.599999904632568
1405352,1,4.800000190734863
1405353,1,4.800000190734863
1405441,1,6.0
1405751,1,7.900000095367432
1405753,1,7.900000095367432
1406085,2,6.5
1406119,1,7.599999904632568
1406262,1,4.199999809265137
1406270,1,6.5
1406548,1,8.5
1406613,1,6.900000095367432
1406827,1,6.5
1407022,1,7.0
1407124,1,7.0
1407331,1,6.400000095367432
1407521,1,7.400000095367432
1407959,1,5.800000190734863
1408776,1,6.300000190734863
1408784,1,8.399999618530273
1408785,1,8.399999618530273
1408786,1,8.399999618530273
1408895,1,7.400000095367432
1408896,1,7.400000095367432
1409562,1,7.699999809265137
1409648,1,6.699999809265137
1409871,1,7.300000190734863
1410329,1,7.400000095367432
1410496,1,7.699999809265137
1410583,1,4.0
1410658,1,5.300000190734863
1411161,1,6.5
1411453,1,8.100000381469727
1411512,1,7.400000095367432
1411670,1,7.300000190734863
1411801,1,7.599999904632568
1411883,1,3.5
1411969,1,3.799999952316284
1412637,1,6.199999809265137
1413063,1,5.400000095367432
1413258,1,6.800000190734863
1413883,1,7.099999904632568
1414044,1,7.400000095367432
1414058,1,5.599999904632568
1414059,1,5.599999904632568
1414153,1,6.800000190734863
1414176,1,7.099999904632568
1414530,1,5.900000095367432
1414906,1,8.100000381469727
1414907,1,6.800000190734863
1414959,1,8.399999618530273
1415033,1,7.099999904632568
1415299,1,7.300000190734863
1415313,1,6.199999809265137
1415626,1,7.900000095367432
1416021,1,6.099999904632568
1416092,1,6.300000190734863
1416329,1,7.300000190734863
1416366,1,7.0
1416403,1,7.0
1416571,1,7.099999904632568
1416769,3,6.866666793823242
1416960,1,7.5
1417223,1,9.100000381469727
1417306,1,7.699999809265137
1418782,1,7.300000190734863
1419147,1,7.199999809265137
1419290,1,7.5
1419545,1,6.599999904632568
1420290,1,7.5
1420386,1,6.699999809265137
1420526,1,7.5
1420938,1,4.800000190734863
1421168,1,6.099999904632568
1421539,1,8.899999618530273
1421540,1,8.899999618530273
1421920,1,6.5
1422028,1,9.100000381469727
1422771,1,8.100000381469727
1422864,1,7.199999809265137
1423047,1,7.800000190734863
1423178,1,7.099999904632568
1423409,1,7.0
1423724,1,6.400000095367432
1423798,1,6.400000095367432
1424287,1,7.400000095367432
1424299,1,7.800000190734863
1424681,1,7.300000190734863
1424820,1,6.099999904632568
1425263,1,7.0
1425417,1,7.699999809265137
1425418,1,6.300000190734863
1425476,1,6.199999809265137
1425827,1,7.699999809265137
1426985,1,5.699999809265137
1427369,1,8.699999809265137
1427410,1,7.199999809265137
1428237,1,6.599999904632568
1428239,1,6.599999904632568
1428518,1,7.099999904632568
1428519,1,7.099999904632568
1428650,1,8.100000381469727
1428686,1,5.400000095367432
1428771,1,7.300000190734863
1429071,1,6.900000095367432
1429656,1,8.100000381469727
1430313,1,7.099999904632568
1430378,1,8.399999618530273
1430466,1,7.800000190734863
1431020,1,9.300000190734863
1431085,1,6.800000190734863
1431439,1,3.799999952316284
1431608,1,9.300000190734863
1431641,1,8.699999809265137
1431697,1,9.0
1431705,1,7.800000190734863
1431732,2,8.349999904632568
1431805,1,7.800000190734863
1431934,1,8.899999618530273
1432042,1,8.199999809265137
1432140,1,7.099999904632568
1432220,1,7.800000190734863
1432284,1,7.800000190734863
1432507,1,7.800000190734863
1433106,1,7.0
1433107,1,7.0
1433108,1,7.0
1433511,1,7.0
1433897,1,7.800000190734863
1433969,1,7.800000190734863
1434181,1,9.199999809265137
1434388,1,8.0
1435770,1,7.800000190734863
1436460,1,9.100000381469727
1436868,1,7.5
1437203,1,6.800000190734863
1439464,1,6.400000095367432
1440358,1,6.099999904632568
1440365,1,7.0
1444318,1,6.0
1445728,1,9.100000381469727
1445729,1,9.100000381469727
