movie_id,genre_rating
1298871,6.860064372238384
1389915,7.23432228355785
1428055,6.651738188147175
1578714,6.678155523844761
1652592,6.676449607939259
1765014,7.068531007895331
1789492,7.092363604014872
1793929,7.45797835219426
1819388,6.6300682581133
1858711,6.957519581338438
1863766,7.050101011469717
1866471,6.678155523844761
1866473,6.676449607939259
1866479,6.677281028690595
1889242,7.369384712195807
1889243,6.937239853006253
1904722,6.545797475753418
1905779,7.186988736412685
1907465,7.068531007895331
1907966,7.050101011469717
1925058,7.050101011469717
1927366,7.23432228355785
1929463,6.938945768911755
1945750,7.604331381056317
1949877,6.663692312240601
1950330,7.365690563360866
1966182,6.678155523844761
1972729,6.96711964793454
1972732,6.712135883012505
1972738,6.94197634039408
1978709,6.926241859053886
1981645,7.16586121406926
1985677,6.677281028690595
2010972,6.857125137816485
2024966,7.017911269146303
2028585,6.957519581338438
2028669,6.910786701212697
2028677,7.062780753892854
2033822,6.860064372238384
2049435,6.676449607939259
2051007,6.791257511588707
2063914,6.67876577284171
2072478,6.900563645691506
2081493,6.651738188147175
2083735,6.631553002264416
2117898,6.545797475753418
2127789,7.123943146340518
2129132,6.676449607939259
2131291,6.938945768911755
2131654,6.678155523844761
2131669,6.67734564029484
2131940,6.678155523844761
2132473,6.480418516656644
2133323,6.93358477601042
2133379,7.46452339823266
2138838,6.676449607939259
2147836,6.666915147377402
2147872,6.788683040953107
2153526,6.591565839077386
2158222,6.570306403115247
2158490,6.677281028690595
2159331,6.975779531040314
2174535,6.6576175717132005
2209575,7.365690563360866
2210143,6.736192634939702
2227293,6.671733801592602
2244426,6.678155523844761
2269893,6.532166735058496
2275370,6.85235608414438
2276989,7.085619764417972
2303163,6.899838283511069
2303845,6.372053292417289
2325873,6.791257511588707
2334904,6.85235608414438
2336735,7.137052139222111
2336783,6.809216825947351
2336785,6.791257511588707
2338070,6.551983947734421
2353023,7.055462004371051
2363876,6.6576175717132005
2363919,6.8828813536745415
2364051,6.748735778472671
2364054,6.563304545792483
2368641,6.574749386579759
2567647,7.164283605573895
2973079,6.678155523844761
2974278,6.860064372238384
2974280,6.85235608414438
2977957,6.665801170701129
2994851,6.111263047350295
2996790,6.912528433214169
2997052,6.85235608414438
2997076,7.1087042179694935
2997094,7.321333552879327
2997134,6.676449607939259
2998253,6.960450919277989
2998340,6.722376725497579
2998373,7.248207381780074
2998376,6.949007297899225
2998456,6.876108820022139
2999913,6.74702986256717
3000078,7.092363604014872
3001077,6.591565839077386
3001149,7.2403110019088
3003836,7.080375577702242
3005387,7.077408078584321
3006783,6.535056491453395
3008256,6.574749386579759
3011235,6.791257511588707
3011459,6.747537383503426
3011484,6.663692312240601
3012013,6.651738188147175
3012033,6.314646458384966
3012053,6.857125137816485
3012819,6.876261894155118
3014200,7.080375577702242
3014399,6.571874793381142
3014557,6.663692312240601
3017651,6.678155523844761
3023164,7.46452339823266
3024838,6.8515637647378655
3025375,6.678155523844761
3025447,6.535056491453395
3026555,7.026633667698389
3026559,7.369384712195807
3026572,6.596767134608522
3036464,6.574749386579759
3036465,6.684079501797444
3036472,6.941336133139319
3036473,6.957519581338438
3036477,6.957519581338438
3036478,7.050101011469717
3041264,6.563304545792483
3041269,6.665801170701129
3041294,6.480418516656644
3041298,6.786977125047605
3056302,7.059711932546293
3058964,7.23432228355785
3059389,7.23432228355785
3059403,6.926241859053886
3066739,6.676449607939259
3068193,6.663692312240601
3068206,6.6576175717132005
3071441,6.786977125047605
3071469,6.949007297899225
3071604,7.214935379375425
3072064,7.264315626734645
3072185,7.041131370680421
3073073,6.860064372238384
3073158,7.369384712195807
3073268,7.46452339823266
3073647,6.912528433214169
3074503,7.172719972918487
3074533,7.243305361084276
3075287,6.665801170701129
3077408,6.583296091283798
3077412,6.817197213773033
3077734,6.67734564029484
3077742,6.670570224373233
3078384,6.666915147377402
3078390,6.953261311248096
3078391,6.912528433214169
3078514,7.084676348319978
3078521,7.23432228355785
3078549,6.651738188147175
3078609,6.79460701890579
3078753,6.663692312240601
3090455,6.791257511588707
3094909,6.9702199749703135
3095514,6.4664039464674445
3097525,6.578012492622088
3097572,6.786977125047605
3101548,6.956240144409312
3103186,6.596767134608522
3103683,7.059711932546293
3104794,6.557821930298735
3112738,7.23432228355785
3120852,6.85235608414438
3143676,6.314646458384966
3143727,6.651738188147175
3148064,6.634777524748357
3148089,7.012015044916756
3154908,6.574749386579759
3155971,6.926241859053886
3156086,7.443011489051318
3156117,6.669359312366242
3157583,6.678155523844761
3168086,6.860064372238384
3168089,6.786977125047605
3168101,6.581590175378295
3170961,6.857125137816485
3178770,7.050101011469717
3179706,6.581590175378295
3179758,6.870900901253783
3182856,6.799968011807124
3183490,6.678200118231419
3205624,7.443011489051318
3212398,6.596767134608522
3212965,7.23432228355785
3213173,6.574749386579759
3213270,6.672794530943428
3217142,6.720626273409531
3217149,6.673260284014595
3217165,6.912528433214169
3217166,6.969453408941609
3217169,7.412976114439026
3217878,6.805847940140357
3225261,6.860064372238384
3227410,6.678155523844761
3230115,6.67734564029484
3230121,6.860064372238384
3230155,6.663692312240601
3231740,6.651738188147175
3231742,6.563304545792483
3231823,6.86291837257685
3233635,6.900563645691506
3236904,7.443011489051318
3238087,6.651738188147175
3239906,6.984396328316606
3256172,6.651738188147175
3259973,7.068531007895331
3262050,6.563304545792483
3263814,7.055462004371051
3264229,6.670130183269202
3267120,6.786496233466546
3267195,6.4664039464674445
3268171,6.545797475753418
3269019,7.080375577702242
3269068,6.975779531040314
3274505,6.786977125047605
3279069,6.663692312240601
3279080,6.6576175717132005
3279093,6.783216022236706
3279107,6.672794530943428
3284396,6.574749386579759
3284397,7.365690563360866
3285073,6.748735778472671
3287562,7.050101011469717
3287578,6.664698282201499
3287715,7.23432228355785
3289081,6.7841610404408215
3289086,6.7545163674928235
3318306,6.663692312240601
3319755,6.79460701890579
3321409,6.798262095901621
3326747,7.092927952581832
3329192,6.674657543228097
3338851,6.85235608414438
3338862,6.676449607939259
3346365,6.871188120370438
3346464,6.79460701890579
3364223,6.860064372238384
3387483,6.657468026917406
3392569,6.79460701890579
3395373,6.772838878245494
3402101,6.672794530943428
3412830,6.330383822024987
3415993,6.938945768911755
3431336,6.931369794299873
3434070,6.788698637730455
3445906,6.67734564029484
3530403,6.871188120370438
3530407,6.949007297899225
3532614,7.059711932546293
3541415,6.879076023336031
3543318,6.417468155886918
3546019,6.558048516818704
3563200,6.663692312240601
3566266,6.768640394662367
3569910,6.672276140278736
3569911,6.661877564591925
3569943,6.580232002073508
3578920,6.663692312240601
3578925,7.131691146320779
3578939,6.857557379675516
3578981,7.108594467128814
3582181,7.068531007895331
3592845,7.080375577702242
3592853,6.676449607939259
3592854,6.676449607939259
3592859,6.941336133139319
3596502,7.047389236530566
3601176,7.059711932546293
3602084,7.080375577702242
3604148,6.994418150259655
3606971,6.857125137816485
3606973,6.676449607939259
3606975,6.985692379995037
3610047,6.563304545792483
3610676,7.23432228355785
3614963,6.85235608414438
3626364,7.281347851821817
3626372,7.112354009804861
3628370,6.748735778472671
3637220,7.409096636746794
3642835,6.596767134608522
3642843,6.676449607939259
3642866,6.811356774492517
3649049,7.198702877103386
3652297,6.581590175378295
3652302,6.574749386579759
3654340,6.663692312240601
3660130,7.012015044916756
3660428,6.969453408941609
3667102,7.23432228355785
3671938,7.186988736412685
3671986,6.94684214878303
3671995,7.257041519879124
3674181,7.23432228355785
3680627,6.606136454269873
3681613,7.583870989935739
3683594,7.23432228355785
3699737,6.661877564591925
3711760,6.591718598111275
3718237,6.860064372238384
3718269,6.857125137816485
3718273,7.033632668807939
3718279,6.673260284014595
3718424,6.563304545792483
3718460,7.23432228355785
3718678,7.651700694544786
3718782,7.23432228355785
3731581,7.050101011469717
3731626,6.661372984437644
3732780,6.949007297899225
3735003,6.489169385312783
3736637,6.969468330133168
3737102,6.857125137816485
3742360,6.8874915394448095
3742937,6.67876577284171
3742987,6.949007297899225
3743049,6.949007297899225
3743114,6.857125137816485
3744561,6.912528433214169
3749974,6.494652000806532
3750104,6.93358477601042
3754946,6.437254572031732
3768185,7.937107228027667
3769423,7.16586121406926
3769442,6.557821930298735
3771562,6.731852903336944
3775163,7.141179263477937
3775167,6.535056491453395
3777800,6.574749386579759
3778238,6.843136915957359
3780045,7.050101011469717
3789848,7.050101011469717
3789921,6.545797475753418
3792787,7.583870989935739
3792799,7.365690563360866
3792816,6.451951548356869
3792848,7.23432228355785
3793783,6.659511081775693
3796613,6.663692312240601
3804629,6.545797475753418
3804746,6.328038052184081
3804891,7.106474626238835
3808604,6.735068661783659
3811356,7.23432228355785
3813779,6.204898900742451
3819877,6.85235608414438
3819939,6.668526564945802
3820191,6.79460701890579
3821067,6.955945246844606
3824339,6.581590175378295
3824500,6.452935033128042
3836070,7.1126581754865015
3837666,6.557821930298735
3868141,6.574749386579759
3871780,7.23432228355785
3874981,6.581590175378295
3878007,6.678155523844761
3878157,6.545797475753418
3878247,6.676449607939259
3882427,6.972842068328179
3893805,7.253568374681407
3895511,6.676449607939259
3914500,6.7545163674928235
3914513,7.422264080016561
3927734,7.050101011469717
3927736,7.075802195360373
3927750,6.671733801592602
3927789,6.7465976207081395
3928370,6.4159723618742115
3929374,6.663692312240601
3990098,6.583296091283798
3992381,6.618161434549922
3993559,7.198702877103386
3993588,7.068531007895331
3999549,7.23432228355785
4004731,7.23432228355785
4014396,6.676449607939259
4014405,6.658747463846533
4017146,6.4664039464674445
4023433,6.751363258470567
4023638,7.369384712195807
4035906,6.613499247169533
4043647,6.783322048051772
4051753,6.6805458880723245
4058933,7.092363604014872
4058963,6.838019995844453
4059245,6.860064372238384
4062922,6.663692312240601
4074292,6.974073615134812
4075568,7.021163629212431
4078562,6.922144019365777
4078592,6.7240267642778795
4079117,6.563304545792483
4082101,7.509078349385943
4082544,6.942843856768343
4086853,6.8423804204452905
4097023,6.843136915957359
4097121,6.663692312240601
4097466,6.663692312240601
4099231,6.6994205547576895
4100696,6.663692312240601
4109909,6.967933283799378
4109918,6.8440863363507916
4116481,6.786977125047605
4117274,6.4664039464674445
4117302,6.980753300987185
4118060,6.860542458491969
4120583,6.912528433214169
4126925,6.678155523844761
4130238,6.78466371445073
4132407,6.774396946887668
4133814,6.768145088821547
4133988,6.591565839077386
4134631,6.451951548356869
4135434,7.2282267210213185
4135710,7.23432228355785
4136036,7.23432228355785
4151110,6.860064372238384
4154632,6.905199276412404
4154669,6.857125137816485
4160524,7.23432228355785
4160540,6.665801170701129
4164444,7.262920903445149
4168733,7.365690563360866
4173583,6.249153847816663
4176542,6.969453408941609
4179012,6.941336133139319
4180445,6.489169385312783
4185834,6.476763439660812
4190211,6.827453715084219
4191644,6.860064372238384
4202204,6.528373270938756
4202302,7.055462004371051
4202982,7.077026963766997
4202983,6.722318442775086
4206357,6.860542458491969
4206436,7.186988736412685
4206477,6.75163150804233
4212172,6.672794530943428
4215790,6.79460701890579
4218768,6.7545163674928235
4221462,6.676449607939259
4230918,7.365690563360866
4237863,6.6076198636035075
4237879,6.663692312240601
4241887,7.365690563360866
4246125,7.055462004371051
4249355,6.797384211999844
4267948,7.214935379375425
4268598,6.926241859053886
4271894,6.574749386579759
4280770,6.912528433214169
4281535,6.926241859053886
4282653,7.13965518926752
4284085,7.365690563360866
4286017,6.668526564945802
4290704,6.663692312240601
4290915,7.23432228355785
4291272,6.618161434549922
4291275,7.23432228355785
4300641,6.618161434549922
4301043,6.8032138822212325
4301056,6.574749386579759
4301181,6.67734564029484
4301224,6.791257511588707
4301285,6.535056491453395
4301659,7.059711932546293
4301662,6.581590175378295
4304212,7.365690563360866
4305436,6.79460701890579
4310059,6.75163150804233
4312232,6.663692312240601
4312428,6.651738188147175
4313109,6.953261311248096
4313160,6.949007297899225
4319218,6.799968011807124
4319445,6.801793749674363
4320237,6.509615496355167
4323732,6.204898900742451
4326412,6.51613368305909
4328442,6.692471066181103
4328443,7.186988736412685
4706257,7.196271900770536
4707230,6.574749386579759
4707585,6.641822566636541
4707596,6.413710944578891
4709671,7.29623355932046
4709904,6.485806460918918
4711343,6.926241859053886
4718369,7.2282267210213185
4723944,6.666915147377402
4724373,6.4664039464674445
4724586,7.080375577702242
4724739,6.574749386579759
4727460,6.860064372238384
4727962,6.949007297899225
4735944,6.328038052184081
4739952,6.79460701890579
4746257,6.563304545792483
4767216,6.663692312240601
4798707,6.860064372238384
4804209,7.463138782754429
4807924,6.663692312240601
4811807,7.106099359071207
4811813,6.676449607939259
4812830,7.150167930487326
4816602,6.791257511588707
4817018,6.647003089673206
4817024,6.79460701890579
4817901,6.4664039464674445
4821046,6.790099696194792
4822829,6.969453408941609
4822848,6.316753081330066
4824512,7.055462004371051
4826409,7.23432228355785
4826419,6.912528433214169
4826765,6.451951548356869
4830236,6.912528433214169
4830478,6.666915147377402
4830500,7.051826121450827
4832288,7.365690563360866
4838667,6.860064372238384
4840388,6.949007297899225
4843480,7.768592439552641
4843641,6.663692312240601
4844731,6.678155523844761
4844903,6.485806460918918
4845414,6.574749386579759
4847665,6.860064372238384
4848115,7.417492994109913
4849728,7.369384712195807
4858775,6.574749386579759
4861408,6.574749386579759
4861627,7.23432228355785
4864908,6.3920278564021835
4873490,6.860064372238384
4876722,6.949007297899225
4881607,6.574749386579759
4883258,6.532166735058496
4883300,7.23432228355785
4883425,6.597334588446131
4885994,7.23432228355785
4887437,7.2282267210213185
4889554,6.7841610404408215
4894074,6.314646458384966
4894075,6.661372984437644
4896263,6.860064372238384
4896303,7.583870989935739
4896304,6.3920278564021835
4896305,7.198702877103386
4896894,6.85235608414438
4901335,6.663692312240601
4901684,6.735949183470009
4901698,6.921698935463832
4903613,6.574749386579759
4904026,7.2207463793606195
4906427,6.772101397760684
4907844,7.583870989935739
4910200,7.017911269146303
4911596,6.663692312240601
4913185,6.949007297899225
4913200,6.765899086915494
4913222,6.392694328859309
4914468,7.050101011469717
4914656,7.322010471544786
4915122,6.535056491453395
4915854,7.050101011469717
4915857,7.050101011469717
4917698,6.468879004637893
4917726,6.949007297899225
4919019,6.604107786378009
4919151,6.663692312240601
4920389,6.676449607939259
4920528,6.79460701890579
4922850,6.663692312240601
4924142,6.563304545792483
4924694,7.209444188041128
4924799,7.186988736412685
4926002,6.663692312240601
4927336,6.949007297899225
4930393,6.860064372238384
4934987,7.165989521479396
4935011,6.949007297899225
4935242,7.026187335716912
4936770,6.752390855468504
4942776,6.609520144135344
4942778,6.3630371709032785
4942779,6.574749386579759
4943938,6.678155523844761
4995724,6.663692312240601
5028328,7.23432228355785
5028536,6.797384211999844
5041518,6.860064372238384
5044737,7.059711932546293
5044739,6.79460701890579
5045678,7.165989521479396
5149279,6.912528433214169
5150245,6.85235608414438
5151357,6.949007297899225
5152333,6.663692312240601
5153144,7.243305361084276
5153254,6.574749386579759
5153329,6.913469024205991
5153874,7.23432228355785
5154496,7.050101011469717
5154799,6.676449607939259
5155038,6.735949183470009
5155169,7.23432228355785
5156137,6.912528433214169
5156574,7.361117181018997
5157137,6.94197634039408
5159993,6.4664039464674445
5170652,6.663692312240601
5183361,6.949007297899225
5194471,6.7129638959445606
5208150,8.652083297570547
5244092,7.135187270797932
5247058,7.23432228355785
5250341,6.451951548356869
5250583,6.574749386579759
5256418,6.843136915957359
5258017,6.860542458491969
5262338,7.409096636746794
5262339,7.443011489051318
5265135,7.409096636746794
5265182,7.837164534540832
5265471,6.799968011807124
5267375,6.391947638776823
5279575,6.509615496355167
5279593,7.23432228355785
5282434,6.774396946887668
5285669,6.860064372238384
5286821,6.668526564945802
5289186,7.54046491654981
5290729,6.574749386579759
5294324,6.860064372238384
5294326,7.23432228355785
5294432,6.669174927734349
5295610,7.23432228355785
5298995,6.970531969005575
5300054,7.482724281037657
5308199,7.409096636746794
5308265,6.748735778472671
5316733,6.892767691241477
5317291,6.565863419650736
5318665,6.949007297899225
5318669,7.068531007895331
5319835,6.485806460918918
5320233,6.689440494698778
5322596,7.23432228355785
5323683,7.208807285764863
5323881,6.927705392444396
5323957,6.676449607939259
5323968,6.676449607939259
5324813,6.604107786378009
5326539,7.583870989935739
5327156,7.186988736412685
5327189,7.438417372219156
5327201,6.6805458880723245
5327224,6.880869061496223
5327268,6.86300452138251
5327459,7.583870989935739
5327463,6.678155523844761
5327474,7.080375577702242
5330387,7.369384712195807
5344178,7.344576296108232
5346468,6.728657594891118
5350027,6.6133243730551365
5355187,6.7240267642778795
5360033,6.879136950546555
5360889,7.334303996196999
5360890,6.653098652209738
5361544,7.012015044916756
5364905,6.67734564029484
5364952,7.365690563360866
5364978,7.123781651088169
5364987,6.545797475753418
5365963,6.535821812054329
5366708,6.79460701890579
5374152,6.4664039464674445
5374383,7.23432228355785
5380919,7.080375577702242
5382887,6.793267215978956
5386987,6.794843057930052
5387015,7.583870989935739
5387021,6.618161434549922
5387041,7.943202790564198
5403927,7.458385113687146
5407085,7.583870989935739
5422105,6.818989986943706
5446197,7.064607016170021
5501708,6.722376725497579
5501711,6.58922006923648
5501712,7.507547216595344
5502697,6.668526564945802
5908473,6.751184425422728
5908477,6.685755093448057
5908478,6.860064372238384
5908527,7.2282267210213185
5910040,7.092363604014872
5912992,7.23432228355785
5919333,7.135187270797932
5919538,6.860064372238384
5940763,7.23432228355785
5948606,6.941336133139319
5951292,6.485806460918918
5959696,6.663692312240601
5964718,7.365690563360866
5967821,6.870132404743966
5968334,7.072395862546884
5968450,6.663692312240601
5972036,7.033632668807939
5975197,6.663692312240601
5977478,6.609758021368041
5977835,7.365690563360866
5977836,6.797384211999844
5985871,6.4664039464674445
5985888,7.064607016170021
5989818,6.995943756339277
5993138,6.160210922155821
5993155,7.23432228355785
5993185,6.799968011807124
5996409,7.365690563360866
5996799,6.487135286330123
5996800,6.335451349047219
5996801,6.330383822024987
5997157,6.949007297899225
6001229,6.651738188147175
6006087,7.23432228355785
6007281,7.144227762130553
6010171,7.409096636746794
6011805,7.0704557247148045
6011806,6.557821930298735
6019180,7.131691146320779
6021916,6.488048410514828
6021917,6.461586480430586
6030607,7.23432228355785
6037517,6.671733801592602
6037977,6.79460701890579
6037981,7.507547216595344
6038071,6.314646458384966
6039412,6.799968011807124
6040982,6.67734564029484
6041191,6.969453408941609
6041199,6.668526564945802
6041200,7.651700694544786
6041221,6.485806460918918
6041222,6.574749386579759
6053347,6.941336133139319
6053679,7.055462004371051
6053731,6.744773202423184
6057942,6.557821930298735
6060652,6.751184425422728
6061437,6.4664039464674445
6068516,6.7676375360057675
6070226,7.050101011469717
6078003,6.80161120560357
6080698,7.583870989935739
6080748,6.602850809931403
6080756,6.857125137816485
6080772,7.198702877103386
6080775,6.86625982547109
6080840,7.20549423608549
6082518,6.676449607939259
6083109,6.949007297899225
6097775,6.79460701890579
6101728,7.23432228355785
6110546,6.860064372238384
6110568,6.6942730965758654
6118718,7.583870989935739
6121141,6.926241859053886
6123978,7.23432228355785
6124012,6.304836027459034
6126441,7.092363604014872
6126442,6.783322048051772
6128003,6.574749386579759
6128025,6.4664039464674445
6129462,7.198702877103386
6129642,7.253568374681407
6146955,8.652083297570547
6147308,6.860064372238384
6221409,6.533816773838796
6307447,6.947253394442862
6307506,7.1762749165301996
6309377,6.663692312240601
6311303,6.678155523844761
6313287,6.574749386579759
6313765,7.466453524468862
6383498,6.656629872220026
6383536,6.314646458384966
6386345,6.79460701890579
6390823,6.676449607939259
6390825,6.676449607939259
6390832,6.960018275553455
6393127,7.198702877103386
6396294,6.949007297899225
6402119,6.991923011663277
6402464,6.941336133139319
6424135,7.365690563360866
6424814,6.676449607939259
6425116,6.3920278564021835
6425147,6.860064372238384
6428132,6.860064372238384
6430835,7.024871625530853
6430838,6.949007297899225
6435936,6.714488574168585
6436763,6.574749386579759
6436977,6.663692312240601
6511042,7.23432228355785
6514105,6.574749386579759
6515363,6.860064372238384
6517421,6.941336133139319
6518638,7.583870989935739
6518721,6.79460701890579
6519585,7.23432228355785
6521506,6.949007297899225
6527269,6.860064372238384
6531219,6.860064372238384
6532822,6.480418516656644
6533054,6.676449607939259
6534248,6.957519581338438
6536180,6.85235608414438
6537486,6.969453408941609
6537500,6.651738188147175
6538590,7.23432228355785
6538697,6.860542458491969
6538807,6.795803368812194
6538866,7.46452339823266
6539385,6.651738188147175
6549903,7.024871625530853
6557030,6.557821930298735
6558262,6.651738188147175
6558801,6.969468330133168
6560058,6.678155523844761
6560928,7.39564217556285
6601382,6.860064372238384
6710798,6.860064372238384
6714088,6.799968011807124
6714930,6.795803368812194
6717575,6.671733801592602
6721670,6.803402055853612
6722879,6.798262095901621
6724955,7.198702877103386
6727307,6.563304545792483
6730004,6.860064372238384
6731985,6.663692312240601
6738735,6.778824276464948
6738760,6.860064372238384
6745433,6.9702199749703135
6753166,6.774396946887668
6755223,6.663692312240601
6759229,6.9702199749703135
6771529,6.651738188147175
6778650,6.574749386579759
6780857,6.497210874664784
6781967,6.860064372238384
6781971,7.443011489051318
6782006,6.574749386579759
6786002,6.949007297899225
6788265,6.949007297899225
6788517,6.4664039464674445
6791750,7.101333244804169
6796158,6.534468833475287
6799191,6.969453408941609
6803494,7.46452339823266
6814906,7.23432228355785
6814999,6.5782680413411185
6827727,6.653098652209738
6828823,6.676449607939259
6829665,7.23432228355785
6835009,6.764295468592094
6837235,6.314646458384966
6839145,6.846065995218944
6844861,7.583870989935739
6844868,6.58279087593176
6845529,6.949007297899225
6845667,6.672794530943428
6846495,7.173195636239846
6846893,6.581590175378295
6850547,6.975779531040314
6855849,6.640926873395261
6860160,7.033632668807939
6864262,7.1570198806901
6866928,6.581590175378295
6869395,6.663692312240601
6869412,6.827453715084219
6869414,7.583870989935739
6870362,7.23432228355785
6870493,6.975779531040314
6872244,6.949007297899225
6872273,6.671469264713909
6872936,7.012556595021991
6873042,6.676449607939259
6873085,6.663692312240601
6873143,7.131691146320779
6873657,7.059711932546293
6873736,7.050101011469717
6873824,6.912528433214169
6873905,6.949007297899225
6874137,7.123943146340518
6874140,6.489169385312783
6874403,6.902153613575789
6874441,6.7744843709714075
6874456,6.676449607939259
6874741,6.953261311248096
6875263,6.689440494698778
6875647,6.651738188147175
6875863,7.161840469393258
6878446,6.808237759600712
6879185,7.369384712195807
6880497,6.949007297899225
6886518,6.768145088821547
6886525,7.583870989935739
6887029,7.39564217556285
6889533,6.969453408941609
6890469,6.783322048051772
6890730,6.857125137816485
6890746,6.663692312240601
6895950,7.482724281037657
6900094,6.842776154301421
6902345,6.574749386579759
6902735,6.783322048051772
6905169,6.574749386579759
6946772,6.663692312240601
6957273,6.672794530943428
6957293,6.902153613575789
6959177,6.799968011807124
6960858,7.583870989935739
6965615,6.879136950546555
6968180,7.253568374681407
6970906,6.997379635791764
6971315,6.590674648973884
6973376,6.860064372238384
6973460,6.598473050514023
6981146,6.860542458491969
6981153,7.257041519879124
6982558,6.678155523844761
6982609,7.461092531567528
6984051,7.017911269146303
6984061,6.557821930298735
6984064,6.574749386579759
6985803,7.211373619651515
6985810,7.23432228355785
6985986,7.52984596446467
6989758,7.583870989935739
6991110,6.6805458880723245
7003297,6.485806460918918
7015798,7.9535820198943945
7046723,6.786977125047605
7047323,6.400000095367432
7051294,6.518248042623164
7051357,6.904584390367505
7051830,6.938945768911755
7051900,6.663692312240601
7052383,6.748735778472671
7052437,6.927705392444396
7052636,6.941336133139319
7053723,6.674657543228097
7054604,6.563304545792483
7056398,7.146147185811325
7056414,6.651738188147175
7059671,6.808237759600712
7062227,7.198702877103386
7062596,6.860064372238384
7064681,7.248756851900518
7065120,6.679775290944603
7065154,6.676449607939259
7065161,7.119407428931757
7065211,6.568832907952965
7065238,7.13678881876505
7065334,6.918407816780195
7065417,6.975779531040314
7152895,7.23432228355785
7152908,6.924915531204633
7154408,6.6464094888890095
7155005,7.365690563360866
7155083,6.485806460918918
7161698,7.583870989935739
7175256,7.6850182880420475
7564989,6.3920278564021835
7916027,6.666915147377402
10001432,7.583870989935739
10047547,6.676449607939259
10342838,6.651738188147175
10344754,6.857125137816485
10355329,6.79460701890579
10355625,7.129264266581918
10416189,6.663692312240601
10430817,6.957048787251226
10432181,6.85235608414438
10432911,6.86300452138251
10437779,7.059711932546293
10438426,7.059711932546293
10438585,7.23432228355785
10439235,6.79460701890579
10439358,6.912528433214169
10439805,6.678155523844761
10440076,6.678155523844761
10440138,6.676449607939259
10442182,7.23432228355785
10446625,6.926241859053886
10450409,7.198702877103386
10450713,7.123943146340518
10453730,6.574749386579759
10453731,7.45797835219426
10456963,6.574749386579759
10459051,6.860064372238384
10460153,6.663692312240601
10460270,6.678155523844761
10461368,6.485806460918918
10462705,6.779879562381417
10463953,7.378397561462576
10466836,6.741208761723637
10467125,6.979520756841807
10467774,7.3885556118526265
10468424,7.23432228355785
10477734,6.774396946887668
10480973,7.583870989935739
10484041,6.860064372238384
10484601,6.960018275553455
10485481,6.735949183470009
10485526,6.4664039464674445
10485647,6.815917776843906
10487226,7.23432228355785
10487568,6.797384211999844
10491649,7.2282267210213185
10508874,6.391947638776823
10508876,6.926241859053886
10508878,6.678200118231419
10508901,7.00648225870154
10512661,6.8423804204452905
10521670,6.827453715084219
10521893,7.23432228355785
10526498,6.797384211999844
10527288,6.655856004779861
10531201,7.583870989935739
10533890,7.583870989935739
10533913,7.050101011469717
10535562,6.857125137816485
10535568,7.069346940985638
10537853,7.365690563360866
10539139,6.618027769161629
10540066,6.843136915957359
10543906,7.2282267210213185
10545939,7.123943146340518
10546007,7.583870989935739
10546436,6.6576175717132005
10546747,7.23432228355785
10548265,7.383306345991375
10549223,6.509615496355167
10549480,6.799968011807124
10558252,6.774396946887668
10558447,7.13182314044017
10562987,6.58279087593176
10563107,6.860064372238384
10563779,6.451951548356869
10564052,7.365690563360866
10567489,8.800000190734863
10567506,6.485806460918918
10568385,7.369384712195807
10569133,6.661372984437644
10569151,7.583870989935739
10571509,7.365690563360866
10573499,6.509615496355167
10573695,6.335451349047219
10574468,6.574749386579759
10574622,6.663692312240601
10576419,7.365690563360866
10577869,6.609758021368041
10581908,6.6538763459117085
10586620,7.23432228355785
10590080,7.23432228355785
10594965,6.663692312240601
10598440,6.6151029461953055
10600271,6.941336133139319
10604087,6.679073801861268
10604227,6.8387253434494575
10604486,6.666915147377402
10604892,6.343629793464171
10604893,6.304836027459034
10605978,6.663692312240601
10606003,7.583870989935739
10608242,6.618161434549922
10617158,7.217271013905376
10617168,6.941336133139319
10726941,6.664949774691724
10727641,6.6576175717132005
10733376,6.860064372238384
10733558,6.860064372238384
10735399,7.443011489051318
10741220,6.860064372238384
10741643,6.671733801592602
10741834,6.677281028690595
10741865,6.722376725497579
10741871,8.151891996057667
10743974,6.668526564945802
10745208,7.23432228355785
10745399,7.131691146320779
10745405,6.663692312240601
10746175,6.568832907952965
10746430,7.040216202268497
10747855,6.678155523844761
10748092,6.451951548356869
10748226,8.652083297570547
10748492,6.912528433214169
10749958,6.860064372238384
10749985,7.075802195360373
10754780,7.39564217556285
10755367,7.23432228355785
10755697,6.87289403627594
10756499,6.663692312240601
10756517,7.311952331463736
10756537,6.668526564945802
10756728,6.671733801592602
10757577,7.069346940985638
10757580,7.119731058091816
10758223,6.547447514533719
10759740,6.716092192491984
10759926,7.23432228355785
10760030,7.23432228355785
10762817,7.087441128037071
10763157,6.960018275553455
10763164,6.818989986943706
10763928,7.151658887788766
10764850,6.618161434549922
10765742,7.23432228355785
10766459,6.654726719170532
10772258,7.123781651088169
10773239,7.012556595021991
10774066,6.666915147377402
10774184,6.8515637647378655
10774666,6.926241859053886
10774980,6.314646458384966
10777687,7.131691146320779
10777780,6.860064372238384
10777783,6.704584534325368
10788846,6.574749386579759
10791575,6.678155523844761
10792320,6.535056491453395
10792322,6.535056491453395
10792650,6.653098652209738
10793610,6.86300452138251
10794042,7.1126581754865015
10796578,7.23432228355785
10806395,6.949007297899225
10807909,6.9321671883537626
10807916,6.299874178782881
10808442,6.860064372238384
10810336,6.314646458384966
10810745,6.537471850834628
10827341,6.956240144409312
10829828,6.663692312240601
10831445,7.39564217556285
10831449,6.882185872107801
10833923,6.574749386579759
10833924,6.745554895865858
10833971,6.860064372238384
10851241,6.8387253434494575
10864706,6.663692312240601
10864754,6.949007297899225
10877413,7.059711932546293
11026735,6.855382425198823
11443314,7.050101011469717
11443316,7.055462004371051
11443807,7.017911269146303
11443810,7.017911269146303
11499033,6.598473050514023
11500954,7.23432228355785
11501396,7.059711932546293
11502154,7.509078349385943
11502889,6.676449607939259
11502912,7.23432228355785
11502973,6.676449607939259
11503382,7.583870989935739
11505245,6.485806460918918
11510624,6.941336133139319
11520649,7.46452339823266
11523504,6.774396946887668
11524967,7.050101011469717
11525673,6.93358477601042
11526817,6.8128699955756415
11527491,7.23432228355785
11529526,7.23432228355785
11534824,6.618161434549922
11540651,7.365690563360866
11541282,7.151658887788766
11577177,6.663692312240601
11580479,7.443011489051318
11584016,6.957048787251226
11584019,7.055462004371051
11584024,7.583870989935739
11584309,7.583870989935739
11589036,6.900563645691506
11598669,7.6850182880420475
11598977,7.1400264212360725
11599168,7.3709347500765965
11600078,6.735949183470009
11601131,6.651738188147175
11606327,7.186988736412685
11606328,6.678155523844761
11610281,6.6576175717132005
11610693,6.663692312240601
11611021,7.319282820920368
11611136,7.6850182880420475
11614603,6.574749386579759
11615927,7.409096636746794
11620560,6.6576175717132005
11624706,7.123781651088169
11625097,6.557821930298735
11625312,6.557821930298735
11625731,6.663692312240601
11627068,6.763689608478454
11632599,6.763689608478454
11776289,6.9411475796661035
11803087,6.494652000806532
11810348,7.050101011469717
16475702,6.574749386579759
19425128,7.535891534207941
19899663,7.23432228355785
19899707,7.055462004371051
19899718,6.957519581338438
19944106,6.609758021368041
19945757,6.949007297899225
19955789,6.79460701890579
19955828,7.23432228355785
19955955,7.651700694544786
19957083,6.663692312240601
19961072,6.969453408941609
19962575,6.485806460918918
19967839,6.574749386579759
19971676,6.596767134608522
19973312,7.23432228355785
19973780,7.467748474936666
19973815,6.485806460918918
19973828,7.583870989935739
19975328,7.651700694544786
19976058,7.334303996196999
19976774,7.23432228355785
20020577,7.23432228355785
20254219,6.663692312240601
20256636,7.361117181018997
20257326,6.797384211999844
20266428,6.868410108670502
20266598,7.409096636746794
20266753,6.857125137816485
20274039,7.019074209507164
20276520,6.663692312240601
20277433,6.927705392444396
20277632,6.651738188147175
20278505,6.689621038776732
20278801,6.574749386579759
20283482,6.957519581338438
20326665,6.676449607939259
20376577,6.79460701890579
20378794,6.860064372238384
20378811,6.518248042623164
20388198,6.668526564945802
20388223,7.064607016170021
20388224,6.668526564945802
20418685,6.735949183470009
20426995,6.485806460918918
20435622,6.676449607939259
20436812,7.23432228355785
20438548,7.583870989935739
20438962,6.949007297899225
20438964,6.957519581338438
20440456,7.361117181018997
20443013,6.568832907952965
20444530,6.860064372238384
20451290,6.678155523844761
20451307,6.143283465874797
20452308,6.663692312240601
20470074,7.034838725427329
20470260,7.23432228355785
20471829,7.23432228355785
20471852,6.480418516656644
20472857,6.574749386579759
20490940,6.663692312240601
20491393,7.409096636746794
20494548,6.949007297899225
20495023,7.121075165172198
20497559,6.735949183470009
20497905,7.455938576904383
20501030,6.314646458384966
20505982,6.857125137816485
20513059,6.485806460918918
20513060,6.545797475753418
20513061,6.751184425422728
20514871,6.755421426950829
20514902,6.912528433214169
20514947,6.859263295581019
20515018,6.3630371709032785
20515070,6.980753300987185
20515071,6.367783666551113
20515977,6.664949774691724
20521014,7.5698063865124645
20645098,7.13182314044017
21263666,7.081102477389725
21264218,6.933287861432982
21264285,6.860064372238384
21264315,6.557821930298735
21318488,6.860542458491969
21319204,6.663692312240601
21319853,7.443011489051318
21320278,6.763689608478454
21324900,6.954489913392973
21327493,6.975779531040314
21327494,6.949007297899225
21327512,6.3920278564021835
21327518,7.080375577702242
21328095,6.564629511979477
21332518,6.949007297899225
21332535,6.79460701890579
21334420,6.93184616293226
21339392,6.949007297899225
21340202,7.050101011469717
21345845,7.443011489051318
21349048,6.954489913392973
21349345,6.676449607939259
21349734,6.748735778472671
21350556,6.3920278564021835
21350559,7.050101011469717
21350962,6.651738188147175
21352814,6.980753300987185
21354767,6.949007297899225
21355933,6.663692312240601
21356379,7.669456175480232
21357362,7.012015044916756
21359619,6.574749386579759
21359690,7.583870989935739
21360417,6.941336133139319
21372183,6.640926873395261
21423616,6.979749382476106
21441132,6.791257511588707
21765841,6.678200118231419
21766698,6.574749386579759
21770915,7.23432228355785
21815004,7.23432228355785
21817627,7.123781651088169
21871405,6.58922006923648
21937438,6.912528433214169
21937439,6.618161434549922
21937445,7.23432228355785
21937449,6.843136915957359
21937450,7.365690563360866
21937452,7.23432228355785
21941106,6.969453408941609
21941770,6.783322048051772
21941804,6.941336133139319
21943062,6.843543098440326
21977761,6.797384211999844
22203896,7.23432228355785
22232939,7.050101011469717
22263645,7.059711932546293
22265299,7.262920903445149
22265634,6.676449607939259
22265687,6.676449607939259
22266012,6.604107786378009
22266126,6.666915147377402
22266320,6.940925427779907
22266898,6.567465255706623
22276795,6.949007297899225
22297118,7.035234810592219
22518875,6.7744843709714075
22557335,6.671733801592602
22604659,6.927705392444396
22637441,7.23432228355785
22715021,6.314646458384966
22733673,6.860064372238384
22759660,6.314646458384966
22759752,6.314646458384966
22939161,6.676449607939259
22992794,6.783322048051772
22994672,6.609758021368041
23010202,6.832137707514838
23011206,7.23432228355785
23025359,6.626639149363546
23043659,7.050101011469717
23126901,6.668526564945802
23163938,6.574749386579759
23331914,6.94197634039408
23398777,6.843136915957359
23424586,6.85235608414438
23712558,6.485806460918918
23712710,7.23432228355785
23761370,6.668526564945802
23767433,6.6464094888890095
23774869,6.975779531040314
23788440,6.857125137816485
24284209,7.243305361084276
24284844,6.949007297899225
24298212,7.583870989935739
24298333,6.608693095308889
24307625,6.996676838757131
24307637,6.843136915957359
24325493,7.198702877103386
24325798,6.663692312240601
24325815,6.665801170701129
24325861,6.797384211999844
24325923,6.949007297899225
24372055,6.786977125047605
24389792,6.926241859053886
24397586,7.050101011469717
24404677,6.563304545792483
24405378,6.672794530943428
24470523,6.574749386579759
24522026,7.311952331463736
24522915,6.4664039464674445
24523680,7.2282267210213185
24529254,6.85535439553332
24529353,6.557821930298735
24530628,6.795803368812194
24695277,6.535056491453395
24695966,6.735949183470009
24698878,6.93358477601042
24702267,6.557821930298735
24713882,7.1103271899042255
24716033,6.937239853006253
24716039,6.788698637730455
24716045,6.860064372238384
24718797,6.651738188147175
24719063,6.941336133139319
24721493,6.79460701890579
24722875,6.926241859053886
24723061,6.904584390367505
24735062,6.860064372238384
24736299,6.3920278564021835
24736526,7.23432228355785
24736566,6.485806460918918
24741412,6.949007297899225
24743709,6.860064372238384
24743711,6.85235608414438
24743712,6.574749386579759
24743728,6.860064372238384
24745500,6.3920278564021835
24746974,6.383299003370917
24750126,6.927705392444396
24750460,6.678155523844761
24750534,6.677281028690595
24751754,6.574749386579759
24751756,7.059711932546293
24751757,6.574749386579759
24751763,6.796952788746695
24751765,7.065427433703528
24751811,7.390684537690915
24753477,6.676449607939259
24753685,7.23432228355785
24753687,7.23432228355785
24753810,6.795803368812194
24753811,7.161840469393258
24756472,7.361117181018997
24756658,6.668526564945802
24758396,6.249153847816663
24773958,6.677281028690595
24815502,6.574749386579759
24815950,7.123943146340518
24827387,6.7623665191675935
24827406,6.6576175717132005
24839091,6.735949183470009
24839498,6.574749386579759
24842277,7.23432228355785
24843198,6.860064372238384
24844958,6.595195497622143
24845115,6.143283465874797
24847340,6.79460701890579
24847343,6.574749386579759
24851526,6.485806460918918
24852545,6.783216022236706
24854896,7.23432228355785
24855035,6.663692312240601
24859034,6.661372984437644
24859095,6.618161434549922
24859558,7.583870989935739
24860289,7.417492994109913
24860318,6.799476852426259
24860563,6.751184425422728
24869803,7.186988736412685
24869824,6.485806460918918
24872023,6.557821930298735
24873473,6.663692312240601
24874401,6.663692312240601
24875409,7.3709347500765965
24875534,7.23432228355785
24875658,6.860064372238384
24877502,6.545797475753418
24879820,6.671733801592602
24879839,6.4075086337337
24879858,6.574749386579759
24882562,7.5569620675678495
24883815,6.79460701890579
24885205,7.23432228355785
24888079,6.574749386579759
24891524,7.8144558828987485
24910035,6.598473050514023
24987018,6.818989986943706
25300674,6.565863419650736
25444447,6.5548256257837325
25662327,7.059711932546293
25662329,7.050101011469717
25662337,6.941336133139319
25662591,7.583870989935739
25697098,7.23432228355785
25700838,6.597334588446131
25703626,7.409096636746794
25704492,6.85235608414438
25704577,7.583870989935739
25704588,6.663692312240601
25705507,7.23432228355785
25706773,6.676449607939259
25706778,7.092363604014872
25709273,6.857125137816485
25710912,6.663692312240601
25711544,7.509078349385943
25713336,6.576508713960439
25713408,6.485806460918918
25713420,6.5391777667401305
25715111,6.5852757501519505
25716096,7.365690563360866
25717233,6.574749386579759
25717817,6.949007297899225
25717896,7.23432228355785
25718082,7.072395862546884
25723583,6.668526564945802
25723905,6.805190141168435
25723907,6.392694328859309
25724855,7.365690563360866
25725759,7.23432228355785
25726614,6.938945768911755
25727048,6.941336133139319
25727544,6.860064372238384
25728008,6.4664039464674445
25728010,6.843136915957359
25728583,6.314646458384966
25728590,6.574749386579759
25728612,7.23432228355785
25730893,6.949007297899225
25731554,6.825975780990394
25731805,7.23432228355785
25736048,7.409096636746794
25736564,7.23432228355785
25738406,7.39564217556285
25739362,6.485806460918918
25742242,6.595195497622143
25742299,6.661372984437644
25745752,6.860064372238384
25746375,6.949007297899225
25746519,6.485806460918918
25747028,7.365690563360866
25747204,6.941336133139319
25750969,6.912528433214169
25752261,6.666915147377402
25753166,6.574749386579759
25753326,6.788683040953107
25755599,6.663692312240601
25755608,7.1422729654544534
25755645,6.949007297899225
25757061,7.23432228355785
25757186,6.651738188147175
25757187,6.90167375075406
25757716,6.314646458384966
25760247,7.077408078584321
25761178,7.3709347500765965
25762404,6.843136915957359
25762566,7.23432228355785
25763555,6.557821930298735
25765735,6.786977125047605
25766529,6.651738188147175
25766754,6.949007297899225
25767503,7.6850182880420475
25767747,6.74291467762914
25769362,7.409096636746794
25770733,6.737553684727806
25772639,6.678155523844761
25773294,6.259593419094063
25773361,6.980753300987185
25773932,7.39564217556285
25774050,6.668894458381946
25774051,6.668894458381946
25775571,6.7259735197709185
25777330,6.574749386579759
25777512,6.4664039464674445
25777636,6.938945768911755
25777784,6.860064372238384
25777785,6.954489913392973
25778483,6.6805458880723245
25778488,6.618027769161629
25779217,6.333399045085415
25779218,6.485806460918918
25780578,7.059711932546293
25782633,7.057852368598614
25782827,7.033632668807939
25785124,7.23432228355785
25785314,7.198345621413544
25785807,6.489169385312783
25785884,7.497058843163883
25786060,6.677281028690595
25786077,6.680135182712914
25787888,7.106474626238835
25788052,6.663692312240601
25788426,6.545797475753418
25788954,6.859263295581019
25789352,6.812730825093219
25789402,6.668526564945802
25789453,6.980753300987185
25790555,7.165989521479396
25790749,6.79460701890579
25790761,6.941336133139319
25792608,6.75163150804233
25792690,6.857125137816485
25793398,7.13678881876505
25794212,6.676449607939259
25794230,6.552704687190057
25794302,6.676449607939259
25796222,6.911123254365086
25797778,7.050101011469717
25798131,6.651738188147175
25798222,7.365690563360866
25798411,6.860542458491969
25798448,7.059711932546293
25798808,6.794843057930052
25799475,6.618161434549922
25800269,7.23432228355785
25801066,6.4075086337337
25804790,6.941336133139319
25805051,7.409096636746794
25805054,6.975779531040314
25805197,7.583870989935739
25805741,7.23432228355785
25806460,6.618161434549922
25806698,6.663692312240601
25807345,6.665801170701129
25808075,6.786977125047605
25809101,6.949007297899225
25809260,6.367783666551113
25809384,6.948200115495649
25811030,7.149597996380923
25811357,6.774396946887668
25812513,7.23432228355785
25812640,6.674657543228097
25812712,7.050101011469717
25812885,6.545797475753418
25813411,6.485806460918918
25814705,7.23432228355785
25814707,7.23432228355785
25815000,7.409096636746794
25815008,7.23432228355785
25815034,6.857125137816485
25815426,7.859792641230992
25816252,6.926241859053886
25816274,7.361117181018997
25817534,6.751184425422728
25817712,7.131691146320779
25818101,6.670570224373233
25818615,7.059711932546293
25819229,7.262920903445149
25819726,6.668526564945802
25820460,6.676449607939259
25821124,6.4664039464674445
25821498,7.369384712195807
25821622,7.160628528578063
25821634,6.678155523844761
25821673,7.05375608846555
25822430,7.23432228355785
25823132,6.94837664298356
25823277,6.58279087593176
25823469,6.618161434549922
25823637,6.618161434549922
25823833,6.475407373672371
25823840,6.3802708959374
25824686,6.563304545792483
25824741,6.949007297899225
25825320,6.973641373275782
25825412,6.668526564945802
25826239,6.912528433214169
25827129,6.663692312240601
25827399,6.557821930298735
25827741,6.671733801592602
25827935,6.860064372238384
25827963,6.598473050514023
25829175,6.609758021368041
25831308,6.485806460918918
25831326,6.574749386579759
25833230,6.900563645691506
25833233,7.132768074089049
25834333,6.843136915957359
25834473,6.574749386579759
25834735,7.131691146320779
25835285,6.860064372238384
25835293,7.23432228355785
25836152,7.23432228355785
25837175,6.651738188147175
25837230,7.123781651088169
25837262,7.489964656012791
25837721,7.334303996196999
25838216,6.860064372238384
25838463,6.596767134608522
25839662,6.860064372238384
25840396,7.583870989935739
25841341,6.574749386579759
25842038,7.257041519879124
25843022,6.860064372238384
25843199,6.579291929551214
25843976,6.485806460918918
25845294,6.791257511588707
25845397,7.23432228355785
25845586,7.288804678640638
25845910,6.975779531040314
25845985,6.857125137816485
25846857,7.050101011469717
25847558,6.783322048051772
25849006,6.574749386579759
25849049,6.900563645691506
25849475,6.574749386579759
25849480,7.050101011469717
25850122,6.788683040953107
25850442,7.068531007895331
25850443,7.443011489051318
25851628,6.799968011807124
25853073,6.485806460918918
25853727,7.3709347500765965
25855071,7.092363604014872
25855951,7.238008876632546
25856435,7.23432228355785
25856453,6.574749386579759
25856480,6.574749386579759
25857966,6.570306403115247
25858604,7.131691146320779
25858758,6.67734564029484
25858759,6.485806460918918
25858785,6.557821930298735
25859495,7.2282267210213185
25859593,6.969453408941609
25861610,7.583870989935739
25862354,6.797384211999844
25862355,6.949007297899225
25863940,6.704584534325368
25864085,6.937239853006253
25864124,6.678155523844761
25864719,6.451951548356869
25866686,6.661877564591925
25867546,7.080375577702242
25870084,6.609758021368041
25870236,7.23432228355785
25870483,6.509615496355167
25872311,7.116127761112867
25872931,6.574749386579759
25875021,6.791257511588707
25876760,6.79460701890579
25880244,6.882185872107801
25880937,6.663692312240601
25880986,6.663692312240601
25881067,7.365690563360866
25881247,6.912528433214169
25881535,6.249153847816663
25881595,7.583870989935739
25881611,6.791257511588707
25881615,6.676449607939259
25881780,6.574749386579759
25881781,6.860064372238384
25881786,6.574749386579759
25881888,7.23432228355785
25882279,7.334303996196999
25882296,6.343629793464171
25882861,7.23432228355785
25884416,7.248207381780074
25884712,7.186988736412685
25884801,6.860542458491969
25885962,6.4664039464674445
25887265,7.311952331463736
25887288,7.132768074089049
25887846,7.257041519879124
25889465,6.651738188147175
25890005,7.365690563360866
25890017,6.67876577284171
25890078,7.23432228355785
25890079,6.618161434549922
25890082,6.545797475753418
25892252,6.794843057930052
25894431,6.676449607939259
25894468,6.7823002173211675
25894885,8.652083297570547
25895257,7.369384712195807
25895276,6.663692312240601
25895901,7.365690563360866
25898213,7.068531007895331
25899379,6.383299003370917
25899616,6.574749386579759
25900819,7.168061470884186
25900851,7.151658887788766
25900945,6.84878367127019
25900947,6.676449607939259
25901395,6.957048787251226
25902304,7.186988736412685
25905124,7.23432228355785
25905649,7.480995015223495
25905892,6.949007297899225
25907029,7.123781651088169
25907088,6.618161434549922
25908042,6.672794530943428
25908051,7.369384712195807
25908065,6.860064372238384
25908302,7.080375577702242
25909566,6.5609744349836445
25911595,6.485806460918918
25911694,6.574749386579759
25912924,6.843136915957359
25917236,7.050101011469717
25917239,7.0204787730572695
25917295,6.574749386579759
25917789,6.661877564591925
25917896,6.071875020861626
25917964,7.6850182880420475
25917973,6.941336133139319
25918677,6.927705392444396
25919910,6.577832014072004
25919961,7.23432228355785
25920885,6.941336133139319
25921812,6.949007297899225
25921830,6.618161434549922
25924056,6.791257511588707
25924935,6.860064372238384
25925764,6.845279595988866
25926267,6.949007297899225
25928048,6.954489913392973
25928069,6.574749386579759
25928763,7.46452339823266
25929151,6.860064372238384
25931246,7.583870989935739
25932065,6.711726366859335
25932086,6.735949183470009
25933890,6.964671732486484
25934014,7.033632668807939
25934349,7.068531007895331
25934361,6.7744843709714075
25934367,7.23432228355785
25936147,6.6464094888890095
25937854,6.676449607939259
25937856,7.23432228355785
25937991,7.13182314044017
25938803,7.123943146340518
25944282,6.808237759600712
25944714,6.778824276464948
25944886,7.183238430114412
25945280,6.86300452138251
25945350,7.198702877103386
25945356,6.333399045085415
25945367,7.2282267210213185
25947426,7.23432228355785
25951736,7.198345621413544
25954475,7.443011489051318
25955412,7.055462004371051
25955491,6.969453408941609
25955779,6.673260284014595
25956520,6.801947670675276
25957232,7.583870989935739
25957570,7.248207381780074
25958704,6.671733801592602
25958717,7.211373619651515
25958787,7.23432228355785
25958867,6.4664039464674445
25962735,6.574749386579759
25964071,6.574749386579759
25964104,7.633827872023879
25964199,7.2282267210213185
25964630,6.8423804204452905
25965924,7.23432228355785
25965950,6.860064372238384
25966085,6.941336133139319
25969201,6.949007297899225
25969461,6.651738188147175
25972494,7.23432228355785
25975249,7.583870989935739
25977027,6.874673479306247
25977029,8.135714292526245
25977198,7.288764429518847
25978320,6.997379635791764
25980207,6.668526564945802
25980210,7.186988736412685
25980265,7.23432228355785
25980443,7.365690563360866
25981077,7.23432228355785
25983044,7.186988736412685
25984803,6.957048787251226
25986180,6.5852757501519505
25986662,6.669174927734349
25995508,6.676449607939259
26000205,6.760450583391368
26004132,6.676449607939259
26005643,7.0536793254560015
26011893,6.663692312240601
26020796,7.080375577702242
26020814,6.969453408941609
26021055,6.485806460918918
26022182,6.926241859053886
26035290,6.788683040953107
26050200,6.574749386579759
26051523,6.980753300987185
26061679,6.949007297899225
26061902,6.867533043374606
26087473,7.409096636746794
26088326,6.661372984437644
26088403,6.774396946887668
26094129,7.06373175216464
26100958,6.788689279664046
26101255,6.7259735197709185
26106958,6.868410108670502
26108385,6.663692312240601
26125779,6.490642601428694
26140241,6.574749386579759
26145033,6.900563645691506
26147417,6.791257511588707
26147706,7.123781651088169
26147991,7.583870989935739
26163480,6.663692312240601
26163541,6.574749386579759
26163644,6.489169385312783
26169607,6.5852757501519505
26176503,6.314646458384966
26177147,6.860064372238384
26182910,6.672794530943428
26184109,6.860064372238384
26184352,7.480995015223495
26199888,6.653098652209738
26200549,6.400000095367432
26213252,6.676449607939259
26215216,7.23432228355785
26219652,6.949007297899225
26219893,6.557821930298735
26220650,7.23432228355785
26220717,6.86102261393304
26220722,6.818989986943706
26220725,6.779430059675563
26220731,7.161840469393258
26220759,6.602859455616798
26235257,7.458385113687146
26235346,6.735949183470009
26235349,6.857125137816485
26235839,6.799968011807124
26236632,8.652083297570547
26242647,7.072395862546884
26245039,6.574749386579759
26245360,7.23432228355785
26253616,6.663692312240601
26253733,6.663692312240601
26257313,6.954489913392973
26258872,6.963025070165553
26259202,7.276669339477771
26259634,6.485806460918918
26259644,6.786977125047605
26259677,7.365690563360866
26260853,6.668526564945802
26261086,6.557821930298735
26263437,6.633464649607372
26263443,6.485806460918918
26263919,6.595195497622143
26264454,7.101333244804169
26264595,6.857125137816485
26266072,6.591565839077386
26266085,6.774396946887668
26266605,7.034838725427329
26266893,6.754370514336657
26266919,6.860064372238384
26268574,6.480418516656644
26269510,6.860064372238384
26270502,6.3920278564021835
26271094,6.485806460918918
26273481,7.13182314044017
26274810,6.722318442775086
26274910,6.663692312240601
26274988,6.550998771284554
26275494,7.128642224759531
26276362,7.23432228355785
26276364,6.314646458384966
26276385,7.23432228355785
26277156,6.857557379675516
26277182,7.23432228355785
26277313,7.165989521479396
26277361,6.801683361403046
26278747,6.314646458384966
26279120,6.663692312240601
26279128,6.663692312240601
26279166,6.407124598007048
26279202,6.609758021368041
26279353,7.2207463793606195
26279449,6.937239853006253
26280528,6.574749386579759
26280709,7.443011489051318
26280710,6.904584390367505
26281899,6.4664039464674445
26282448,6.979520756841807
26282453,7.583870989935739
26284595,6.609758021368041
26284621,6.927705392444396
26284955,7.365690563360866
26284956,6.665801170701129
26285777,6.618161434549922
26287114,7.466453524468862
26287884,7.055462004371051
26289126,6.676332494114393
26289138,6.79460701890579
26289144,6.574749386579759
26290365,6.663692312240601
26290367,6.485806460918918
26290410,7.034838725427329
26290642,6.860064372238384
26291909,7.110672777717385
26292071,6.497210874664784
26295857,6.860064372238384
26297388,7.23432228355785
26298220,6.574749386579759
26299416,7.583870989935739
26301582,6.485806460918918
26301742,6.259593419094063
26303622,7.443011489051318
26304201,7.23432228355785
26304217,6.735949183470009
26304310,6.913111534169248
26304901,6.860064372238384
26306606,7.069346940985638
26306652,6.97195402847538
26306939,6.860064372238384
26306980,7.583870989935739
26307755,7.365690563360866
26307785,6.954489913392973
26309618,7.069346940985638
26309788,6.678155523844761
26309968,6.595195497622143
26309969,6.783322048051772
26311973,6.606742798307612
26311974,6.485806460918918
26312853,6.663692312240601
26313740,6.6576175717132005
26313973,6.941336133139319
26314816,6.94684214878303
26315270,6.6805458880723245
26315728,7.23432228355785
26316956,6.94197634039408
26317786,7.183238430114412
26318596,7.250282444080281
26320029,6.520205679702686
26322637,6.480418516656644
26322792,6.574749386579759
26322801,6.79460701890579
26322809,6.574749386579759
26322928,7.23432228355785
26322972,6.663692312240601
26323026,6.574749386579759
26323031,6.597334588446131
26323782,6.400000095367432
26324232,8.151891996057667
26325320,7.311952331463736
26326395,6.640926873395261
26326703,7.23432228355785
26328483,7.059711932546293
26329059,6.949007297899225
26329796,6.663692312240601
26330955,7.050101011469717
26331700,6.795803368812194
26331839,6.969453408941609
26333560,6.651738188147175
26334234,7.123781651088169
26334559,6.557821930298735
26334993,7.93711040290356
26334996,7.198702877103386
26336252,6.6576175717132005
26336253,6.857125137816485
26336727,7.768592439552641
26337355,6.980753300987185
26337866,7.23432228355785
26339213,6.314646458384966
26339228,6.704584534325368
26340301,6.668526564945802
26340302,6.574749386579759
26340323,6.509615496355167
26340419,7.248207381780074
26340522,6.79460701890579
26341049,6.949007297899225
26341137,6.665801170701129
26341750,6.7744843709714075
26345736,6.574749386579759
26346327,7.438417372219156
26348103,6.860064372238384
26348218,7.23432228355785
26348414,6.818989986943706
26349397,7.068531007895331
26350389,7.5457091032655415
26351171,6.75163150804233
26351526,7.365690563360866
26351532,7.23432228355785
26351812,6.533816773838796
26351867,6.860064372238384
26352440,6.485806460918918
26352445,7.059711932546293
26352462,6.75163150804233
26353372,6.926241859053886
26353862,6.912528433214169
26353874,7.059711932546293
26354336,7.13182314044017
26354526,6.860064372238384
26354572,7.209444188041128
26356321,6.663692312240601
26356457,8.652083297570547
26356488,7.198702877103386
26356495,7.127871157072269
26356631,6.651738188147175
26356789,6.949007297899225
26357945,7.024871625530853
26359235,7.050101011469717
26359260,7.129264266581918
26361479,6.975779531040314
26361631,6.942911735362694
26362351,6.949007297899225
26362764,6.451951548356869
26363201,6.661372984437644
26363254,6.795803368812194
26365022,7.1103271899042255
26365236,6.815917776843906
26365631,6.5782680413411185
26366465,6.574749386579759
26366496,6.783322048051772
26367579,6.818681957924147
26367602,6.678155523844761
26369884,6.722318442775086
26372271,6.860064372238384
26374197,6.903304953438379
26374205,6.957519581338438
26374586,6.941336133139319
26374696,6.574749386579759
26375609,6.941336133139319
26376454,7.943202790564198
26377033,6.4664039464674445
26377047,7.369384712195807
26378579,6.672794530943428
26379657,7.422264080016561
26382767,7.132768074089049
26382888,6.663692312240601
26382962,6.671733801592602
26384292,7.050101011469717
26384493,7.443011489051318
26384515,7.186988736412685
26384741,6.8423804204452905
26385514,7.443011489051318
26385746,6.860010794809338
26386434,6.949007297899225
26386691,6.663692312240601
26387939,7.472657259465466
26388342,6.618161434549922
26389069,6.557821930298735
26389148,7.106474626238835
26389331,6.857125137816485
26389466,7.072395862546884
26389601,6.941336133139319
26389696,6.672794530943428
26389697,7.222131158484787
26390631,7.23432228355785
26391916,6.860542458491969
26392843,6.779430059675563
26392856,7.443011489051318
26393561,6.783322048051772
26394152,6.676449607939259
26394441,6.574749386579759
26410593,6.857125137816485
26410594,7.23432228355785
26411217,7.24831392953054
26411377,6.860064372238384
26411409,6.574749386579759
26412106,6.949007297899225
26413839,6.786977125047605
26414254,7.23432228355785
26414979,6.949007297899225
26415200,6.949007297899225
26416062,6.676449607939259
26416155,7.050101011469717
26416169,6.860064372238384
26416603,7.443011489051318
26419635,6.722376725497579
26419637,6.941336133139319
26420626,7.365690563360866
26420932,6.788683040953107
26421030,7.180893173876154
26421474,7.369384712195807
26425062,6.463563271162165
26425063,6.818989986943706
26425068,6.668526564945802
26425072,7.198702877103386
26425075,6.941336133139319
26425088,7.365690563360866
26425468,7.144227762130553
26426026,7.068531007895331
26426056,6.791257511588707
26426194,6.581590175378295
26428356,6.735949183470009
26430114,7.409096636746794
26430195,7.23432228355785
26430636,6.676449607939259
26430663,7.23432228355785
26430706,7.443011489051318
26433965,7.365690563360866
26435918,6.480418516656644
26437237,6.748735778472671
26438851,6.860064372238384
26438933,7.583870989935739
26440017,7.443011489051318
26457368,6.574749386579759
26469862,7.409096636746794
26474112,6.663692312240601
26527937,6.799968011807124
26527993,7.583870989935739
26543037,6.857125137816485
26557880,6.8423804204452905
26574965,7.23432228355785
26575103,6.4075086337337
26575145,7.443011489051318
26577354,7.050101011469717
26580232,6.860542458491969
26580936,6.860064372238384
26581206,7.23432228355785
26581251,7.859792641230992
26581837,6.766706397804845
26582438,7.23432228355785
26582661,8.483333269755045
26582787,6.663692312240601
26584087,7.583870989935739
26586432,6.949007297899225
26586671,7.23432228355785
26586766,6.674539720943722
26586806,7.23432228355785
26588308,6.673260284014595
26588314,7.365690563360866
26588644,6.79460701890579
26589957,6.563304545792483
26591649,6.545797475753418
26591650,6.85235608414438
26591654,7.198702877103386
26593587,7.365690563360866
26594004,7.468865664757447
26594007,7.468865664757447
26594009,7.468865664757447
26594010,7.468865664757447
26594013,7.468865664757447
26594405,7.482320125941392
26595806,7.198702877103386
26596158,6.661372984437644
26596361,7.39564217556285
26596486,7.144227762130553
26599076,7.092363604014872
26599107,6.661372984437644
26600330,7.535891534207941
26600346,6.768145088821547
26600660,6.735949183470009
26600786,6.99594710913049
26602234,8.652083297570547
26602795,6.4664039464674445
26602900,6.5782680413411185
26602933,6.668526564945802
26603666,7.161840469393258
26604675,7.23432228355785
26605028,7.583870989935739
26605946,6.857125137816485
26605967,6.485806460918918
26606242,7.23432228355785
26606743,6.941336133139319
26607693,7.198702877103386
26607739,6.684138423282985
26607928,6.574749386579759
26607969,7.059711932546293
26609126,6.663692312240601
26610229,6.663692312240601
26610786,7.341892722456719
26611076,6.860064372238384
26611083,6.485806460918918
26611090,6.860064372238384
26611801,6.663692312240601
26611804,7.059711932546293
26611891,7.380769261947045
26612258,6.67734564029484
26612285,6.67734564029484
26614200,7.23432228355785
26614645,6.653098652209738
26614893,6.949007297899225
26615208,7.369384712195807
26615753,7.5457091032655415
26616145,6.451951548356869
26616436,7.334303996196999
26616690,6.857125137816485
26616708,6.949007297899225
26616719,7.0204787730572695
26627736,6.857125137816485
26627746,7.185863176444934
26628282,7.259406842205845
26628329,6.6942730965758654
26628357,7.23432228355785
26628380,6.581590175378295
26628382,6.956240144409312
26630714,6.975779531040314
26630781,6.949007297899225
26630827,7.365690563360866
26633257,6.808237759600712
26634179,7.05375608846555
26635323,6.843136915957359
26635987,6.808237759600712
26636537,6.941336133139319
26636712,6.676449607939259
26637534,6.860064372238384
26638831,6.574749386579759
26638885,6.949007297899225
26639958,6.79460701890579
26640371,7.050101011469717
26644002,6.574749386579759
26644205,6.545797475753418
26644595,6.674657543228097
26646360,6.860064372238384
26647117,6.941336133139319
26647163,7.068753577731853
26648249,7.361117181018997
26649221,7.443011489051318
26649604,7.050101011469717
26649889,6.663692312240601
26650037,6.485806460918918
26651353,6.557821930298735
26653676,7.23432228355785
26653833,6.7744843709714075
26654145,7.119731058091816
26654146,6.957048787251226
26654269,6.774396946887668
26654498,6.879136950546555
26657439,6.859263295581019
26657440,6.735949183470009
26658194,6.912528433214169
26658568,6.609758021368041
26660834,7.123781651088169
26661189,6.574749386579759
26661191,6.565863419650736
26661194,6.859263295581019
26661229,6.75163150804233
26662168,7.23432228355785
26662192,6.672794530943428
26662193,6.574749386579759
26662345,6.678155523844761
26662798,6.85235608414438
26665435,6.663692312240601
26665875,6.843136915957359
26666947,6.663692312240601
26667010,6.676449607939259
26667056,6.563304545792483
26667083,6.760718678338015
26668439,7.6850182880420475
26668750,6.609758021368041
26670653,7.859792641230992
26673872,7.334303996196999
26673947,6.843136915957359
26677495,7.23432228355785
26677981,6.595195497622143
26678599,7.23432228355785
26679188,8.652083297570547
26679552,7.1453218870157
26680597,6.735949183470009
26680659,7.123781651088169
26681656,7.248207381780074
26683287,7.0563743445306635
26683290,7.101333244804169
26683421,7.23432228355785
26683723,6.860064372238384
26684564,6.314646458384966
26685413,7.583870989935739
26685451,7.183238430114412
26686502,6.53752772795983
26688480,6.545797475753418
26688574,7.583870989935739
26688575,7.583870989935739
26691317,6.663692312240601
26691320,6.949007297899225
26691361,6.574749386579759
26691373,6.663692312240601
26691500,7.443011489051318
26691509,6.557821930298735
26692640,7.863271542361814
26693314,7.5457091032655415
26694497,6.532166735058496
26694988,7.365690563360866
26696639,7.017911269146303
26696871,6.574749386579759
26696879,6.867533043374606
26698000,6.6805458880723245
26698301,6.663692312240601
26698897,6.606742798307612
26700276,6.663692312240601
26703158,6.969453408941609
26704137,7.257041519879124
26704590,7.365690563360866
26704620,6.605969824823209
26704621,6.489169385312783
26704623,6.722376725497579
26705107,7.583870989935739
26705744,7.131691146320779
26706957,6.941336133139319
26707077,6.931360469440228
26707088,7.3709347500765965
26707472,6.799968011807124
26708876,7.23432228355785
26709258,6.905199276412404
26710108,6.618161434549922
26710657,7.186988736412685
26711487,6.843136915957359
26713504,7.443011489051318
26715617,6.595195497622143
26715618,6.557821930298735
26715636,7.365690563360866
26715845,6.794843057930052
26715965,6.783216022236706
26717012,6.941336133139319
26717467,7.219844163904225
26717795,6.603101317533945
26717811,7.583870989935739
26717812,7.583870989935739
26718282,6.860064372238384
26718799,7.168061470884186
26718803,6.574749386579759
26718828,7.190579081883899
26718836,7.113851674525791
26718838,6.535821812054329
26719781,6.574749386579759
26720627,6.7744843709714075
26721478,7.050101011469717
26721644,6.7744843709714075
26722331,6.350071263829064
26724235,6.860064372238384
26724679,6.949007297899225
26724807,6.657468026917406
26725678,6.599874019959851
26726098,6.689440494698778
26727369,7.017911269146303
26727891,6.93358477601042
26728641,7.3709347500765965
26728669,6.941336133139319
26729533,7.080375577702242
26729867,7.583870989935739
26729868,6.786977125047605
26730644,7.208807285764863
26731376,6.89614969434762
26732299,7.23432228355785
26735048,7.059711932546293
26736410,6.860064372238384
26738204,7.23432228355785
26739551,6.672276140278736
26740543,6.880355460265158
26741061,6.791257511588707
26742730,6.957048787251226
26744597,6.678155523844761
26746381,7.23432228355785
26746536,7.583870989935739
26746559,7.361117181018997
26746958,6.5391777667401305
26747274,6.857125137816485
26747836,6.9259177706737844
26748673,6.6805458880723245
26748688,7.069346940985638
26751897,6.986200591269639
26751899,6.941336133139319
26751930,7.092363604014872
26752088,6.949007297899225
26752547,6.794843057930052
26752777,7.123781651088169
26752852,6.799968011807124
26753020,6.94197634039408
26754101,7.128642224759531
26754513,7.406431068400626
26754643,6.794843057930052
26754675,6.949007297899225
26754734,7.044279910626185
26754831,6.663692312240601
26755037,6.722376725497579
26755583,7.00504277188313
26755982,7.23432228355785
26756049,7.264315626734645
26756220,6.969453408941609
26756258,7.186988736412685
26757373,6.735949183470009
26757830,6.969453408941609
26759539,6.975779531040314
26759819,7.165989521479396
26760160,6.668526564945802
26761325,7.23432228355785
26761334,7.23432228355785
26761416,7.311952331463736
26761688,6.997379635791764
26761978,7.069346940985638
26762709,7.015073167979821
26764514,6.563304545792483
26764928,8.652083297570547
26765233,7.39564217556285
26766760,6.485806460918918
26769480,6.921463977391499
26770697,7.059711932546293
26770698,6.857125137816485
26771100,6.904584390367505
26771140,6.974073615134812
26772006,6.912528433214169
26772644,6.663692312240601
26773744,7.072395862546884
26774033,6.941336133139319
26774722,6.6805458880723245
26774772,6.663692312240601
26775933,6.941336133139319
26778790,7.334303996196999
26779288,6.574749386579759
26780534,6.843422678368856
26781703,7.069346940985638
26782656,6.663692312240601
26785137,7.409096636746794
26785580,6.779430059675563
26785583,6.933733155901435
26785661,6.535821812054329
26785800,6.651738188147175
26786642,6.574749386579759
26786662,6.860064372238384
26786669,7.198702877103386
26787124,7.23432228355785
26787574,7.3885556118526265
26788605,6.574749386579759
26788667,7.144227762130553
26790961,7.1103271899042255
26791452,6.949007297899225
26791465,6.79460701890579
26793157,6.926241859053886
26793385,6.651738188147175
26793852,7.23432228355785
26794435,7.040415219169699
26794701,7.024871625530853
26794994,6.4664039464674445
26796646,6.4664039464674445
26796664,6.857125137816485
26796845,6.680185905388579
26797419,6.609758021368041
26798437,7.23432228355785
26798463,6.4664039464674445
26799232,7.365690563360866
26799731,7.069346940985638
26800978,7.198702877103386
26803711,7.055462004371051
26803993,7.23432228355785
26804147,6.6576175717132005
26806099,8.652083297570547
26806316,6.606742798307612
26806528,7.123943146340518
26808466,6.871925177914639
26809007,7.151658887788766
26809592,6.860064372238384
26810068,6.857125137816485
26810318,7.068531007895331
26811367,6.557821930298735
26811587,6.957519581338438
26813286,6.663692312240601
26815162,7.080375577702242
26815856,6.574749386579759
26815983,7.361117181018997
26815984,6.618161434549922
26816076,6.668526564945802
26816090,6.668526564945802
26816372,6.322114074231398
26816383,6.574749386579759
26817018,6.663692312240601
26818312,6.574749386579759
26818314,6.557821930298735
26820769,6.853286263509966
26820833,6.4664039464674445
26820836,7.365690563360866
26821253,7.23432228355785
26822230,7.23432228355785
26823502,7.127871157072269
26825658,6.949007297899225
26825664,6.545797475753418
26825688,6.668526564945802
26826398,6.843136915957359
26827040,6.843136915957359
26827787,7.23432228355785
26828019,6.949007297899225
26830966,6.666915147377402
26831711,7.509078349385943
26833099,7.3709347500765965
26834930,7.243305361084276
26835471,6.957519581338438
26835829,6.794843057930052
26835911,6.941336133139319
26836588,8.652083297570547
26837951,7.23432228355785
26837952,6.91648424726642
26838466,6.692179912634986
26839466,7.243305361084276
26842503,7.23432228355785
26842702,6.941336133139319
26843352,6.927705392444396
26844922,6.949007297899225
26845247,6.663692312240601
26845362,6.760450583391368
26847068,7.23432228355785
26847445,6.860064372238384
26848167,7.050101011469717
26848640,7.443011489051318
26849308,6.674657543228097
26850326,6.663692312240601
26853690,6.6464094888890095
26855528,7.085619764417972
26855690,6.779893549670884
26857170,6.663692312240601
26857793,6.485806460918918
26858510,7.050101011469717
26858970,6.668526564945802
26860031,7.069346940985638
26861685,6.795803368812194
26862259,6.949007297899225
26862829,7.198702877103386
26862905,6.071875020861626
26863060,7.050101011469717
26863778,6.535056491453395
26864413,7.361117181018997
26868553,7.23432228355785
26869052,6.663692312240601
26869119,6.860064372238384
26869124,7.380769261947045
26870080,6.818455316046437
26870196,6.954489913392973
26871465,6.860064372238384
26871669,6.860064372238384
26871938,6.6464094888890095
26873005,7.017911269146303
26874505,8.652083297570547
26874517,6.949007297899225
26875265,6.671733801592602
26876180,6.81717787533605
26876252,6.6805458880723245
26876342,6.813302182227597
26876595,6.704584534325368
26877106,6.860064372238384
26877237,6.860064372238384
26877406,7.144227762130553
26877492,7.23432228355785
26878605,7.131691146320779
26878881,7.13182314044017
26878883,7.23432228355785
26879060,6.663692312240601
26882440,6.671733801592602
26882457,6.783216022236706
26883072,7.077194600545661
26884340,7.859792641230992
26884354,7.2403110019088
26885074,6.843136915957359
26886204,6.679775290944603
26887031,6.79460701890579
26887153,7.23432228355785
26887169,6.969453408941609
26887170,6.969453408941609
26887890,6.834407791928908
26888905,6.663692312240601
26890502,6.969453408941609
26891256,6.8622726865108445
26892281,6.666915147377402
26892558,7.257041519879124
26894593,7.146147185811325
26894602,7.092363604014872
26895960,7.583870989935739
26897427,6.668526564945802
26898747,6.663692312240601
26899000,7.034838725427329
26899030,7.23432228355785
26899146,6.6805458880723245
26900949,6.651738188147175
26901234,6.860064372238384
26905469,6.535056491453395
26905717,6.7259735197709185
26907450,7.080375577702242
26908497,7.186988736412685
26909787,6.451951548356869
26909790,6.651738188147175
26910059,8.652083297570547
26910820,6.667507086606631
26914034,8.652083297570547
26914297,7.468865664757447
26916202,7.180893173876154
26916229,6.957048787251226
26917393,7.361117181018997
26919051,6.788698637730455
26919823,7.069346940985638
26920017,6.799968011807124
26920269,8.652083297570547
26920842,7.1929616122070055
26921827,7.161840469393258
26921952,7.642332881217315
26922992,6.860064372238384
26923111,6.663692312240601
26923506,6.860064372238384
26924069,6.563304545792483
26925317,6.86300452138251
26925532,6.651738188147175
26926321,7.1103271899042255
26928125,7.361117181018997
26928304,6.969453408941609
26928838,7.080375577702242
26929010,7.050101011469717
26929038,7.23432228355785
26929084,6.949007297899225
26930056,6.783216022236706
26930504,7.409096636746794
26931786,6.676449607939259
26932873,6.967933283799378
26934399,6.668526564945802
26935251,6.853286263509966
26935296,7.365690563360866
26935777,7.055462004371051
26937474,7.055462004371051
26937563,6.585760364233989
26939903,6.933287861432982
26942569,6.79460701890579
26942631,6.949007297899225
26942645,6.949007297899225
26942674,7.39564217556285
26944582,7.132768074089049
26945085,6.314646458384966
26945132,6.75163150804233
26945135,6.949007297899225
26946197,6.941336133139319
26946395,7.859792641230992
26946508,6.843136915957359
26949241,6.751126142700236
26949264,6.67734564029484
26949578,6.954489913392973
26951654,6.779893549670884
26951692,6.574749386579759
26951953,6.9313386335678775
26952576,7.23432228355785
26952704,6.94486247776895
26952994,7.23432228355785
26954003,7.234431618342775
26954268,6.941336133139319
26954690,7.23432228355785
26956641,6.860064372238384
26957500,7.23432228355785
26958502,7.165989521479396
26959074,7.365690563360866
26959115,6.954489913392973
26961821,6.722376725497579
26962614,6.860064372238384
26963232,7.059711932546293
26964434,7.23432228355785
26965165,7.214935379375425
26965189,6.563304545792483
26966580,6.640926873395261
26966609,8.652083297570547
26966758,6.797384211999844
26966763,7.6850182880420475
26966778,7.144227762130553
26967920,6.79460701890579
26967922,7.059711932546293
26969120,6.860064372238384
26969244,6.574749386579759
26970964,6.665801170701129
26971054,7.264315626734645
26971645,6.485806460918918
26972258,6.685454021226827
26972275,7.085619764417972
26974334,6.941336133139319
26974993,7.23432228355785
26975855,6.8851015815347365
26976235,7.095071021895254
26979007,7.365690563360866
26979199,7.069346940985638
26980859,7.23432228355785
26981165,6.581590175378295
26981958,7.573512790997823
26984189,8.104522682569199
26984538,6.557821930298735
26985127,6.949007297899225
26985857,7.059711932546293
26987999,7.23432228355785
26990268,6.564629511979477
26990725,7.23432228355785
26992383,6.666915147377402
26994321,6.857125137816485
26994789,6.671733801592602
26995137,7.23432228355785
26995545,7.365690563360866
26995719,6.941336133139319
26995881,6.7744843709714075
26996640,6.857125137816485
26996734,7.059711932546293
26997663,6.4664039464674445
26999424,6.557821930298735
27000061,6.949007297899225
27000084,6.843543098440326
27002371,6.843136915957359
27002635,7.23432228355785
27002647,6.4664039464674445
27003543,6.565863419650736
27007975,6.860064372238384
27008394,6.843136915957359
27008562,6.969453408941609
27010768,6.949007297899225
27011740,7.409096636746794
27012731,6.545797475753418
27012772,7.217161148590884
27013111,6.663692312240601
27013174,7.583870989935739
27015984,7.13182314044017
27017288,6.79460701890579
27018285,6.799968011807124
27018296,6.860064372238384
27018299,7.23432228355785
27018354,6.668526564945802
27019527,7.23432228355785
27019982,6.672794530943428
27021609,6.663692312240601
27021883,7.361117181018997
27024903,6.941336133139319
27024959,7.3709347500765965
27025631,6.980753300987185
27025637,7.23432228355785
27025987,6.663692312240601
27027913,6.545797475753418
27028934,7.024871625530853
27035334,6.941336133139319
27036366,6.918407816780195
27037053,6.860064372238384
27037539,6.774396946887668
27038183,6.671733801592602
27038968,7.059711932546293
27039069,7.23432228355785
27039378,6.58279087593176
27039398,6.997379635791764
27040109,7.39564217556285
27040157,6.949007297899225
27040737,6.969453408941609
27040774,7.132297301755364
27040825,6.653098652209738
27040853,6.6805458880723245
27041677,7.23432228355785
27042405,7.050101011469717
27042413,6.663692312240601
27042467,7.251582244924138
27042526,6.574749386579759
27042544,6.79460701890579
27042748,6.557821930298735
27043957,6.720626273409531
27045345,6.79460701890579
27045442,6.903493360506901
27045615,7.13182314044017
27045860,7.059711932546293
27046645,7.23432228355785
27047871,6.661372984437644
27050133,6.314646458384966
27050259,6.843422678368856
27050878,7.443011489051318
27052274,6.911123254365086
27052289,7.361117181018997
27053945,6.545797475753418
27055607,7.573512790997823
27056299,6.860064372238384
27059130,6.949007297899225
27060077,7.183238430114412
27062637,7.458385113687146
27062638,7.583870989935739
27062994,7.131691146320779
27063335,7.198702877103386
27064658,6.485806460918918
27064923,6.903493360506901
27065129,7.2282267210213185
27065898,6.4075086337337
27066196,6.811356774492517
27068118,7.203806368976883
27068887,6.857125137816485
27069070,7.055462004371051
27069412,6.574749386579759
27069427,6.668526564945802
27071217,6.671733801592602
27072640,7.123781651088169
27072788,6.75163150804233
27072795,6.957048787251226
27072838,6.722376725497579
27072988,6.941336133139319
27073057,6.663692312240601
27073079,6.4664039464674445
27073179,7.443011489051318
27073234,6.672794530943428
27073245,7.583870989935739
27073291,6.67734564029484
27073835,6.58279087593176
27074301,7.085619764417972
27074316,7.131691146320779
27076492,7.583870989935739
27076871,7.090048273950153
27079210,7.23432228355785
27079318,7.23432228355785
27080656,6.986200591269639
27083561,7.13182314044017
27087724,6.949007297899225
27088750,6.949007297899225
27089264,6.557821930298735
27089612,6.574749386579759
27090211,7.059711932546293
27090753,6.794843057930052
27091624,6.5782680413411185
27092645,7.131691146320779
27092648,6.8423804204452905
27092725,6.957048787251226
27092785,6.663692312240601
27097816,6.941336133139319
27098363,7.017911269146303
27098364,6.903493360506901
27098888,7.23432228355785
27101874,6.995943756339277
27102546,7.23432228355785
27102557,6.949007297899225
27102569,6.860064372238384
27102739,6.94197634039408
27104373,6.618027769161629
27107140,7.034838725427329
27107273,7.23432228355785
27107624,7.583870989935739
27107691,6.451951548356869
27107766,7.23432228355785
27108740,7.080375577702242
27108853,8.151891996057667
27109171,6.85235608414438
27109633,6.676449607939259
27109679,6.661372984437644
27110296,6.949007297899225
27110363,7.144227762130553
27113517,6.969453408941609
27113986,7.23432228355785
27114240,7.198702877103386
27114416,6.941336133139319
27114417,6.671733801592602
27115166,7.000239251103186
27115485,6.563304545792483
27115758,7.23432228355785
27119292,8.652083297570547
27119586,7.128642224759531
27119724,6.912528433214169
27121232,7.165989521479396
27124861,6.563304545792483
27126336,6.941336133139319
27126359,7.405185917877171
27126713,7.23432228355785
27127793,6.783322048051772
27129560,6.6464094888890095
27129663,7.3709347500765965
27129755,7.23432228355785
27130415,7.123781651088169
27131969,6.401252764327843
27132180,6.996676838757131
27132510,7.443011489051318
27132728,6.926241859053886
27133050,6.661372984437644
27133264,6.669174927734349
27133303,6.609758021368041
27133569,6.74291467762914
27133913,7.257041519879124
27135473,7.23432228355785
27138613,6.367783666551113
27139348,6.663692312240601
27140071,7.365690563360866
27144867,7.23432228355785
27144868,7.23432228355785
27145041,7.409096636746794
27147737,7.742377499685777
27147739,7.23432228355785
27148198,7.23432228355785
27149755,6.949007297899225
27149818,6.557821930298735
27150225,6.640926873395261
27150264,6.618161434549922
27150283,6.912684728408291
27150284,6.949007297899225
27155250,7.23432228355785
27155276,6.672794530943428
27157676,7.5457091032655415
27157811,7.23432228355785
27160618,7.092927952581832
27160688,7.409096636746794
27163278,6.668526564945802
27166414,7.186988736412685
27166442,7.165989521479396
27166606,7.101333244804169
27166976,6.535056491453395
27167055,7.165989521479396
27168151,6.653098652209738
27168189,6.879136950546555
27170563,7.23432228355785
27172872,6.807931448915309
27172891,7.23432228355785
27176717,7.050101011469717
27176742,7.23432228355785
27179414,6.663692312240601
27179713,7.199899287698347
27180356,6.949007297899225
27180599,6.451951548356869
27180759,7.23432228355785
27185558,6.485806460918918
27185563,7.23432228355785
27186348,7.365690563360866
27186353,6.760450583391368
27186354,7.13182314044017
27188152,6.314646458384966
27191173,6.860064372238384
27191431,7.23432228355785
27191492,8.074571070367215
27191829,6.574749386579759
27192784,7.361117181018997
27193043,7.068531007895331
27195080,7.059711932546293
27195119,7.46452339823266
27196380,7.075891987024037
27197086,7.23432228355785
27197468,6.314646458384966
27198855,7.183238430114412
27199776,6.663692312240601
27200988,7.05375608846555
27201353,6.557821930298735
27202765,7.202445314524244
27202818,6.860064372238384
27202819,6.668526564945802
27202953,6.489169385312783
27205132,6.912528433214169
27591668,6.674539720943722
27592484,6.67734564029484
27594919,7.168061470884186
27594938,6.545797475753418
27595272,6.568832907952965
27596682,7.034838725427329
27597020,6.322114074231398
27597250,6.666915147377402
27600925,7.23432228355785
27602116,7.017911269146303
27602185,7.092363604014872
27604257,7.23432228355785
27604258,7.23432228355785
27604296,7.080375577702242
27605669,7.409096636746794
27605696,6.663692312240601
27605698,6.663692312240601
27607378,6.904584390367505
27607386,7.23432228355785
27608262,6.314646458384966
27608785,7.2282267210213185
27611498,7.186988736412685
27615233,6.860064372238384
27615267,7.23432228355785
27615398,6.912528433214169
27615439,7.361117181018997
27615441,6.860542458491969
27615467,8.151891996057667
27615564,6.666915147377402
27617348,6.661372984437644
27621184,6.574749386579759
27621192,6.860064372238384
27621727,6.717928677704526
27621991,7.243305361084276
27622447,7.20549423608549
27623043,7.23432228355785
27624661,6.485806460918918
27624665,6.860064372238384
27624787,7.6850182880420475
27663742,7.23432228355785
27664635,7.369384712195807
27666627,7.23432228355785
27668250,7.059711932546293
27887836,7.23432228355785
28460045,7.23432228355785
28461121,7.069346940985638
28510273,7.334303996196999
30034295,7.13182314044017
30122633,6.671733801592602
30128985,6.674539720943722
30129008,7.23432228355785
30134551,7.23432228355785
30135110,6.860064372238384
30135113,7.059711932546293
30135942,6.942911735362694
30139659,7.23432228355785
30140231,7.23432228355785
30140571,6.949007297899225
30141676,6.363498750622949
30143333,6.663692312240601
30143336,6.53752772795983
30143861,7.080375577702242
30145117,6.661372984437644
30145655,7.243305361084276
30146756,7.13182314044017
30146843,7.365690563360866
30149864,6.798262095901621
30150635,7.583870989935739
30150641,7.23432228355785
30156101,6.941336133139319
30156898,7.583870989935739
30156995,7.573512790997823
30158971,7.055462004371051
30159567,7.23432228355785
30161289,7.573512790997823
30162520,7.604331381056317
30163500,6.535056491453395
30163509,6.663692312240601
30163799,8.652083297570547
30163820,6.973641373275782
30163821,6.973641373275782
30164448,6.665801170701129
30166972,6.868410108670502
30166983,7.23432228355785
30167509,8.652083297570547
30167539,8.652083297570547
30167633,7.23432228355785
30168032,6.574749386579759
30168156,6.949007297899225
30170120,6.704584534325368
30170375,6.574749386579759
30170448,7.23432228355785
30170546,7.012556595021991
30170801,7.243305361084276
30171425,6.818989986943706
30172751,6.663692312240601
30172818,6.94197634039408
30174393,6.899838283511069
30174535,6.860064372238384
30175306,6.857125137816485
30175632,7.583870989935739
30175633,7.055462004371051
30175647,7.050101011469717
30176268,6.860064372238384
30176282,7.2282267210213185
30176393,6.941336133139319
30176488,6.860064372238384
30177286,6.494652000806532
30177684,6.563304545792483
30181789,6.668526564945802
30182729,7.738881375208622
30182877,7.1087042179694935
30183061,6.663692312240601
30183666,6.949007297899225
30183715,7.461092531567528
30184555,7.059711932546293
30185415,6.949007297899225
30186562,7.23432228355785
30187617,6.314646458384966
30188193,6.79460701890579
30188243,7.23432228355785
30188253,6.842776154301421
30188466,7.23432228355785
30189817,7.23432228355785
30190607,6.903493360506901
30191950,6.663692312240601
30192401,7.024871625530853
30194752,6.8440863363507916
30194769,7.361117181018997
30195228,6.663692312240601
30196805,6.949007297899225
30198539,7.361117181018997
30198715,6.941336133139319
30200087,6.568832907952965
30200427,7.23432228355785
30201003,6.509615496355167
30203557,6.663692312240601
30204142,6.676332494114393
30204413,7.23432228355785
30206287,7.361117181018997
30206431,7.3885556118526265
30207919,6.545797475753418
30207949,6.249586879329081
30208007,8.652083297570547
30208010,7.144227762130553
30209084,7.365690563360866
30209086,7.059711932546293
30209395,7.186988736412685
30209802,6.860064372238384
30209818,6.545797475753418
30210691,6.600452709382178
30210700,6.846065995218944
30211551,6.857125137816485
30211753,6.689621038776732
30211998,6.666915147377402
30214085,7.583870989935739
30216460,7.243305361084276
30219670,6.941336133139319
30219684,8.652083297570547
30220799,6.864898031445002
30221703,6.941336133139319
30221757,6.960018275553455
30221777,7.859792641230992
30223596,6.783322048051772
30223840,7.23432228355785
30225296,6.860064372238384
30232270,7.407744791735424
30234315,6.489169385312783
30235440,6.949007297899225
30238963,7.365690563360866
30241102,6.684138423282985
30242164,6.860064372238384
30244174,6.535056491453395
30246061,7.23432228355785
30247400,7.327889855110811
30249076,6.668526564945802
30249161,7.409096636746794
30252495,7.186988736412685
30255138,8.652083297570547
30255175,6.574749386579759
30256006,7.5569620675678495
30256767,6.857125137816485
30256796,7.123781651088169
30257170,6.663692312240601
30257175,7.314788506840927
30257386,6.314646458384966
30257608,6.314646458384966
30257615,6.314646458384966
30258626,6.663692312240601
30259043,7.092927952581832
30259071,7.23432228355785
30261964,7.198702877103386
30263943,8.652083297570547
30263995,6.574749386579759
30267284,7.186988736412685
30269016,6.574749386579759
30271717,6.75163150804233
30271841,7.068531007895331
30272143,7.234486285735238
30272747,6.704584534325368
30273082,6.663692312240601
30274899,7.23432228355785
30279172,7.23432228355785
30282387,7.23432228355785
30282596,7.361117181018997
30282871,7.657021596668268
30283179,7.23432228355785
30283209,6.982400435473486
30283308,6.663692312240601
30286112,7.069346940985638
30287729,6.905199276412404
30290776,6.58279087593176
30292777,7.20549423608549
30292843,6.949007297899225
30293828,7.23432228355785
30294963,6.807931448915309
30295905,7.190579081883899
30299040,7.207339786949621
30299309,7.23432228355785
30299311,6.79460701890579
30299345,6.859430913088436
30299355,7.23432228355785
30299356,6.574749386579759
30299388,6.689621038776732
30301264,7.23432228355785
30304560,6.969468330133168
30306597,6.7240267642778795
30306756,7.23432228355785
30306764,7.059711932546293
30307197,6.494652000806532
30310218,7.23432228355785
30310435,7.8144558828987485
30312137,7.23432228355785
30312425,6.663692312240601
30313855,7.583870989935739
30317630,6.751184425422728
30317706,6.451951548356869
30318116,6.871925177914639
30318245,7.23432228355785
30318524,6.949007297899225
30323188,7.050101011469717
30327842,7.23432228355785
30327897,7.365690563360866
30328825,7.3709347500765965
30329892,7.243305361084276
30329902,7.101333244804169
30331149,6.91648424726642
30331424,6.574749386579759
30331597,7.198702877103386
30331959,7.23432228355785
30331965,6.74291467762914
30334073,6.717884965662657
30334118,7.200000013623919
30334122,6.6464094888890095
30334399,6.653098652209738
30334584,7.23432228355785
30334970,7.23432228355785
30335059,7.050101011469717
30336533,6.860064372238384
30337147,6.860064372238384
30337172,7.334303996196999
30345226,6.91648424726642
30345300,7.23432228355785
30349667,7.231489741010518
30352998,6.400000095367432
30357885,6.680135182712914
30359003,6.794843057930052
30359005,6.794843057930052
30361134,6.489169385312783
30362186,6.860064372238384
30364976,7.23432228355785
30366084,6.618161434549922
30367643,6.581590175378295
30368414,6.451951548356869
30371818,6.79460701890579
30371819,7.23432228355785
30371824,7.23432228355785
30372377,6.912528433214169
30376977,7.23432228355785
30377703,6.949007297899225
30379982,7.23432228355785
30380316,6.314646458384966
30382373,6.85235608414438
30382857,7.23432228355785
30384019,6.860542458491969
30385359,7.583870989935739
30385361,7.23432228355785
30387441,6.87289403627594
30388339,6.506963071769147
30390144,7.365690563360866
30390185,7.365690563360866
30390700,8.652083297570547
30391241,6.689621038776732
30391289,6.912528433214169
30391372,6.795803368812194
30391726,7.943202790564198
30394484,7.361117181018997
30394535,6.798262095901621
30394807,7.22728300367083
30394821,7.23432228355785
30394841,6.661372984437644
30395544,7.23432228355785
30396679,7.23432228355785
30401194,6.994664319410151
30402196,6.663692312240601
30402296,6.91648424726642
30403338,6.9702199749703135
30405087,6.278840740890272
30408298,6.314646458384966
30410114,6.902739732232813
30410654,7.23432228355785
30411557,6.949007297899225
30411559,6.949007297899225
30412189,6.806146778165428
30413052,6.874289492236527
30413123,6.618161434549922
30414462,6.807931448915309
30419063,6.902739732232813
30419673,6.663692312240601
30419744,7.365690563360866
30423193,6.857125137816485
30423539,8.652083297570547
30425483,6.489169385312783
30426519,6.860064372238384
30428030,7.080375577702242
30428914,7.497058843163883
30430698,7.361117181018997
30433391,6.314646458384966
30433802,8.393898795048397
30434902,6.663692312240601
30435141,8.135714292526245
30439272,6.8851015815347365
30439557,7.406431068400626
30442415,7.23432228355785
30443614,7.23432228355785
30447451,7.296323657922808
30451891,7.23432228355785
30452121,7.23432228355785
30453031,7.23432228355785
30454698,7.198702877103386
30457664,6.721082764220041
30458008,6.663692312240601
30461660,7.583870989935739
30463393,6.786977125047605
30463904,6.663692312240601
30464821,6.663692312240601
30464852,7.468865664757447
30468769,7.180893173876154
30472706,7.269421060553839
30476406,6.949007297899225
30476829,7.248207381780074
30479817,6.314646458384966
30479900,8.652083297570547
30479973,7.365690563360866
30481973,7.369384712195807
30483639,7.583870989935739
30488003,7.361117181018997
30488016,6.663692312240601
30488222,6.4664039464674445
30488584,6.485806460918918
30488819,7.23432228355785
30489287,7.23432228355785
32591373,6.843136915957359
32659890,7.23432228355785
33159421,6.574749386579759
33218430,7.23432228355785
33381474,6.4664039464674445
33383642,7.23432228355785
33387265,7.23432228355785
33392790,7.380769261947045
33392890,7.583870989935739
33393167,6.833439815946783
33397766,6.663692312240601
33400376,6.867533043374606
33401841,7.23432228355785
33404178,6.566335427884979
33404216,7.3709347500765965
33404726,7.059711932546293
33407591,6.663692312240601
33413905,7.23432228355785
33415922,8.652083297570547
33415943,6.995943756339277
33417030,7.059711932546293
33417046,6.79460701890579
33417965,7.583870989935739
33422980,7.23432228355785
33423785,6.4664039464674445
33423926,6.85235608414438
33424345,7.409096636746794
33427589,6.957048787251226
33428622,7.361117181018997
33436135,6.860064372238384
33437017,7.23432228355785
33447595,7.044221627903692
33459814,6.314646458384966
33475049,7.119731058091816
33477284,7.573512790997823
33717523,7.361117181018997
34431599,7.23432228355785
34436407,6.969453408941609
34446715,6.400000095367432
34453221,7.13182314044017
34454654,7.060944077883143
34456087,6.609758021368041
34457952,6.4664039464674445
34460763,6.860064372238384
34462037,6.899838283511069
34608294,7.069346940985638
34614704,6.735949183470009
34670959,7.23432228355785
34676682,6.574749386579759
34678128,7.23432228355785
34691522,6.509615496355167
34777993,8.135714292526245
34786971,6.257195337168664
34787747,6.79460701890579
34795703,6.663692312240601
34799342,6.604308171498879
34800651,7.069346940985638
34801957,7.075802195360373
34805219,6.6464094888890095
34809304,7.5569620675678495
34809353,6.949007297899225
34809725,6.314646458384966
34813643,7.859792641230992
34814907,7.23432228355785
34815429,7.23432228355785
34815865,7.23432228355785
34825511,6.314646458384966
34835118,7.23432228355785
34835784,7.443011489051318
34835822,7.361117181018997
34851172,6.595195497622143
34851173,7.23432228355785
34863241,7.361117181018997
34865445,7.361117181018997
34865529,7.583870989935739
34867940,8.135714292526245
34875261,6.071875020861626
34875369,7.23432228355785
34882878,7.23432228355785
34886500,6.760660603262092
34887140,6.489169385312783
34892447,6.663692312240601
34892489,7.468865664757447
34906688,7.23432228355785
34906732,7.365690563360866
34926135,6.400000095367432
34926605,7.361117181018997
34930755,6.890384678657238
34930756,6.400000095367432
34969130,7.735832453647376
34973638,7.5569620675678495
35016531,6.860064372238384
35050870,7.361117181018997
35064279,7.5569620675678495
35143073,7.123781651088169
35182891,7.5569620675678495
35184580,6.618161434549922
