movie_id,region_rate
1298871,6.748863634738055
1389915,5.976582275915749
1428055,7.054653139283815
1578714,6.362808318968026
1652592,7.133710221460507
1765014,7.054653139283815
1789492,7.432310863994138
1793929,7.054653139283815
1819388,7.054653139283815
1858711,7.054653139283815
1863766,7.054653139283815
1866471,7.054653139283815
1866473,7.054653139283815
1866479,7.054653139283815
1889242,7.054653139283815
1889243,7.229824001386782
1904722,7.054653139283815
1905779,7.054653139283815
1907465,7.344229356862642
1907966,7.054653139283815
1925058,6.984409900193691
1927366,7.054653139283815
1929463,7.0320399076871105
1945750,7.054653139283815
1949877,7.054653139283815
1950330,7.2384376913494
1966182,7.260659879133383
1972729,7.25374166398153
1972732,7.011417488486304
1972738,6.9681818376887925
1978709,7.054653139283815
1981645,7.431788073470261
1985677,7.054653139283815
2010972,7.054653139283815
2024966,7.054653139283815
2028585,7.054653139283815
2028669,7.260659879133383
2028677,7.298972469459027
2033822,7.054653139283815
2049435,7.23256466745341
2051007,7.23256466745341
2063914,7.243482001638976
2072478,7.054653139283815
2081493,7.054653139283815
2083735,7.1133439714582325
2117898,7.133535957952547
2127789,7.054653139283815
2129132,7.054653139283815
2131291,7.054653139283815
2131654,7.054653139283815
2131669,7.126431998670128
2131940,6.844428235074317
2132473,7.054653139283815
2133323,7.23256466745341
2133379,7.054653139283815
2138838,7.054653139283815
2147836,7.054653139283815
2147872,7.054653139283815
2153526,7.054653139283815
2158222,7.126431998670128
2158490,7.054653139283815
2159331,7.179353596668935
2174535,7.054653139283815
2209575,7.054653139283815
2210143,7.054653139283815
2227293,7.011417488486304
2244426,6.984409900193691
2269893,7.054653139283815
2275370,7.054653139283815
2276989,6.016885908810131
2303163,7.054653139283815
2303845,6.260878484119439
2325873,6.838969567981534
2334904,7.054653139283815
2336735,7.054653139283815
2336783,7.054653139283815
2336785,7.054653139283815
2338070,7.011417488486304
2353023,7.054653139283815
2363876,7.23256466745341
2363919,7.054653139283815
2364051,7.011417488486304
2364054,7.054653139283815
2368641,7.054653139283815
2567647,7.432310863994138
2973079,7.260659879133383
2974278,7.054653139283815
2974280,7.054653139283815
2977957,7.054653139283815
2994851,6.016885908810131
2996790,7.054653139283815
2997052,7.424193543772543
2997076,7.054653139283815
2997094,7.054653139283815
2997134,7.054653139283815
2998253,7.054653139283815
2998340,7.224308487081557
2998373,7.421132134546633
2998376,7.054653139283815
2998456,7.054653139283815
2999913,7.23256466745341
3000078,7.054653139283815
3001077,7.243482001638976
3001149,7.431788073470261
3003836,7.054653139283815
3005387,7.431788073470261
3006783,7.054653139283815
3008256,7.054653139283815
3011235,7.23256466745341
3011459,7.054653139283815
3011484,7.054653139283815
3012013,7.054653139283815
3012033,7.239423341528179
3012053,7.054653139283815
3012819,7.198095213420807
3014200,7.054653139283815
3014399,7.054653139283815
3014557,7.054653139283815
3017651,7.054653139283815
3023164,7.054653139283815
3024838,7.054653139283815
3025375,7.054653139283815
3025447,7.054653139283815
3026555,7.140549996355542
3026559,7.243482001638976
3026572,7.410476195623004
3036464,7.209144751460089
3036465,7.532173082106253
3036472,7.054653139283815
3036473,7.054653139283815
3036477,7.054653139283815
3036478,7.054653139283815
3041264,7.054653139283815
3041269,7.054653139283815
3041294,7.192954996961239
3041298,7.432310863994138
3056302,6.555921340494164
3058964,7.054653139283815
3059389,7.054653139283815
3059403,7.182710896299729
3066739,7.054653139283815
3068193,7.054653139283815
3068206,7.21043985360964
3071441,7.278383455778423
3071469,7.054653139283815
3071604,7.328768755104345
3072064,7.278780482964712
3072185,7.054653139283815
3073073,7.410476195623004
3073158,7.421132134546633
3073268,7.054653139283815
3073647,7.23256466745341
3074503,6.515617707599782
3074533,7.304054054054054
3075287,6.984409900193691
3077408,7.054653139283815
3077412,6.016885908810131
3077734,7.23256466745341
3077742,7.054653139283815
3078384,7.421132134546633
3078390,6.016885908810131
3078391,7.054653139283815
3078514,7.054653139283815
3078521,7.054653139283815
3078549,7.054653139283815
3078609,7.054653139283815
3078753,7.054653139283815
3090455,7.126431998670128
3094909,7.054653139283815
3095514,7.343605615013029
3097525,6.984409900193691
3097572,6.515617707599782
3101548,7.054653139283815
3103186,7.28720541955646
3103683,7.054653139283815
3104794,7.054653139283815
3112738,7.230897991401377
3120852,7.404492127693527
3143676,7.054653139283815
3143727,7.054653139283815
3148064,7.054653139283815
3148089,7.054653139283815
3154908,7.054653139283815
3155971,7.054653139283815
3156086,7.054653139283815
3156117,7.278780482964712
3157583,7.0201836852512125
3168086,7.432310863994138
3168089,7.23256466745341
3168101,6.515617707599782
3170961,7.054653139283815
3178770,7.054653139283815
3179706,6.515617707599782
3179758,7.054653139283815
3182856,7.054653139283815
3183490,7.054653139283815
3205624,7.054653139283815
3212398,7.054653139283815
3212965,7.149624068037908
3213173,7.054653139283815
3213270,6.5
3217142,7.054653139283815
3217149,7.054653139283815
3217165,7.054653139283815
3217166,7.054653139283815
3217169,7.054653139283815
3217878,7.23256466745341
3225261,7.405648992309249
3227410,7.054653139283815
3230115,7.054653139283815
3230121,7.054653139283815
3230155,7.054653139283815
3231740,7.054653139283815
3231742,6.515617707599782
3231823,7.424193543772543
3233635,7.054653139283815
3236904,7.054653139283815
3238087,7.298972469459027
3239906,7.054653139283815
3256172,7.054653139283815
3259973,7.054653139283815
3262050,7.054653139283815
3263814,7.054653139283815
3264229,7.054653139283815
3267120,7.054653139283815
3267195,6.057189541704514
3268171,7.054653139283815
3269019,7.054653139283815
3269068,7.054653139283815
3274505,7.054653139283815
3279069,7.054653139283815
3279080,7.054653139283815
3279093,7.054653139283815
3279107,6.016885908810131
3284396,7.054653139283815
3284397,7.054653139283815
3285073,7.054653139283815
3287562,7.243220606377038
3287578,6.984409900193691
3287715,7.429828770227907
3289081,7.054653139283815
3289086,7.054653139283815
3318306,7.054653139283815
3319755,7.054653139283815
3321409,7.23256466745341
3326747,7.054653139283815
3329192,6.403026588221285
3338851,7.404492127693527
3338862,7.054653139283815
3346365,7.359388871104474
3346464,7.054653139283815
3364223,7.011417488486304
3387483,7.243378769785405
3392569,7.054653139283815
3395373,7.23256466745341
3402101,7.054653139283815
3412830,6.016885908810131
3415993,7.054653139283815
3431336,7.424193543772543
3434070,7.054653139283815
3445906,7.054653139283815
3530403,6.689705204671713
3530407,7.054653139283815
3532614,6.057189541704514
3541415,7.23256466745341
3543318,7.23256466745341
3546019,5.976582275915749
3563200,7.054653139283815
3566266,7.172977367286913
3569910,7.054653139283815
3569911,6.984409900193691
3569943,7.054653139283815
3578920,7.054653139283815
3578925,7.054653139283815
3578939,7.054653139283815
3578981,6.016885908810131
3582181,7.14900950691505
3592845,7.054653139283815
3592853,7.054653139283815
3592854,7.011868696622174
3592859,7.054653139283815
3596502,6.016885908810131
3601176,6.9681818376887925
3602084,7.054653139283815
3604148,6.984409900193691
3606971,7.243220606377038
3606973,7.054653139283815
3606975,6.016885908810131
3610047,7.054653139283815
3610676,7.054653139283815
3614963,7.317032380591099
3626364,6.9681818376887925
3626372,7.054653139283815
3628370,7.431788073470261
3637220,7.424193543772543
3642835,7.054653139283815
3642843,7.054653139283815
3642866,6.057189541704514
3649049,6.016885908810131
3652297,7.23256466745341
3652302,7.054653139283815
3654340,7.054653139283815
3660130,7.054653139283815
3660428,7.432310863994138
3667102,7.432310863994138
3671938,7.340580815377861
3671986,7.298972469459027
3671995,7.054653139283815
3674181,7.397702828879929
3680627,7.011417488486304
3681613,5.976582275915749
3683594,7.432310863994138
3699737,7.054653139283815
3711760,6.016885908810131
3718237,7.23256466745341
3718269,7.206200354407546
3718273,7.054653139283815
3718279,6.984409900193691
3718424,7.23256466745341
3718460,7.273362375922906
3718678,7.054653139283815
3718782,7.410476195623004
3731581,7.054653139283815
3731626,7.424193543772543
3732780,6.748863634738055
3735003,7.054653139283815
3736637,6.016885908810131
3737102,6.748863634738055
3742360,6.016885908810131
3742937,7.054653139283815
3742987,7.431788073470261
3743049,7.23256466745341
3743114,6.753822249675412
3744561,7.054653139283815
3749974,7.248376419537625
3750104,7.239423341528179
3754946,6.34088692336248
3768185,5.976582275915749
3769423,7.054653139283815
3769442,7.054653139283815
3771562,7.23256466745341
3775163,7.410476195623004
3775167,7.011417488486304
3777800,6.057189541704514
3778238,5.976582275915749
3780045,7.054653139283815
3789848,7.054653139283815
3789921,7.054653139283815
3792787,6.016885908810131
3792799,6.016885908810131
3792816,6.016885908810131
3792848,7.395827814134659
3793783,7.23256466745341
3796613,7.431788073470261
3804629,7.054653139283815
3804746,6.016885908810131
3804891,5.976582275915749
3808604,7.243220606377038
3811356,7.432310863994138
3813779,6.260878484119439
3819877,7.424193543772543
3819939,7.432310863994138
3820191,5.976582275915749
3821067,6.016885908810131
3824339,7.054653139283815
3824500,5.976582275915749
3836070,7.054653139283815
3837666,7.054653139283815
3868141,7.315138443003361
3871780,7.253428625530673
3874981,6.016885908810131
3878007,7.011417488486304
3878157,6.984409900193691
3878247,7.432310863994138
3882427,7.054653139283815
3893805,7.243220606377038
3895511,7.054653139283815
3914500,6.984409900193691
3914513,7.054653139283815
3927734,7.175427749848715
3927736,7.054653139283815
3927750,7.054653139283815
3927789,7.054653139283815
3928370,6.016885908810131
3929374,7.410476195623004
3990098,7.054653139283815
3992381,7.149624068037908
3993559,6.748863634738055
3993588,6.704185174693006
3999549,7.054653139283815
4004731,6.016885908810131
4014396,7.278780482964712
4014405,7.054653139283815
4017146,7.23256466745341
4023433,7.054653139283815
4023638,7.144437057531871
4035906,7.317032380591099
4043647,7.054653139283815
4051753,7.054653139283815
4058933,7.054653139283815
4058963,7.054653139283815
4059245,5.976582275915749
4062922,6.057189541704514
4074292,7.432310863994138
4075568,7.054653139283815
4078562,5.976582275915749
4078592,5.976582275915749
4079117,7.432310863994138
4082101,5.976582275915749
4082544,5.976582275915749
4086853,7.429642417315601
4097023,6.016885908810131
4097121,7.632558090742244
4097466,7.431788073470261
4099231,7.432310863994138
4100696,6.016885908810131
4109909,7.054653139283815
4109918,7.276255232847728
4116481,7.054653139283815
4117274,7.054653139283815
4117302,7.410476195623004
4118060,6.016885908810131
4120583,7.202771017370162
4126925,7.1133439714582325
4130238,7.410476195623004
4132407,7.212932626635565
4133814,6.016885908810131
4133988,6.016885908810131
4134631,6.016885908810131
4135434,6.515617707599782
4135710,5.976582275915749
4136036,6.753822249675412
4151110,5.976582275915749
4154632,5.976582275915749
4154669,6.362722955326902
4160524,7.172977367286913
4160540,7.410476195623004
4164444,7.23256466745341
4168733,7.054653139283815
4173583,6.016885908810131
4176542,5.976582275915749
4179012,7.410476195623004
4180445,6.914166661103566
4185834,6.984409900193691
4190211,7.372999767832106
4191644,7.23256466745341
4202204,5.976582275915749
4202302,7.432310863994138
4202982,7.054653139283815
4202983,7.212932626635565
4206357,7.220406246659214
4206436,7.054653139283815
4206477,7.054653139283815
4212172,6.016885908810131
4215790,7.054653139283815
4218768,6.016885908810131
4221462,7.260659879133383
4230918,7.149624068037908
4237863,5.976582275915749
4237879,5.976582275915749
4241887,7.432310863994138
4246125,7.432310863994138
4249355,7.149624068037908
4267948,7.410476195623004
4268598,7.432310863994138
4271894,5.976582275915749
4280770,7.149624068037908
4281535,7.054653139283815
4282653,7.149624068037908
4284085,5.976582275915749
4286017,7.054653139283815
4290704,7.432310863994138
4290915,5.976582275915749
4291272,6.057189541704514
4291275,6.362722955326902
4300641,7.149624068037908
4301043,7.367326626862367
4301056,7.054653139283815
4301181,7.054653139283815
4301224,7.23256466745341
4301285,7.054653139283815
4301659,7.054653139283815
4301662,7.243220606377038
4304212,6.748863634738055
4305436,6.057189541704514
4310059,6.057189541704514
4312232,6.057189541704514
4312428,6.931404515044595
4313109,7.149624068037908
4313160,7.452830188679245
4319218,7.303544918842206
4319445,7.054653139283815
4320237,7.432310863994138
4323732,6.362722955326902
4326412,7.054653139283815
4328442,5.976582275915749
4328443,7.149624068037908
4706257,7.054653139283815
4707230,6.362722955326902
4707585,5.976582275915749
4707596,6.016885908810131
4709671,7.054653139283815
4709904,6.057189541704514
4711343,7.212932626635565
4718369,5.976582275915749
4723944,6.057189541704514
4724373,6.753724573639769
4724586,6.649999959128244
4724739,6.057189541704514
4727460,7.432310863994138
4727962,7.054653139283815
4735944,6.016885908810131
4739952,6.649999959128244
4746257,6.984409900193691
4767216,7.298972469459027
4798707,7.342666756968026
4804209,5.976582275915749
4807924,7.054653139283815
4811807,7.126431998670128
4811813,7.054653139283815
4812830,5.976582275915749
4816602,7.054653139283815
4817018,7.149624068037908
4817024,7.149624068037908
4817901,7.054653139283815
4821046,6.016885908810131
4822829,7.432310863994138
4822848,5.976582275915749
4824512,7.054653139283815
4826409,7.427923376145205
4826419,7.149624068037908
4826765,6.649999959128244
4830236,7.432310863994138
4830478,7.054653139283815
4830500,7.054653139283815
4832288,7.432310863994138
4838667,6.914166661103566
4840388,6.016885908810131
4843480,7.054653139283815
4843641,5.976582275915749
4844731,7.432310863994138
4844903,7.054653139283815
4845414,6.3944652952193906
4847665,7.054653139283815
4848115,7.432310863994138
4849728,7.243099488200856
4858775,5.976582275915749
4861408,7.149624068037908
4861627,7.149624068037908
4864908,6.016885908810131
4873490,5.976582275915749
4876722,5.976582275915749
4881607,6.016885908810131
4883258,7.424193543772543
4883300,7.431788073470261
4883425,6.704185174693006
4885994,7.432310863994138
4887437,7.432310863994138
4889554,7.054653139283815
4894074,5.976582275915749
4894075,5.976582275915749
4896263,5.976582275915749
4896303,7.432310863994138
4896304,6.016885908810131
4896305,5.976582275915749
4896894,7.23256466745341
4901335,7.054653139283815
4901684,7.149624068037908
4901698,7.432310863994138
4903613,6.649999959128244
4904026,7.410476195623004
4906427,6.016885908810131
4907844,7.432310863994138
4910200,7.432310863994138
4911596,7.054653139283815
4913185,7.490889350568206
4913200,6.016885908810131
4913222,6.016885908810131
4914468,7.054653139283815
4914656,7.302293831835811
4915122,7.2563944629869574
4915854,7.054653139283815
4915857,7.306250692249404
4917698,5.976582275915749
4917726,7.149624068037908
4919019,7.054653139283815
4919151,7.431788073470261
4920389,7.054653139283815
4920528,6.748863634738055
4922850,5.976582275915749
4924142,7.054653139283815
4924694,7.216669596209294
4924799,7.427990808621402
4926002,5.976582275915749
4927336,7.432310863994138
4930393,7.432310863994138
4934987,7.432310863994138
4935011,7.432310863994138
4935242,6.914166661103566
4936770,7.054653139283815
4942776,6.016885908810131
4942778,5.976582275915749
4942779,5.976582275915749
4943938,7.054653139283815
4995724,7.401500093728789
5028328,7.410476195623004
5028536,7.431788073470261
5041518,7.410476195623004
5044737,6.704185174693006
5044739,5.976582275915749
5045678,5.976582275915749
5149279,7.410476195623004
5150245,7.054653139283815
5151357,7.401500093728789
5152333,7.194444391462538
5153144,7.424193543772543
5153254,7.39084415480516
5153329,7.432310863994138
5153874,7.054653139283815
5154496,7.054653139283815
5154799,7.011417488486304
5155038,7.37030649681367
5155169,7.054653139283815
5156137,7.137140595278402
5156574,7.41212120923129
5157137,7.054653139283815
5159993,7.410476195623004
5170652,7.054653139283815
5183361,7.388944738521503
5194471,6.016885908810131
5208150,7.054653139283815
5244092,6.748863634738055
5247058,7.432310863994138
5250341,6.016885908810131
5250583,6.016885908810131
5256418,6.016885908810131
5258017,7.410476195623004
5258869,7.054653139283815
5262338,7.432310863994138
5262339,7.23256466745341
5265135,7.432310863994138
5265182,5.976582275915749
5265471,7.443625914009623
5267375,5.976582275915749
5279575,7.432310863994138
5279593,7.432310863994138
5282434,7.149624068037908
5285669,6.057189541704514
5286821,7.432310863994138
5289186,7.054653139283815
5290729,6.016885908810131
5294324,6.4886942272048005
5294326,7.149624068037908
5294432,7.23256466745341
5295610,7.432310863994138
5298995,7.432310863994138
5300054,7.23256466745341
5308199,7.432310863994138
5308265,6.016885908810131
5316733,6.748863634738055
5317291,6.016885908810131
5318665,6.057189541704514
5318669,6.362722955326902
5319835,6.719252258215981
5320233,5.976582275915749
5322596,7.054653139283815
5323683,7.054653139283815
5323881,7.054653139283815
5323957,7.054653139283815
5323968,7.054653139283815
5324813,6.847461197707723
5326539,7.432310863994138
5327156,7.499047681263515
5327189,7.410476195623004
5327201,7.054653139283815
5327224,7.418128492774851
5327268,6.6202354385754605
5327459,7.468395471700385
5327463,7.054653139283815
5327474,7.054653139283815
5330387,7.369018080503877
5344178,5.976582275915749
5346468,7.432310863994138
5350027,6.704446569954944
5355187,5.976582275915749
5360033,6.649999959128244
5360889,7.054653139283815
5360890,7.410476195623004
5361544,7.276923182683113
5364905,5.976582275915749
5364952,7.149624068037908
5364978,5.976582275915749
5364987,5.976582275915749
5365963,6.984409900193691
5366708,5.976582275915749
5374152,7.054653139283815
5374383,7.149624068037908
5380919,7.3712121139873155
5382887,5.976582275915749
5386987,7.432310863994138
5387015,7.432310863994138
5387021,7.149624068037908
5387041,7.054653139283815
5403927,7.432310863994138
5407085,7.432310863994138
5422105,6.016885908810131
5446197,6.515617707599782
5501708,6.649999959128244
5501711,7.149624068037908
5501712,7.149624068037908
5502697,7.149624068037908
5908473,7.149624068037908
5908477,6.016885908810131
5908478,7.149624068037908
5908527,5.976582275915749
5910040,7.054653139283815
5912992,7.149624068037908
5919333,6.563103171976829
5919538,7.149624068037908
5940763,7.054653139283815
5948606,7.432310863994138
5951292,6.649999959128244
5959696,6.914166661103566
5964718,7.615894012893273
5967821,7.054653139283815
5968334,7.432310863994138
5968450,5.976582275915749
5972036,7.431788073470261
5975197,6.016885908810131
5977478,7.054653139283815
5977835,6.057189541704514
5977836,6.016885908810131
5985871,6.649999959128244
5985888,7.149624068037908
5989818,7.432310863994138
5993138,5.976582275915749
5993155,5.976582275915749
5993185,6.362722955326902
5996409,7.432310863994138
5996799,6.016885908810131
5996800,5.976582275915749
5996801,6.016885908810131
5997157,7.054653139283815
6001229,7.431788073470261
6006087,7.431788073470261
6007281,7.432310863994138
6010171,7.432310863994138
6011805,5.976582275915749
6011806,5.976582275915749
6019180,7.149624068037908
6021916,6.984409900193691
6021917,7.054653139283815
6030607,7.431788073470261
6037517,7.5324344773681915
6037977,6.362722955326902
6037981,7.149624068037908
6038071,7.149624068037908
6039412,7.054653139283815
6040982,6.90338967596907
6041191,6.016885908810131
6041199,6.362808318968026
6041200,5.976582275915749
6041221,7.149624068037908
6041222,7.432310863994138
6053347,7.410476195623004
6053679,7.054653139283815
6053731,7.23256466745341
6057942,7.149624068037908
6060652,7.239423341528179
6061437,7.410476195623004
6068516,6.016885908810131
6070226,7.054653139283815
6078003,5.976582275915749
6080698,7.432310863994138
6080748,6.016885908810131
6080756,7.149624068037908
6080772,5.976582275915749
6080775,5.976582275915749
6080840,7.149624068037908
6082518,7.054653139283815
6083109,5.976582275915749
6097775,7.263498422269376
6101728,7.432310863994138
6110546,7.410476195623004
6110568,7.432310863994138
6118718,7.432310863994138
6121141,7.054653139283815
6123978,7.432310863994138
6124012,6.016885908810131
6126441,6.016885908810131
6126442,6.362808318968026
6128003,7.370468257932867
6128025,7.054653139283815
6129462,7.34611789138803
6129642,7.054653139283815
6146955,7.054653139283815
6147308,6.563103171976829
6221409,6.016885908810131
6307447,7.054653139283815
6307506,7.428927198597381
6309377,7.410476195623004
6311303,7.054653139283815
6313287,6.673897194951532
6313765,7.054653139283815
6383498,7.054653139283815
6383536,6.649999959128244
6386345,6.016885908810131
6390823,7.054653139283815
6390825,7.057003650141517
6390832,7.054653139283815
6393127,6.748863634738055
6396294,7.444719103472392
6402119,7.432310863994138
6402464,7.432310863994138
6424135,7.432310863994138
6424814,7.054653139283815
6425116,5.976582275915749
6425147,7.432310863994138
6428132,6.704446569954944
6430835,7.054653139283815
6430838,5.976582275915749
6435936,7.23256466745341
6436763,6.016885908810131
6436977,7.431788073470261
6511042,7.054653139283815
6514105,6.016885908810131
6515363,6.057189541704514
6517421,7.243220606377038
6518638,7.431788073470261
6518721,6.057189541704514
6519585,5.976582275915749
6521506,7.352391447037851
6527269,6.705031765473611
6531219,7.054653139283815
6532822,7.192954996961239
6533054,7.054653139283815
6534248,7.054653139283815
6536180,7.537096759965342
6537486,7.431788073470261
6537500,7.054653139283815
6538590,7.410476195623004
6538697,7.054653139283815
6538807,6.813903870274189
6538866,7.054653139283815
6539385,7.149624068037908
6549903,7.054653139283815
6557030,7.149624068037908
6558262,7.452830188679245
6558801,7.432310863994138
6560058,7.054653139283815
6560928,5.976582275915749
6601382,7.410476195623004
6710798,7.149624068037908
6714088,5.976582275915749
6714930,6.753846174631363
6717575,6.016885908810131
6721670,5.976582275915749
6722879,7.054653139283815
6724955,7.628571493285043
6727307,7.432310863994138
6730004,6.362722955326902
6731985,7.427990808621402
6738735,6.016885908810131
6738760,5.976582275915749
6745433,7.431788073470261
6753166,7.23256466745341
6755223,7.431788073470261
6759229,6.362722955326902
6771529,6.897326550568421
6778650,6.016885908810131
6780857,7.431788073470261
6781967,6.057189541704514
6781971,5.976582275915749
6782006,5.976582275915749
6786002,7.431788073470261
6788265,5.976582275915749
6788517,7.054653139283815
6791750,7.432310863994138
6796158,5.976582275915749
6799191,5.976582275915749
6803494,7.278780482964712
6814906,7.432310863994138
6814992,5.976582275915749
6814999,5.976582275915749
6827727,7.404195741941633
6828823,7.054653139283815
6829665,7.149624068037908
6835009,6.649999959128244
6837235,7.169180102438055
6839145,7.149624068037908
6844861,7.432310863994138
6844868,7.149624068037908
6845529,7.407142843518939
6845667,7.23256466745341
6846495,7.431788073470261
6846893,7.177476979418118
6850547,7.054653139283815
6855849,5.976582275915749
6860160,7.298972469459027
6864262,7.21819448404842
6866928,7.432310863994138
6869395,6.057189541704514
6869412,7.149624068037908
6869414,7.432310863994138
6870362,7.410476195623004
6870493,7.054653139283815
6872244,5.976582275915749
6872273,6.016885908810131
6872936,7.177326665009339
6873042,7.239423341528179
6873085,7.054653139283815
6873143,7.054653139283815
6873657,7.054653139283815
6873736,7.288437723138544
6873824,7.054653139283815
6873905,7.054653139283815
6874137,7.410476195623004
6874140,7.054653139283815
6874403,7.054653139283815
6874441,7.054653139283815
6874456,7.054653139283815
6874741,5.976582275915749
6875263,7.23256466745341
6875647,7.054653139283815
6875863,7.054653139283815
6878446,5.976582275915749
6879185,7.23256466745341
6880497,7.432310863994138
6886518,7.149624068037908
6886525,7.432310863994138
6887029,7.298972469459027
6889533,7.432310863994138
6890469,5.976582275915749
6890730,6.016885908810131
6890746,5.976582275915749
6895950,7.126431998670128
6900094,7.149624068037908
6902345,5.976582275915749
6902735,7.432310863994138
6905169,7.149624068037908
6946772,5.976582275915749
6957273,6.016885908810131
6957293,7.054653139283815
6959177,7.431788073470261
6960858,7.432310863994138
6965615,7.149624068037908
6968180,7.054653139283815
6970906,7.249956715766371
6971315,7.432310863994138
6973376,5.976582275915749
6973460,5.976582275915749
6981146,7.292416848046037
6981153,7.054653139283815
6982558,6.515617707599782
6982609,7.054653139283815
6984051,7.432310863994138
6984061,6.016885908810131
6984064,6.016885908810131
6985803,7.172977367286913
6985810,7.457784740902413
6985986,7.054653139283815
6989758,7.432310863994138
6991110,6.016885908810131
7003297,6.515617707599782
7015798,7.448273237282522
7046723,7.054653139283815
7047323,7.054653139283815
7051294,6.362722955326902
7051357,5.976582275915749
7051830,7.054653139283815
7051900,7.054653139283815
7052383,7.424193543772543
7052437,7.054653139283815
7052636,7.532173082106253
7053723,7.432310863994138
7054604,6.515617707599782
7056398,5.976582275915749
7056414,7.23256466745341
7059671,7.632558090742244
7062227,7.243482001638976
7062596,5.976582275915749
7064681,7.432310863994138
7065120,7.054653139283815
7065154,7.23256466745341
7065161,7.149624068037908
7065211,7.054653139283815
7065238,7.054653139283815
7065334,7.054653139283815
7065417,7.054653139283815
7152895,7.432310863994138
7152908,7.432310863994138
7154408,7.300242865607784
7155005,7.385450486684407
7155083,5.976582275915749
7161698,7.432310863994138
7175256,5.976582275915749
7564989,5.976582275915749
7916027,7.133535957952547
10001432,7.432310863994138
10047547,7.054653139283815
10342838,6.904249656957589
10344754,6.016885908810131
10355329,7.452830188679245
10355625,7.432310863994138
10416189,5.976582275915749
10430817,7.298106098716909
10432181,7.330277738037406
10432911,7.149624068037908
10437779,7.149624068037908
10438426,6.704185174693006
10438585,7.4165834127816
10439235,7.149624068037908
10439358,7.432310863994138
10439805,7.054653139283815
10440076,7.054653139283815
10440138,7.054653139283815
10442182,7.199984955579527
10446625,7.054653139283815
10450409,6.748863634738055
10450713,7.340610656251286
10453730,5.976582275915749
10453731,7.054653139283815
10456963,6.057189541704514
10459051,7.452830188679245
10460153,6.914166661103566
10460270,7.432310863994138
10461368,6.748863634738055
10462705,7.432310863994138
10463953,7.23256466745341
10466836,7.054653139283815
10467125,7.432310863994138
10467774,5.976582275915749
10468424,7.054653139283815
10477734,5.976582275915749
10480973,7.432310863994138
10484041,7.432310863994138
10484601,7.054653139283815
10485481,7.23256466745341
10485526,7.054653139283815
10485647,7.23256466745341
10487226,7.149624068037908
10487568,7.23256466745341
10491649,7.332111154523484
10508874,7.149624068037908
10508876,7.149624068037908
10508878,7.149624068037908
10508901,5.976582275915749
10512661,7.126431998670128
10521670,7.432310863994138
10521893,7.4952807091747715
10526498,7.367921063762157
10527288,5.976582275915749
10531201,7.432310863994138
10533890,7.054653139283815
10533913,7.054653139283815
10535562,6.897326550568421
10535568,7.640008822456783
10537853,5.976582275915749
10539139,5.976582275915749
10540066,6.016885908810131
10543906,7.410476195623004
10545939,6.016885908810131
10546007,7.432310863994138
10546436,7.229985952581919
10546747,7.054653139283815
10548265,7.054653139283815
10549223,5.976582275915749
10549480,7.054653139283815
10558252,7.054653139283815
10558447,7.149624068037908
10562987,7.401500093728789
10563107,6.649999959128244
10563779,7.149624068037908
10564052,5.976582275915749
10567489,7.432310863994138
10567506,6.704446569954944
10568385,7.148755195566154
10569133,5.976582275915749
10569151,7.432310863994138
10571509,7.432310863994138
10573499,7.432310863994138
10573695,5.976582275915749
10574468,6.016885908810131
10574622,5.976582275915749
10576419,7.054653139283815
10577869,7.410476195623004
10581908,7.054653139283815
10586620,6.016885908810131
10590080,5.976582275915749
10594965,7.054653139283815
10598440,7.298972469459027
10600271,6.016885908810131
10604087,6.016885908810131
10604227,7.149624068037908
10604486,5.976582275915749
10604892,6.016885908810131
10604893,6.016885908810131
10605978,5.976582275915749
10606003,7.432310863994138
10608242,7.424193543772543
10617158,7.054653139283815
10617168,6.016885908810131
10726941,6.016885908810131
10727641,6.362808318968026
10733376,6.748863634738055
10733558,6.649999959128244
10735399,7.054653139283815
10741220,7.229426406787645
10741643,7.452830188679245
10741834,7.054653139283815
10741865,7.167326531494934
10741871,7.514782061095331
10743974,7.054653139283815
10745208,7.532173082106253
10745399,7.054653139283815
10745405,7.054653139283815
10746175,7.054653139283815
10746430,7.432310863994138
10747855,6.753846174631363
10748092,7.149624068037908
10748226,7.410476195623004
10748492,7.054653139283815
10749958,7.285098875737047
10749985,7.632558090742244
10754780,7.054653139283815
10755367,7.521517143182624
10755697,7.054653139283815
10756499,7.054653139283815
10756517,7.410476195623004
10756537,7.054653139283815
10756728,6.016885908810131
10757577,7.23256466745341
10757580,7.3712121139873155
10758223,7.149624068037908
10759740,7.140549996355542
10759926,5.976582275915749
10760030,7.4561334060888536
10762817,7.298972469459027
10763157,6.016885908810131
10763164,6.016885908810131
10763928,7.276255232847728
10764850,7.011417488486304
10765742,7.6214487055095965
10766459,7.243220606377038
10772258,6.016885908810131
10773239,7.2384376913494
10774066,7.054653139283815
10774184,7.054653139283815
10774666,6.914166661103566
10774980,7.054653139283815
10777687,7.149624068037908
10777780,6.748863634738055
10777783,7.432310863994138
10788846,6.057189541704514
10791575,7.054653139283815
10792320,7.23256466745341
10792322,7.054653139283815
10792650,7.405516653156577
10793610,7.296440959559788
10794042,6.016885908810131
10796578,7.149624068037908
10806395,7.3712121139873155
10807909,6.016885908810131
10807916,6.016885908810131
10808442,7.4573266363991095
10810336,7.149624068037908
10810745,6.813903870274189
10827341,7.054653139283815
10829828,7.431788073470261
10831445,5.976582275915749
10831449,5.976582275915749
10833923,5.976582275915749
10833924,6.260878484119439
10833971,5.976582275915749
10851241,7.149624068037908
10864706,7.432310863994138
10864754,5.976582275915749
10877413,7.149624068037908
11026735,7.054653139283815
11443314,7.054653139283815
11443316,5.976582275915749
11443807,7.054653139283815
11443810,7.054653139283815
11499033,7.452830188679245
11500954,7.432310863994138
11501396,5.976582275915749
11502154,5.976582275915749
11502889,7.054653139283815
11502912,7.192954996961239
11502973,7.431788073470261
11503382,7.432310863994138
11505245,5.976582275915749
11510624,5.976582275915749
11520649,7.054653139283815
11523504,7.149624068037908
11524967,7.054653139283815
11525673,7.278780482964712
11526817,6.823876763041521
11527491,5.976582275915749
11529526,6.016885908810131
11534824,7.432310863994138
11540651,7.149624068037908
11541282,7.054653139283815
11577177,7.054653139283815
11580479,7.179353596668935
11584016,7.149624068037908
11584019,7.447858071349804
11584024,7.432310863994138
11584309,7.432310863994138
11589036,6.515617707599782
11598669,7.054653139283815
11598977,6.016885908810131
11599168,6.748863634738055
11600078,6.748863634738055
11601131,7.054653139283815
11606327,6.996923115925911
11606328,7.260659879133383
11610281,7.243220606377038
11610693,5.976582275915749
11611021,7.432310863994138
11611136,5.976582275915749
11614603,6.016885908810131
11615927,7.432310863994138
11620560,7.190818307979664
11624706,7.054653139283815
11625097,6.016885908810131
11625312,6.016885908810131
11625731,5.976582275915749
11627068,5.976582275915749
11632599,5.976582275915749
11776289,6.016885908810131
11803087,7.054653139283815
11810348,7.054653139283815
16475702,6.016885908810131
19425128,7.432310863994138
19899663,7.149624068037908
19899707,7.054653139283815
19899718,7.054653139283815
19944106,6.016885908810131
19945757,7.452830188679245
19955789,7.432310863994138
19955828,7.584075872256482
19955955,7.242857251848493
19957083,7.054653139283815
19961072,7.432310863994138
19962575,5.976582275915749
19967839,5.976582275915749
19971676,7.054653139283815
19973312,7.410476195623004
19973780,7.298972469459027
19973815,6.563103171976829
19973828,7.432310863994138
19975328,6.9681818376887925
19976058,5.976582275915749
19976774,7.361000037054544
20020577,6.704185174693006
20254219,6.016885908810131
20256636,7.371428557804653
20257326,7.2655247420745575
20266428,7.432310863994138
20266598,7.432310863994138
20266753,6.016885908810131
20274039,7.432310863994138
20276520,7.431788073470261
20277433,7.054653139283815
20277632,7.243220606377038
20278505,7.011417488486304
20278801,5.976582275915749
20283482,7.054653139283815
20326665,7.054653139283815
20376577,6.362722955326902
20378794,6.362722955326902
20378811,5.976582275915749
20388198,6.016885908810131
20388223,6.016885908810131
20388224,7.149624068037908
20418685,7.428927198597381
20426995,7.432310863994138
20435622,6.515617707599782
20436812,7.054653139283815
20438548,7.432310863994138
20438962,6.984409900193691
20438964,7.054653139283815
20440456,7.410476195623004
20443013,6.016885908810131
20444530,5.976582275915749
20451290,7.054653139283815
20451307,7.149624068037908
20452308,5.976582275915749
20470074,7.432310863994138
20470260,7.054653139283815
20471829,6.649999959128244
20471852,7.054653139283815
20472857,6.016885908810131
20490940,7.431788073470261
20491393,7.432310863994138
20494548,7.431788073470261
20495023,7.054653139283815
20497559,6.016885908810131
20497905,7.054653139283815
20501030,7.054653139283815
20505982,6.016885908810131
20513059,5.976582275915749
20513060,5.976582275915749
20513061,5.976582275915749
20514871,7.054653139283815
20514902,5.976582275915749
20514947,7.451846808471382
20515018,5.976582275915749
20515070,6.362722955326902
20515071,6.057189541704514
20515977,6.016885908810131
20521014,7.480000019073486
20645098,7.431788073470261
21263666,7.054653139283815
21264218,7.410476195623004
21264285,6.362722955326902
21264315,7.432310863994138
21318488,7.054653139283815
21319204,5.976582275915749
21319853,7.404492127693527
21320278,7.432310863994138
21324900,6.984409900193691
21327493,7.054653139283815
21327494,7.054653139283815
21327512,6.515617707599782
21327518,5.976582275915749
21328095,7.054653139283815
21332518,7.432310863994138
21332535,7.054653139283815
21334420,7.054653139283815
21339392,7.432310863994138
21340202,7.039481289475096
21345845,7.054653139283815
21349048,6.914166661103566
21349345,7.23256466745341
21349734,7.23256466745341
21350556,5.976582275915749
21350559,7.054653139283815
21350962,7.054653139283815
21352814,5.976582275915749
21354767,7.054653139283815
21355933,5.976582275915749
21356379,7.054653139283815
21357362,5.976582275915749
21359619,6.016885908810131
21359690,5.976582275915749
21360417,7.149624068037908
21372183,5.976582275915749
21423616,7.432310863994138
21441132,7.054653139283815
21765841,6.748863634738055
21766698,7.149624068037908
21770915,7.601000062485859
21815004,7.431788073470261
21817627,7.054653139283815
21871405,6.649999959128244
21937438,7.149624068037908
21937439,7.149624068037908
21937445,7.149624068037908
21937449,7.149624068037908
21937450,7.149624068037908
21937452,7.149624068037908
21941106,5.976582275915749
21941770,6.3944652952193906
21941804,5.976582275915749
21943062,5.976582275915749
21977761,7.054653139283815
22203896,7.23256466745341
22232939,5.976582275915749
22263645,7.410476195623004
22265299,7.335043114814521
22265634,7.054653139283815
22265687,7.054653139283815
22266012,7.054653139283815
22266126,6.87907178294765
22266320,6.555921340494164
22266898,7.054653139283815
22276795,6.748863634738055
22297118,7.432310863994138
22518875,7.054653139283815
22557335,5.976582275915749
22604659,7.054653139283815
22637441,7.553787892515009
22715021,6.057189541704514
22733673,7.054653139283815
22759660,6.057189541704514
22759752,6.057189541704514
22939161,7.054653139283815
22992794,5.976582275915749
22994672,6.98571423121861
23010202,7.432310863994138
23011206,7.256349184812405
23025359,5.976582275915749
23043659,7.054653139283815
23126901,5.976582275915749
23163938,6.748863634738055
23331914,6.813903870274189
23398777,7.432310863994138
23424586,7.130347347934122
23712558,7.149624068037908
23712710,7.149624068037908
23761370,6.821182093064567
23767433,7.054653139283815
23774869,6.9738335881659905
23788440,6.016885908810131
24284209,5.976582275915749
24284844,7.432310863994138
24298212,7.432310863994138
24298333,7.148755195566154
24307625,7.149624068037908
24307637,7.149624068037908
24325493,6.768181930888783
24325798,7.054653139283815
24325815,7.054653139283815
24325861,7.054653139283815
24325923,7.054653139283815
24372055,5.976582275915749
24389792,7.455894046271874
24397586,7.421132134546633
24404677,7.155193303034337
24405378,7.23256466745341
24470523,7.054653139283815
24522026,7.408809519570971
24522915,6.335737641619033
24523680,7.298972469459027
24529254,7.149624068037908
24529353,6.362808318968026
24530628,5.976582275915749
24695277,6.016885908810131
24695966,7.149624068037908
24698878,7.054653139283815
24702267,7.054653139283815
24713882,7.054653139283815
24716033,7.054653139283815
24716039,6.515617707599782
24716045,7.23256466745341
24718797,6.904141467813354
24719063,5.976582275915749
24721493,6.362722955326902
24722875,7.149624068037908
24723061,5.976582275915749
24735062,5.976582275915749
24736299,7.149624068037908
24736526,6.016885908810131
24736566,5.976582275915749
24741412,7.432310863994138
24743709,6.813903870274189
24743711,5.976582275915749
24743712,5.976582275915749
24743728,6.704185174693006
24745500,5.976582275915749
24746974,6.9681818376887925
24750126,7.397811050788598
24750460,7.054653139283815
24750534,7.054653139283815
24751754,5.976582275915749
24751756,5.976582275915749
24751757,5.976582275915749
24751763,6.016885908810131
24751765,5.976582275915749
24751811,7.410476195623004
24753477,7.054653139283815
24753685,7.432310863994138
24753687,5.976582275915749
24753810,5.976582275915749
24753811,5.976582275915749
24754090,7.432310863994138
24756472,6.649999959128244
24756658,7.149624068037908
24758396,5.976582275915749
24773958,7.054653139283815
24815502,7.3712121139873155
24815950,7.299146732966985
24827387,5.976582275915749
24827406,5.976582275915749
24839091,7.149624068037908
24839498,7.149624068037908
24842277,7.054653139283815
24843198,5.976582275915749
24844958,7.432310863994138
24845115,7.432310863994138
24847340,6.362722955326902
24847343,5.976582275915749
24851526,7.090587249366097
24852545,5.976582275915749
24854896,5.976582275915749
24855035,7.149624068037908
24859034,5.976582275915749
24859095,7.054653139283815
24859558,7.432310863994138
24860289,7.355893998588158
24860318,7.0201836852512125
24860563,6.984409900193691
24869803,8.199999928474426
24869824,7.432310863994138
24872023,7.23256466745341
24873473,5.976582275915749
24874401,7.054653139283815
24875409,7.054653139283815
24875534,5.976582275915749
24875658,5.976582275915749
24877502,6.984409900193691
24879820,7.149624068037908
24879839,6.515617707599782
24879858,5.976582275915749
24882562,7.410476195623004
24883815,7.054653139283815
24885205,7.23256466745341
24888079,5.976582275915749
24891524,6.748863634738055
24910035,7.054653139283815
24987018,6.057189541704514
25300674,6.016885908810131
25444447,6.481416004414423
25662327,5.976582275915749
25662329,7.054653139283815
25662337,7.054653139283815
25662591,7.432310863994138
25697098,6.9681818376887925
25700838,7.149624068037908
25703626,7.432310863994138
25704492,7.054653139283815
25704577,7.054653139283815
25704588,7.432310863994138
25705507,7.736363671042702
25706773,6.904249656957589
25706778,5.976582275915749
25709273,6.260878484119439
25710912,5.976582275915749
25711544,7.432310863994138
25713336,6.016885908810131
25713408,6.016885908810131
25713420,6.362808318968026
25715111,5.976582275915749
25716096,5.976582275915749
25717233,5.976582275915749
25717817,7.452830188679245
25717896,7.149624068037908
25718082,6.403026588221285
25723583,6.813903870274189
25723905,7.432310863994138
25723907,6.016885908810131
25724855,7.185733089911688
25725759,7.054653139283815
25726614,7.23256466745341
25727048,7.23256466745341
25727544,6.704185174693006
25728008,6.984409900193691
25728010,7.149624068037908
25728583,7.054653139283815
25728590,6.016885908810131
25728612,7.401960617794288
25730893,7.410476195623004
25731554,7.438571407302978
25731805,7.432310863994138
25736048,7.432310863994138
25736564,7.355894046271874
25738406,7.054653139283815
25739362,5.976582275915749
25742242,6.704446569954944
25742299,6.016885908810131
25745752,5.976582275915749
25746375,6.016885908810131
25746519,5.976582275915749
25747028,7.149624068037908
25747204,5.976582275915749
25750969,7.054653139283815
25752261,7.054653139283815
25753166,6.403026588221285
25753326,7.452830188679245
25755599,7.367921063762157
25755608,7.431788073470261
25755645,5.976582275915749
25757061,7.054653139283815
25757186,7.22541350319874
25757187,5.976582275915749
25757716,7.054653139283815
25760247,7.054653139283815
25761178,7.432310863994138
25762404,7.149624068037908
25762566,7.149624068037908
25763555,7.167326531494934
25765735,7.054653139283815
25766529,7.149624068037908
25766754,7.438705570885391
25767503,7.410476195623004
25767747,7.491607453278504
25769362,7.432310863994138
25770733,7.054653139283815
25772639,7.144437057531871
25773294,5.976582275915749
25773361,7.363636363636363
25773932,7.054653139283815
25774050,7.432310863994138
25774051,7.432310863994138
25775571,7.243220606377038
25777330,5.976582275915749
25777512,7.432310863994138
25777636,7.054653139283815
25777784,7.432310863994138
25777785,7.432310863994138
25778483,6.016885908810131
25778488,6.260878484119439
25779217,5.976582275915749
25779218,5.976582275915749
25780578,7.149624068037908
25782633,7.432310863994138
25782827,5.976582275915749
25785124,7.194444391462538
25785314,5.976582275915749
25785807,7.36722220049964
25785884,7.149624068037908
25786060,7.054653139283815
25786077,7.011417488486304
25787888,7.054653139283815
25788052,7.424193543772543
25788426,6.984409900193691
25788954,7.054653139283815
25789352,5.976582275915749
25789402,7.054653139283815
25789453,7.149624068037908
25790555,7.432310863994138
25790749,7.432310863994138
25790761,6.602326617325623
25792608,7.428927198597381
25792690,6.016885908810131
25793398,7.054653139283815
25794212,7.054653139283815
25794230,7.260659879133383
25794302,7.054653139283815
25796222,7.432310863994138
25797778,7.054653139283815
25798131,7.054653139283815
25798222,6.016885908810131
25798411,7.410476195623004
25798448,5.976582275915749
25798808,5.976582275915749
25799475,7.432310863994138
25800269,7.149624068037908
25801066,6.016885908810131
25804790,7.410476195623004
25805051,7.432310863994138
25805054,5.976582275915749
25805197,7.432310863994138
25805741,5.976582275915749
25806460,7.149624068037908
25806698,5.976582275915749
25807345,7.23256466745341
25808075,7.054653139283815
25809101,7.381709816449246
25809260,7.149624068037908
25809384,6.800815843062293
25811030,7.054653139283815
25811357,6.016885908810131
25812513,7.3712121139873155
25812640,6.753846174631363
25812712,7.054653139283815
25812885,7.054653139283815
25813411,6.649999959128244
25814705,7.432310863994138
25814707,7.432310863994138
25815000,7.432310863994138
25815008,7.243220606377038
25815034,6.016885908810131
25815426,7.054653139283815
25816252,7.054653139283815
25816274,7.432310863994138
25817534,7.149624068037908
25817712,6.614285741533552
25818101,6.691084361337377
25818615,7.432310863994138
25819229,7.054653139283815
25819726,7.149624068037908
25820460,7.054653139283815
25821124,7.054653139283815
25821498,7.410476195623004
25821622,7.432310863994138
25821634,7.054653139283815
25821673,7.216669596209294
25822430,7.305986507862021
25823132,7.149624068037908
25823277,5.976582275915749
25823469,7.054653139283815
25823637,7.450000047683716
25823833,6.016885908810131
25823840,7.149624068037908
25824686,6.648467358767711
25824741,6.016885908810131
25825320,7.054653139283815
25825412,7.267191125357698
25826239,7.054653139283815
25827129,7.054653139283815
25827399,7.054653139283815
25827741,5.976582275915749
25827935,6.016885908810131
25827963,6.016885908810131
25829175,6.016885908810131
25831308,5.976582275915749
25831326,6.016885908810131
25833230,7.279050705928675
25833233,7.180181910252171
25834333,7.383320250347971
25834473,5.976582275915749
25834735,7.054653139283815
25835285,7.149624068037908
25835293,6.016885908810131
25836152,7.432310863994138
25837175,6.016885908810131
25837230,5.976582275915749
25837262,7.573419933332853
25837721,5.976582275915749
25838216,7.432310863994138
25838463,6.515617707599782
25839662,7.410476195623004
25840396,7.149624068037908
25841341,5.976582275915749
25842038,7.054653139283815
25843022,7.431788073470261
25843199,7.432310863994138
25843976,5.976582275915749
25845294,6.704185174693006
25845397,8.399999618530273
25845586,5.976582275915749
25845910,5.976582275915749
25845985,5.976582275915749
25846857,7.054653139283815
25847558,7.054653139283815
25849006,5.976582275915749
25849049,7.054653139283815
25849475,6.016885908810131
25849480,7.054653139283815
25850122,6.016885908810131
25850442,7.054653139283815
25850443,7.23256466745341
25851628,7.432049468732199
25853073,7.432310863994138
25853727,6.016885908810131
25855071,7.276255232847728
25855951,7.367921063762157
25856435,7.149624068037908
25856453,6.016885908810131
25856480,6.016885908810131
25857966,6.016885908810131
25858604,7.431788073470261
25858758,6.480304887046401
25858759,5.976582275915749
25858785,6.016885908810131
25859495,7.149624068037908
25859593,5.976582275915749
25861610,5.976582275915749
25862354,7.149624068037908
25862355,7.149624068037908
25863940,7.432310863994138
25864085,7.23256466745341
25864124,7.054653139283815
25864719,6.7399999618530275
25866686,7.054653139283815
25867546,7.431788073470261
25870084,6.4830648800990565
25870236,6.016885908810131
25870483,7.054653139283815
25872311,7.296440959559788
25872931,5.976582275915749
25875021,7.23256466745341
25876760,5.976582275915749
25880244,5.976582275915749
25880937,7.431788073470261
25880986,7.432310863994138
25881067,5.976582275915749
25881247,7.054653139283815
25881535,7.432310863994138
25881595,7.054653139283815
25881611,5.976582275915749
25881615,6.675336447363965
25881780,6.362808318968026
25881781,6.016885908810131
25881786,6.016885908810131
25881888,7.054653139283815
25882279,5.976582275915749
25882296,6.016885908810131
25882861,6.753846174631363
25884416,6.016885908810131
25884712,7.054653139283815
25884801,5.976582275915749
25885962,7.054653139283815
25887265,7.404492127693527
25887288,7.054653139283815
25887846,7.410476195623004
25889465,7.054653139283815
25890005,6.946893737793382
25890017,7.054653139283815
25890078,7.149624068037908
25890079,7.149624068037908
25890082,7.149624068037908
25892252,7.410476195623004
25894431,7.054653139283815
25894468,7.432310863994138
25894885,5.976582275915749
25895257,7.149624068037908
25895276,5.976582275915749
25895901,7.432310863994138
25898213,7.054653139283815
25899379,7.432310863994138
25899616,5.976582275915749
25900819,7.212932626635565
25900851,7.432310863994138
25900945,7.054653139283815
25900947,7.054653139283815
25901395,5.976582275915749
25902304,7.148106092756445
25905124,7.432049468732199
25905649,7.054653139283815
25905892,7.432310863994138
25907029,7.054653139283815
25907088,6.563103171976829
25908042,6.362808318968026
25908051,7.292898480650126
25908065,5.976582275915749
25908302,5.976582275915749
25909566,7.466666618982951
25911595,6.563103171976829
25911694,6.016885908810131
25912924,7.432310863994138
25917236,7.367921063762157
25917239,7.736363671042702
25917295,7.308058951947652
25917789,6.984409900193691
25917896,6.748863634738055
25917964,5.976582275915749
25917973,5.976582275915749
25918677,5.976582275915749
25919910,5.976582275915749
25919961,7.432310863994138
25920885,7.410476195623004
25921812,5.976582275915749
25921830,7.149624068037908
25924056,7.054653139283815
25924935,7.432310863994138
25925764,7.23256466745341
25926267,5.976582275915749
25928048,7.432310863994138
25928069,5.976582275915749
25928763,7.239055616187048
25929151,7.410476195623004
25931246,7.432310863994138
25932065,7.23256466745341
25932086,7.3712121139873155
25933890,7.23256466745341
25934014,7.054653139283815
25934349,7.515476210155184
25934361,7.225000083446503
25934367,7.054653139283815
25936147,7.422222243414985
25937854,7.054653139283815
25937856,7.054653139283815
25937991,7.432310863994138
25938803,7.138901512369965
25944282,7.054653139283815
25944714,7.23256466745341
25944886,7.054653139283815
25945280,6.016885908810131
25945350,5.976582275915749
25945356,5.976582275915749
25945367,5.976582275915749
25947426,7.432310863994138
25951736,5.976582275915749
25954475,7.054653139283815
25955412,7.432310863994138
25955491,7.410476195623004
25955779,6.5006479045019105
25956520,6.016885908810131
25957232,7.432310863994138
25957570,8.100000381469727
25958704,7.457401906846374
25958717,7.2355891977496425
25958787,7.432310863994138
25958867,7.054653139283815
25962735,5.976582275915749
25964071,5.976582275915749
25964104,7.410476195623004
25964199,7.410476195623004
25964630,7.410476195623004
25965924,7.410476195623004
25965950,7.054653139283815
25966085,6.057189541704514
25969201,7.432310863994138
25969461,7.054653139283815
25972494,5.976582275915749
25975249,7.432310863994138
25977027,7.149624068037908
25977029,5.976582275915749
25977198,7.054653139283815
25978320,7.054653139283815
25980207,7.149624068037908
25980210,7.149624068037908
25980265,7.432310863994138
25980443,7.054653139283815
25981077,7.054653139283815
25983044,6.813903870274189
25984803,7.432310863994138
25986180,7.149624068037908
25986662,5.976582275915749
25995508,7.054653139283815
26000205,7.054653139283815
26004132,7.054653139283815
26005643,5.976582275915749
26011893,5.976582275915749
26020796,7.432310863994138
26020814,7.432310863994138
26021055,5.976582275915749
26022182,7.369018080503877
26035290,5.976582275915749
26050200,5.976582275915749
26051523,7.479787926824127
26061679,7.054653139283815
26061902,5.976582275915749
26087473,7.432310863994138
26088326,7.126431998670128
26088403,7.149624068037908
26094129,7.432310863994138
26100958,7.054653139283815
26101255,7.054653139283815
26106958,5.976582275915749
26108385,7.149624068037908
26125779,6.016885908810131
26140241,5.976582275915749
26145033,7.054653139283815
26147417,7.23256466745341
26147706,7.432310863994138
26147991,7.431788073470261
26163480,7.431788073470261
26163541,5.976582275915749
26163644,7.054653139283815
26169607,7.149624068037908
26176503,7.054653139283815
26177147,7.860000133514404
26182910,6.714706232297497
26184109,6.753846174631363
26184352,7.162321428363285
26199888,7.432310863994138
26200549,7.054653139283815
26213252,7.011417488486304
26215216,7.401500093728789
26219652,5.976582275915749
26219893,5.976582275915749
26220650,7.144437057531871
26220717,7.054653139283815
26220722,6.016885908810131
26220725,6.016885908810131
26220731,5.976582275915749
26220759,7.149624068037908
26235257,7.432310863994138
26235346,6.057189541704514
26235349,6.016885908810131
26235839,7.149624068037908
26236632,5.976582275915749
26242647,7.431788073470261
26245039,6.555921340494164
26245360,7.3712121139873155
26253616,5.976582275915749
26253733,7.149624068037908
26257313,7.410476195623004
26258872,7.054653139283815
26259202,7.410476195623004
26259634,5.976582275915749
26259644,7.432310863994138
26259677,7.432310863994138
26260853,7.054653139283815
26261086,7.424193543772543
26263437,6.016885908810131
26263443,5.976582275915749
26263919,6.016885908810131
26264454,7.432310863994138
26264595,6.9681818376887925
26266072,6.515617707599782
26266085,7.054653139283815
26266605,7.432310863994138
26266893,5.976582275915749
26266919,5.976582275915749
26268574,7.410476195623004
26269510,5.976582275915749
26270502,5.976582275915749
26271094,5.976582275915749
26273481,7.432310863994138
26274810,7.149624068037908
26274910,5.976582275915749
26274988,7.054653139283815
26275494,7.054653139283815
26276362,7.054653139283815
26276364,7.214824003770968
26276385,7.480000019073486
26277156,5.976582275915749
26277182,7.432310863994138
26277313,5.976582275915749
26277361,7.054653139283815
26278747,6.984409900193691
26279120,5.976582275915749
26279128,7.369018080503877
26279166,6.057189541704514
26279202,6.260878484119439
26279353,7.054653139283815
26279449,6.515617707599782
26280528,5.976582275915749
26280709,7.054653139283815
26280710,7.432310863994138
26281899,7.054653139283815
26282448,7.432310863994138
26282453,7.432310863994138
26284595,6.016885908810131
26284621,5.976582275915749
26284955,7.432310863994138
26284956,7.432310863994138
26285777,6.057189541704514
26287114,7.432310863994138
26287884,7.054653139283815
26289126,6.3944652952193906
26289138,5.976582275915749
26289144,5.976582275915749
26290365,5.976582275915749
26290367,5.976582275915749
26290410,5.976582275915749
26290642,5.976582275915749
26291909,7.432310863994138
26292071,7.054653139283815
26295857,7.431788073470261
26297388,7.149624068037908
26298220,7.424193543772543
26299416,7.432310863994138
26301582,5.976582275915749
26301742,5.976582275915749
26303622,7.054653139283815
26304201,5.976582275915749
26304217,6.400000095367432
26304310,7.054653139283815
26304901,7.52172414105514
26306606,7.054653139283815
26306652,6.649999959128244
26306939,7.367921063762157
26306980,7.054653139283815
26307755,7.149624068037908
26307785,7.432310863994138
26309618,7.431788073470261
26309788,6.515617707599782
26309968,5.976582275915749
26309969,5.976582275915749
26311973,5.976582275915749
26311974,6.362722955326902
26312853,7.054653139283815
26313740,7.054653139283815
26313973,6.563103171976829
26314816,6.704185174693006
26315270,5.976582275915749
26315728,7.292416848046037
26316956,5.976582275915749
26317786,7.410476195623004
26318596,5.976582275915749
26320029,5.976582275915749
26322637,7.432310863994138
26322792,6.016885908810131
26322801,7.054653139283815
26322809,5.976582275915749
26322928,7.149624068037908
26322972,7.054653139283815
26323026,5.976582275915749
26323031,7.054653139283815
26323782,5.976582275915749
26324232,5.976582275915749
26325320,7.011417488486304
26326395,7.432310863994138
26326703,7.380994990347752
26328483,7.432310863994138
26329059,7.149624068037908
26329796,7.149624068037908
26330955,5.976582275915749
26331700,5.976582275915749
26331839,5.976582275915749
26333560,6.555921340494164
26334234,7.432310863994138
26334559,6.016885908810131
26334993,7.054653139283815
26334996,7.149624068037908
26336252,6.9143669700330905
26336253,6.016885908810131
26336727,7.431653192151124
26337355,7.452830188679245
26337866,5.976582275915749
26339213,7.23256466745341
26339228,7.149624068037908
26340301,7.149624068037908
26340302,7.149624068037908
26340323,7.432310863994138
26340419,7.298972469459027
26340522,7.054653139283815
26341049,7.236166168285442
26341137,7.054653139283815
26341750,6.057189541704514
26345736,5.976582275915749
26346327,7.304722205918245
26348103,7.054653139283815
26348218,6.057189541704514
26348414,6.016885908810131
26349397,7.49047619388217
26350389,7.432310863994138
26351171,7.432310863994138
26351526,6.016885908810131
26351532,6.057189541704514
26351812,6.693529235769377
26351867,6.362722955326902
26352440,6.260878484119439
26352445,6.016885908810131
26352462,6.057189541704514
26353372,7.054653139283815
26353862,7.37030649681367
26353874,7.532173082106253
26354336,5.976582275915749
26354526,5.976582275915749
26354572,7.054653139283815
26356321,7.432310863994138
26356457,6.9681818376887925
26356488,7.886111153496636
26356495,6.996923115925911
26356631,7.054653139283815
26356789,7.431788073470261
26357945,7.054653139283815
26359235,7.054653139283815
26359260,7.432310863994138
26361479,5.976582275915749
26361631,7.432310863994138
26362351,7.432310863994138
26362764,7.149624068037908
26363201,7.212932626635565
26363254,5.976582275915749
26365022,7.054653139283815
26365236,7.102138603660862
26365631,5.976582275915749
26366465,6.748863634738055
26366496,5.976582275915749
26367579,6.753846174631363
26367602,6.595027196610309
26369884,7.429642417315601
26372271,7.442309131074753
26374197,7.054653139283815
26374205,7.054653139283815
26374586,7.367921063762157
26374696,7.149624068037908
26375609,6.563103171976829
26376454,6.813903870274189
26377033,7.054653139283815
26377047,7.23256466745341
26378579,7.23256466745341
26379657,7.380994990347752
26382767,7.172977367286913
26382888,5.976582275915749
26382962,5.976582275915749
26384292,7.298972469459027
26384493,7.401500093728789
26384515,6.753846174631363
26384741,7.23256466745341
26385514,7.054653139283815
26385746,5.976582275915749
26386434,7.149624068037908
26386691,7.432310863994138
26387939,7.452830188679245
26388342,7.054653139283815
26389069,5.976582275915749
26389148,7.054653139283815
26389331,7.149624068037908
26389466,6.016885908810131
26389601,7.126431998670128
26389696,5.976582275915749
26389697,5.976582275915749
26390631,7.503448272573537
26391916,7.149624068037908
26392843,7.149624068037908
26392856,7.410476195623004
26393561,7.452830188679245
26394152,6.515617707599782
26394441,6.515617707599782
26410593,7.149624068037908
26410594,7.149624068037908
26411217,7.304984113235953
26411377,7.149624068037908
26411409,5.976582275915749
26412106,6.649999959128244
26413839,7.432310863994138
26414254,7.169696975838054
26414979,7.054653139283815
26415200,6.563103171976829
26416062,7.054653139283815
26416155,5.976582275915749
26416169,7.149624068037908
26416603,7.054653139283815
26419635,6.914166661103566
26419637,7.452830188679245
26420626,7.172977367286913
26420932,7.452830188679245
26421030,5.976582275915749
26421474,7.430681838230653
26425002,7.432310863994138
26425062,6.016885908810131
26425063,6.016885908810131
26425068,6.016885908810131
26425072,6.016885908810131
26425075,5.976582275915749
26425088,5.976582275915749
26425468,7.354816082531304
26426026,5.976582275915749
26426056,7.23256466745341
26426194,6.362808318968026
26428356,7.3712121139873155
26430114,5.976582275915749
26430195,6.704185174693006
26430636,7.054653139283815
26430663,5.976582275915749
26430706,7.2557547802062805
26433965,5.976582275915749
26435918,7.054653139283815
26437237,7.054653139283815
26438851,7.432310863994138
26438933,7.432310863994138
26440017,5.976582275915749
26457368,7.367921063762157
26469862,7.432310863994138
26474112,7.054653139283815
26527937,7.149624068037908
26527993,7.432310863994138
26543037,6.914166661103566
26557880,7.054653139283815
26574965,5.976582275915749
26575103,6.016885908810131
26575145,7.054653139283815
26577354,7.054653139283815
26580232,7.424193543772543
26580936,7.054653139283815
26581206,7.054653139283815
26581251,5.976582275915749
26581837,5.976582275915749
26582438,7.149624068037908
26582661,6.057189541704514
26582787,5.976582275915749
26584087,7.432310863994138
26586432,7.3712121139873155
26586671,7.432310863994138
26586766,7.195253356060957
26586806,5.976582275915749
26588308,7.054653139283815
26588314,7.054653139283815
26588644,7.149624068037908
26589957,6.753846174631363
26591649,7.054653139283815
26591650,7.452830188679245
26591654,7.437330193280426
26593587,7.054653139283815
26594004,5.976582275915749
26594007,5.976582275915749
26594009,5.976582275915749
26594010,5.976582275915749
26594013,5.976582275915749
26594405,7.054653139283815
26595806,7.455425456861356
26596158,5.976582275915749
26596361,7.432734074830477
26596486,7.432310863994138
26599076,7.432310863994138
26599107,6.914166661103566
26600330,7.432310863994138
26600346,7.194444391462538
26600660,7.054653139283815
26600786,7.392937762116135
26602234,6.748863634738055
26602795,7.054653139283815
26602900,7.149624068037908
26602933,6.260878484119439
26603666,6.515617707599782
26604675,6.515617707599782
26605028,6.748863634738055
26605946,6.016885908810131
26605967,7.432310863994138
26606242,5.976582275915749
26606743,5.976582275915749
26607693,7.272562671122489
26607739,5.976582275915749
26607928,5.976582275915749
26607969,5.976582275915749
26609126,7.432310863994138
26610229,7.429642417315601
26610786,7.054653139283815
26611076,7.432310863994138
26611083,5.976582275915749
26611090,7.054653139283815
26611801,5.976582275915749
26611804,7.23256466745341
26611891,7.054653139283815
26612258,7.054653139283815
26612285,6.472382056802271
26614200,7.431788073470261
26614645,6.057189541704514
26614893,7.632558090742244
26615208,7.054653139283815
26615753,7.432310863994138
26616145,7.149624068037908
26616436,7.149624068037908
26616690,5.976582275915749
26616708,7.485894041503502
26616719,7.401500093728789
26627736,7.343605615013029
26627746,7.432310863994138
26628282,7.276255232847728
26628329,5.976582275915749
26628357,7.41212120923129
26628380,6.753846174631363
26628382,7.298972469459027
26630714,7.054653139283815
26630781,5.976582275915749
26630827,7.452830188679245
26633257,6.704185174693006
26634179,7.432310863994138
26635323,7.432310863994138
26635987,7.23256466745341
26636537,7.295329842191766
26636712,7.054653139283815
26637534,5.976582275915749
26638831,7.431788073470261
26638885,7.054653139283815
26639958,6.016885908810131
26640371,7.212932626635565
26644002,5.976582275915749
26644205,7.054653139283815
26644595,7.410476195623004
26646360,7.432310863994138
26647117,5.976582275915749
26647163,7.431788073470261
26648249,7.054653139283815
26649221,7.367921063762157
26649604,7.144437057531871
26649889,7.432310863994138
26650037,5.976582275915749
26651353,6.852664805807973
26653676,7.3821061077157735
26653833,7.4561334060888536
26654145,6.753846174631363
26654146,5.976582275915749
26654269,7.054653139283815
26654498,7.054653139283815
26657439,7.149624068037908
26657440,7.149624068037908
26658194,7.232525863845798
26658568,5.976582275915749
26660834,7.432310863994138
26661189,5.976582275915749
26661191,6.016885908810131
26661194,6.016885908810131
26661229,7.397811050788598
26662168,7.432310863994138
26662192,6.016885908810131
26662193,5.976582275915749
26662345,7.011417488486304
26662798,5.976582275915749
26665435,7.054653139283815
26665875,7.149624068037908
26666947,5.976582275915749
26667010,6.984409900193691
26667056,5.976582275915749
26667083,5.976582275915749
26668439,7.410476195623004
26668750,5.976582275915749
26670653,5.976582275915749
26673872,7.4648844306239015
26673947,5.976582275915749
26677495,7.285884442247131
26677981,5.976582275915749
26678599,7.455894046271874
26679188,6.515617707599782
26679552,7.615894012893273
26680597,7.149624068037908
26680659,7.432310863994138
26681656,6.914166661103566
26683287,7.3780034135304335
26683290,7.432310863994138
26683421,7.149624068037908
26683723,5.976582275915749
26684564,7.054653139283815
26685413,5.976582275915749
26685451,7.410476195623004
26686502,7.054653139283815
26688480,7.054653139283815
26688574,7.432310863994138
26688575,7.432310863994138
26691317,7.432310863994138
26691320,7.432310863994138
26691361,5.976582275915749
26691373,7.410476195623004
26691500,6.748863634738055
26691509,5.976582275915749
26692640,7.054653139283815
26693314,7.432310863994138
26694497,7.397811050788598
26694988,7.432310863994138
26696639,7.054653139283815
26696871,5.976582275915749
26696879,5.976582275915749
26698000,5.976582275915749
26698301,5.976582275915749
26698897,5.976582275915749
26700276,7.632558090742244
26703158,7.243220606377038
26704137,6.648467358767711
26704590,6.057189541704514
26704620,7.054653139283815
26704621,7.054653139283815
26704623,7.23256466745341
26705107,5.976582275915749
26705744,6.9888889524671765
26706957,7.410476195623004
26707077,6.80297178085197
26707088,7.054653139283815
26707472,7.432310863994138
26708876,7.367921063762157
26709258,5.976582275915749
26710108,7.054653139283815
26710657,7.367921063762157
26711487,6.016885908810131
26713504,7.149624068037908
26715617,5.976582275915749
26715618,7.432310863994138
26715636,5.976582275915749
26715845,5.976582275915749
26715965,7.442309131074753
26717012,6.057189541704514
26717467,7.4351852100706255
26717795,6.362722955326902
26717811,7.432310863994138
26717812,7.432310863994138
26718282,7.149624068037908
26718799,7.23256466745341
26718803,5.976582275915749
26718828,7.054653139283815
26718836,7.054653139283815
26718838,7.054653139283815
26719781,7.452830188679245
26720627,6.748863634738055
26721478,7.367921063762157
26721644,7.410476195623004
26722331,7.054653139283815
26724235,6.541098484035694
26724679,7.054653139283815
26724807,6.695596990251706
26725678,7.054653139283815
26726098,6.753846174631363
26727369,7.054653139283815
26727891,7.407142843518939
26728641,7.452830188679245
26728669,5.976582275915749
26729533,5.976582275915749
26729867,6.704185174693006
26729868,5.976582275915749
26730644,7.054653139283815
26731376,7.172977367286913
26732299,7.535555654101902
26735048,7.451608302013538
26736410,8.0
26738204,5.976582275915749
26739551,7.054653139283815
26740543,7.431788073470261
26741061,7.054653139283815
26742730,7.432310863994138
26744597,5.976582275915749
26746381,7.149624068037908
26746536,7.432310863994138
26746559,7.431788073470261
26746958,5.976582275915749
26747274,6.016885908810131
26747836,6.057189541704514
26748673,6.016885908810131
26748688,7.149624068037908
26751897,7.432310863994138
26751899,7.432310863994138
26751930,7.432310863994138
26752088,5.976582275915749
26752547,6.016885908810131
26752777,7.432310863994138
26752852,6.984409900193691
26753020,5.976582275915749
26754101,7.543452353704543
26754513,7.432310863994138
26754643,5.976582275915749
26754675,7.422222243414985
26754734,7.307034682917904
26754831,5.976582275915749
26755037,6.057189541704514
26755583,7.385450486684407
26755982,7.424193543772543
26756049,7.312185955154544
26756220,7.370004624422456
26756258,7.34075003255928
26757373,5.976582275915749
26757830,5.976582275915749
26759539,5.976582275915749
26759819,7.432310863994138
26760160,5.976582275915749
26761325,7.054653139283815
26761334,5.976582275915749
26761416,7.23256466745341
26761688,7.054653139283815
26761978,6.057189541704514
26762709,7.432310863994138
26764514,7.206399509794668
26764928,7.431788073470261
26765233,7.432310863994138
26766760,7.432310863994138
26769480,6.748863634738055
26770697,7.149624068037908
26770698,7.149624068037908
26771100,5.976582275915749
26771140,7.054653139283815
26772006,7.452830188679245
26772644,7.431788073470261
26773744,6.362722955326902
26774033,5.976582275915749
26774722,6.016885908810131
26774772,5.976582275915749
26775933,5.976582275915749
26778790,7.054653139283815
26779288,5.976582275915749
26780534,6.748863634738055
26781703,7.410476195623004
26782656,6.016885908810131
26785137,7.431788073470261
26785580,7.431788073470261
26785583,7.1325598325152795
26785661,7.3712121139873155
26785800,7.054653139283815
26786642,7.054653139283815
26786662,7.23256466745341
26786669,6.5006479045019105
26787124,6.362722955326902
26787574,6.555921340494164
26788605,7.432310863994138
26788667,7.432310863994138
26790961,5.976582275915749
26791452,7.054653139283815
26791465,7.054653139283815
26793157,6.9681818376887925
26793385,7.054653139283815
26793852,7.054653139283815
26794435,5.976582275915749
26794701,7.158555055217285
26794994,6.984409900193691
26796646,7.243482001638976
26796664,6.016885908810131
26796845,6.753846174631363
26797419,5.976582275915749
26798437,7.432310863994138
26798463,5.976582275915749
26799232,5.976582275915749
26799731,7.360590785444999
26800978,7.149624068037908
26803711,5.976582275915749
26803993,7.149624068037908
26804147,6.555921340494164
26806099,7.527326569641907
26806316,5.976582275915749
26806528,7.410476195623004
26808466,5.976582275915749
26809007,7.432310863994138
26809592,7.23256466745341
26810068,7.229456762488417
26810318,7.054653139283815
26811367,7.367921063762157
26811587,5.976582275915749
26813286,5.976582275915749
26815162,7.432310863994138
26815856,5.976582275915749
26815983,6.914166661103566
26815984,7.3712121139873155
26816076,5.976582275915749
26816090,6.016885908810131
26816372,5.976582275915749
26816383,6.016885908810131
26817018,7.432310863994138
26818312,5.976582275915749
26818314,5.976582275915749
26820769,7.149624068037908
26820833,5.976582275915749
26820836,5.976582275915749
26821253,7.243671814512908
26822230,7.054653139283815
26823502,7.278780482964712
26825658,7.054653139283815
26825664,7.054653139283815
26825688,7.149624068037908
26826398,6.016885908810131
26827040,6.016885908810131
26827787,6.057189541704514
26828019,5.976582275915749
26830966,7.466666618982951
26831711,5.976582275915749
26833099,7.054653139283815
26834930,7.432310863994138
26835471,7.202901715001131
26835829,7.3452380596645295
26835911,7.432310863994138
26836588,5.976582275915749
26837951,7.432310863994138
26837952,7.432310863994138
26838466,5.976582275915749
26839466,7.432310863994138
26842503,7.432310863994138
26842702,7.149624068037908
26843352,7.054653139283815
26844922,7.397811050788598
26845247,7.432310863994138
26845362,6.688376413179796
26847068,7.054653139283815
26847445,7.432310863994138
26848167,7.054653139283815
26848640,7.198002452590467
26849308,7.054653139283815
26850326,5.976582275915749
26853690,7.054653139283815
26855528,7.054653139283815
26855690,7.432310863994138
26857170,6.016885908810131
26857793,6.016885908810131
26858510,7.417334869697774
26858970,7.149624068037908
26860031,5.976582275915749
26861685,6.016885908810131
26862259,5.976582275915749
26862829,5.976582275915749
26862905,7.432310863994138
26863060,7.288437723138544
26863778,7.149624068037908
26864413,7.23256466745341
26868553,5.976582275915749
26869052,5.976582275915749
26869119,7.432310863994138
26869124,5.976582275915749
26870080,6.977326617325623
26870196,7.432310863994138
26871465,5.976582275915749
26871669,5.976582275915749
26871938,7.054653139283815
26873005,7.432310863994138
26874505,7.432310863994138
26874517,7.432310863994138
26875265,7.149624068037908
26876180,7.363636363636363
26876252,7.452830188679245
26876342,7.432310863994138
26876595,6.016885908810131
26877106,7.432310863994138
26877237,6.057189541704514
26877406,7.432310863994138
26877492,7.149624068037908
26878605,6.9888889524671765
26878881,7.432310863994138
26878883,7.656128530697441
26879060,5.976582275915749
26882440,6.649999959128244
26882457,5.976582275915749
26883072,7.410476195623004
26884340,7.054653139283815
26884354,7.054653139283815
26885074,6.057189541704514
26886204,7.491607453278504
26887031,7.432310863994138
26887153,5.976582275915749
26887169,7.432310863994138
26887170,7.432310863994138
26887890,5.976582275915749
26888905,7.528375817257394
26890502,5.976582275915749
26891256,7.054653139283815
26892281,7.149624068037908
26892558,7.478889574318327
26894593,7.432310863994138
26894602,7.526209313378655
26895960,7.432310863994138
26897427,5.976582275915749
26898747,5.976582275915749
26899000,7.432310863994138
26899030,7.432310863994138
26899146,5.976582275915749
26900949,7.054653139283815
26901234,7.432310863994138
26905469,6.515617707599782
26905717,7.054653139283815
26907450,5.976582275915749
26908497,7.410476195623004
26909787,6.4346062290080805
26909790,7.054653139283815
26910059,5.976582275915749
26910820,5.976582275915749
26914034,7.432310863994138
26914297,7.410476195623004
26916202,5.976582275915749
26916229,7.432310863994138
26917393,7.054653139283815
26919051,7.054653139283815
26919823,7.432310863994138
26920017,7.054653139283815
26920269,5.976582275915749
26920842,7.054653139283815
26921827,5.976582275915749
26921952,6.98571423121861
26922992,7.410476195623004
26923111,7.464765880625087
26923506,6.362722955326902
26924069,7.432310863994138
26925317,5.976582275915749
26925532,7.23256466745341
26926321,5.976582275915749
26928125,7.054653139283815
26928304,7.432310863994138
26928838,7.432310863994138
26929010,6.515617707599782
26929038,7.054653139283815
26929084,7.367921063762157
26930056,7.054653139283815
26930504,7.432310863994138
26931786,7.054653139283815
26932873,7.432310863994138
26934399,7.149624068037908
26935251,7.432310863994138
26935296,6.016885908810131
26935777,7.432310863994138
26937474,7.432310863994138
26937563,7.054653139283815
26939903,7.431788073470261
26942569,7.452830188679245
26942631,7.452830188679245
26942645,7.452830188679245
26942674,7.452830188679245
26944582,7.054653139283815
26945085,7.149624068037908
26945132,7.149624068037908
26945135,7.149624068037908
26946197,7.410476195623004
26946395,5.976582275915749
26946508,7.149624068037908
26949241,7.054653139283815
26949264,7.054653139283815
26949578,7.178463172602963
26951654,6.748863634738055
26951692,7.367921063762157
26951953,5.976582275915749
26952576,6.746121346812235
26952704,7.054653139283815
26952994,7.478519426066607
26954003,5.976582275915749
26954268,5.976582275915749
26954690,7.432310863994138
26956641,5.976582275915749
26957500,5.976582275915749
26958502,7.432310863994138
26959074,5.976582275915749
26959115,7.335562797685608
26961821,7.424193543772543
26962614,7.3712121139873155
26963232,7.432310863994138
26964434,7.424193543772543
26965165,7.054653139283815
26965189,7.054653139283815
26966580,5.976582275915749
26966609,7.054653139283815
26966758,6.984409900193691
26966763,7.432310863994138
26966778,7.432310863994138
26967920,5.976582275915749
26967922,7.432310863994138
26969120,7.432310863994138
26969244,7.410476195623004
26970964,7.054653139283815
26971054,7.23256466745341
26971645,5.976582275915749
26972258,6.946893737793382
26972275,7.432310863994138
26974334,5.976582275915749
26974993,7.054653139283815
26975855,7.149624068037908
26976235,7.410476195623004
26979007,7.424193543772543
26979199,7.431788073470261
26980859,7.432310863994138
26981165,7.452830188679245
26981958,7.054653139283815
26984189,7.243482001638976
26984538,6.016885908810131
26985127,5.976582275915749
26985857,6.016885908810131
26987999,7.431788073470261
26990268,7.054653139283815
26990725,7.432310863994138
26992383,5.976582275915749
26994321,6.748863634738055
26994789,5.976582275915749
26995137,5.976582275915749
26995545,6.614285741533552
26995719,7.054653139283815
26995881,6.016885908810131
26996640,6.057189541704514
26996734,7.452830188679245
26997663,7.054653139283815
26999424,6.984409900193691
27000061,7.149624068037908
27000084,7.054653139283815
27002371,6.472382056802271
27002635,7.23256466745341
27002647,7.054653139283815
27003543,7.149624068037908
27007975,6.753846174631363
27008394,5.976582275915749
27008562,7.432310863994138
27010768,7.149624068037908
27011740,7.432310863994138
27012731,7.172977367286913
27012772,7.054653139283815
27013111,7.054653139283815
27013174,7.432310863994138
27015984,5.976582275915749
27017288,7.149624068037908
27018285,7.149624068037908
27018296,7.149624068037908
27018299,7.549663350236938
27018354,7.054653139283815
27019527,6.704185174693006
27019982,7.452830188679245
27021609,6.515617707599782
27021883,7.396055047218527
27024903,6.649999959128244
27024959,6.753846174631363
27025631,7.149624068037908
27025637,6.943762842771079
27025987,7.149624068037908
27027913,7.054653139283815
27028934,7.054653139283815
27035334,7.432310863994138
27036366,7.346798435159307
27037053,7.432049468732199
27037539,5.976582275915749
27038183,5.976582275915749
27038968,7.149624068037908
27039069,5.976582275915749
27039378,7.432310863994138
27039398,7.194444391462538
27040109,7.410476195623004
27040157,7.054653139283815
27040737,7.432310863994138
27040774,7.054653139283815
27040825,7.149624068037908
27040853,7.149624068037908
27041677,7.149624068037908
27042405,7.367921063762157
27042413,7.431788073470261
27042467,7.149624068037908
27042526,5.976582275915749
27042544,7.432310863994138
27042748,7.4161183095310905
27043957,6.9681818376887925
27045345,7.432310863994138
27045442,5.976582275915749
27045615,7.432310863994138
27045860,7.054653139283815
27046645,7.431788073470261
27047871,7.149624068037908
27050133,7.212932626635565
27050259,7.23256466745341
27050878,7.308110739143899
27052274,7.432310863994138
27052289,6.748863634738055
27053945,6.821182093064567
27055607,7.054653139283815
27056299,5.976582275915749
27059130,6.748863634738055
27060077,7.054653139283815
27062637,7.432310863994138
27062638,7.432310863994138
27062994,5.976582275915749
27063335,5.976582275915749
27064658,7.054653139283815
27064923,7.243482001638976
27065129,7.432310863994138
27065898,5.976582275915749
27066196,7.054653139283815
27068118,7.39084415480516
27068887,7.432310863994138
27069070,7.432310863994138
27069412,7.432310863994138
27069427,5.976582275915749
27071217,7.054653139283815
27072640,7.432310863994138
27072788,6.98571423121861
27072795,7.428889550476469
27072838,6.984409900193691
27072988,6.984409900193691
27073057,5.976582275915749
27073079,5.976582275915749
27073179,6.515617707599782
27073234,7.298972469459027
27073245,7.410476195623004
27073291,6.753846174631363
27073835,5.976582275915749
27074301,7.054653139283815
27074316,6.63531378639583
27076492,7.431788073470261
27076871,7.432310863994138
27079210,7.401500093728789
27079318,5.976582275915749
27080656,7.432310863994138
27083561,7.432310863994138
27087724,6.813903870274189
27088750,7.149624068037908
27089264,5.976582275915749
27089612,7.054653139283815
27090211,7.410476195623004
27090753,5.976582275915749
27091624,7.149624068037908
27092645,7.011417488486304
27092648,7.054653139283815
27092725,7.279999923706055
27092785,5.976582275915749
27097816,5.976582275915749
27098363,7.054653139283815
27098364,7.054653139283815
27098888,7.6347657740698365
27101874,5.976582275915749
27102546,7.3712121139873155
27102557,7.40392938007582
27102569,5.976582275915749
27102739,5.976582275915749
27104373,5.976582275915749
27107140,7.432310863994138
27107273,7.149624068037908
27107624,7.432310863994138
27107691,7.410476195623004
27107766,7.383333444595337
27108740,7.432310863994138
27108853,7.410476195623004
27109171,7.149624068037908
27109389,7.410476195623004
27109633,6.86028579754768
27109679,7.055104347419685
27110296,5.976582275915749
27110363,7.432310863994138
27113517,6.748863634738055
27113986,7.432310863994138
27114240,7.480674325773904
27114416,6.016885908810131
27114417,5.976582275915749
27115166,7.054653139283815
27115485,7.432310863994138
27115758,7.149624068037908
27119292,5.976582275915749
27119586,6.748863634738055
27119724,6.984409900193691
27121232,7.432310863994138
27124861,7.432310863994138
27124864,7.432310863994138
27126336,7.432310863994138
27126359,7.054653139283815
27126713,7.149624068037908
27127793,7.410476195623004
27129560,6.9681818376887925
27129663,7.149624068037908
27129755,7.382602812144988
27130415,7.432310863994138
27131969,5.976582275915749
27132180,5.976582275915749
27132510,7.521517143182624
27132728,7.424193543772543
27133050,7.452830188679245
27133264,5.976582275915749
27133303,5.976582275915749
27133569,6.984409900193691
27133913,7.054653139283815
27135473,5.976582275915749
27138613,7.432310863994138
27139348,7.431788073470261
27140071,5.976582275915749
27144867,7.432310863994138
27144868,7.432310863994138
27145041,5.976582275915749
27147737,7.054653139283815
27147739,7.432310863994138
27148198,5.976582275915749
27149755,7.431788073470261
27149818,5.976582275915749
27150225,7.193333276112875
27150264,7.172977367286913
27150283,7.431788073470261
27150284,7.054653139283815
27155250,7.367921063762157
27155276,5.976582275915749
27157676,7.432310863994138
27157811,6.649999959128244
27160618,7.432310863994138
27160688,5.976582275915749
27163278,7.243482001638976
27166414,7.3712121139873155
27166442,7.432310863994138
27166606,7.432310863994138
27166976,7.038613512122251
27167055,7.432310863994138
27168151,7.149624068037908
27168189,7.410476195623004
27170563,6.9981060817865295
27172872,7.172977367286913
27172891,5.976582275915749
27176717,5.976582275915749
27176742,7.805238002444071
27179414,5.976582275915749
27179713,7.054653139283815
27180356,7.149624068037908
27180599,7.212932626635565
27180759,5.976582275915749
27185558,6.704446569954944
27185563,7.432310863994138
27186348,5.976582275915749
27186353,7.410476195623004
27186354,7.432310863994138
27188152,7.371428557804653
27191173,7.432310863994138
27191431,5.976582275915749
27191492,5.976582275915749
27191829,7.432310863994138
27192784,7.410476195623004
27193043,7.054653139283815
27195080,6.057189541704514
27195119,6.614285741533552
27196380,6.753846174631363
27197086,7.149624068037908
27197468,7.363636363636363
27198855,7.452830188679245
27199776,7.397811050788598
27200988,6.445374468509658
27201353,6.016885908810131
27202765,7.149624068037908
27202818,7.23256466745341
27202819,6.016885908810131
27202953,7.054653139283815
27205132,7.401500093728789
27591668,6.753846174631363
27592484,7.23256466745341
27594919,7.23256466745341
27594938,6.984409900193691
27595272,5.976582275915749
27596682,7.432310863994138
27597020,5.976582275915749
27597250,7.149624068037908
27600925,7.3712121139873155
27602116,7.432310863994138
27602185,5.976582275915749
27604257,7.432310863994138
27604258,7.432310863994138
27604296,6.016885908810131
27605669,7.054653139283815
27605696,7.432310863994138
27605698,5.976582275915749
27607378,7.432310863994138
27607386,7.432310863994138
27608262,7.054653139283815
27608785,7.3712121139873155
27611498,7.432310863994138
27615233,5.976582275915749
27615267,7.149624068037908
27615398,7.503448272573537
27615439,7.054653139283815
27615441,6.904249656957589
27615467,7.054653139283815
27615564,7.431788073470261
27617348,7.149624068037908
27621184,7.432310863994138
27621192,7.149624068037908
27621727,7.054653139283815
27621991,7.374268268589627
27622447,7.432310863994138
27623043,7.149624068037908
27624661,6.748863634738055
27624665,5.976582275915749
27624787,7.054653139283815
27663742,5.976582275915749
27664635,7.410476195623004
27666627,7.52172414105514
27668250,6.704185174693006
27887836,7.149624068037908
28460045,7.522222306993273
28461121,7.736363671042702
28510273,5.976582275915749
30034295,7.432310863994138
30122633,5.976582275915749
30128985,7.054653139283815
30129008,7.054653139283815
30134551,7.193333276112875
30135110,7.054653139283815
30135113,7.054653139283815
30135942,7.432310863994138
30139659,7.23256466745341
30140231,6.057189541704514
30140571,7.452830188679245
30141676,5.976582275915749
30143333,7.149624068037908
30143336,6.984409900193691
30143861,7.410476195623004
30145117,7.367921063762157
30145655,7.054653139283815
30146756,5.976582275915749
30146843,7.149624068037908
30149864,6.925000071525574
30150635,7.432310863994138
30150641,7.432310863994138
30156101,7.432310863994138
30156898,6.704446569954944
30156995,7.054653139283815
30158971,7.432310863994138
30159567,6.057189541704514
30161289,7.054653139283815
30162520,7.092817124050812
30163500,7.054653139283815
30163509,5.976582275915749
30163799,7.149624068037908
30163820,7.432310863994138
30163821,7.432310863994138
30164448,7.424193543772543
30166972,5.976582275915749
30166983,7.432310863994138
30167509,7.054653139283815
30167539,9.0
30167633,7.054653139283815
30168032,6.365214225273556
30168156,7.149624068037908
30170120,6.057189541704514
30170375,7.367921063762157
30170448,7.639924922870473
30170546,7.309487533928568
30170801,7.532173082106253
30171425,6.016885908810131
30172751,7.3712121139873155
30172818,7.367921063762157
30174393,7.432310863994138
30174535,5.976582275915749
30175306,6.016885908810131
30175632,7.432310863994138
30175633,7.432310863994138
30175647,7.054653139283815
30176268,7.432310863994138
30176282,7.149624068037908
30176393,5.976582275915749
30176488,7.210599908230657
30177286,7.308988192365705
30177684,7.432310863994138
30181789,7.149624068037908
30182729,7.054653139283815
30182877,7.054653139283815
30183061,7.3712121139873155
30183666,7.452830188679245
30183715,7.054653139283815
30184555,5.976582275915749
30185415,5.976582275915749
30186562,7.134579798183651
30187617,7.054653139283815
30188193,5.976582275915749
30188243,7.431788073470261
30188253,7.431788073470261
30188466,7.054653139283815
30189817,7.149624068037908
30190607,5.976582275915749
30191950,7.432310863994138
30192401,7.3712121139873155
30194752,7.457784740902413
30194769,7.248693665083465
30195228,7.431788073470261
30196805,5.976582275915749
30198539,7.427990808621402
30198715,5.976582275915749
30200087,7.149624068037908
30200427,7.290967466016022
30201003,7.054653139283815
30203557,6.057189541704514
30204142,7.149624068037908
30204413,5.976582275915749
30206287,7.054653139283815
30206431,5.976582275915749
30207919,7.054653139283815
30207949,5.976582275915749
30208007,5.976582275915749
30208010,7.432310863994138
30209084,7.3821061077157735
30209086,7.431788073470261
30209395,6.753846174631363
30209802,7.054653139283815
30209818,7.054653139283815
30210691,7.149624068037908
30210700,7.054653139283815
30211551,7.149624068037908
30211753,7.390379563421319
30211998,7.23256466745341
30214085,7.432310863994138
30216460,7.054653139283815
30219670,5.976582275915749
30219684,7.432310863994138
30220799,7.23256466745341
30221703,5.976582275915749
30221757,5.976582275915749
30221777,7.432310863994138
30223596,5.976582275915749
30223840,7.23256466745341
30225296,7.149624068037908
30232270,5.976582275915749
30234315,7.432310863994138
30235440,5.976582275915749
30238963,6.614285741533552
30241102,7.432310863994138
30242164,6.748863634738055
30244174,7.357265124838529
30246061,5.976582275915749
30247400,7.337633084020685
30249076,7.149624068037908
30249161,7.432310863994138
30252495,7.038817000729654
30255138,5.976582275915749
30255175,7.054653139283815
30256006,7.432310863994138
30256767,7.410476195623004
30256796,7.304054054054054
30257170,7.3712121139873155
30257175,7.431788073470261
30257386,7.054653139283815
30257608,7.054653139283815
30257615,7.054653139283815
30258626,7.054653139283815
30259043,5.976582275915749
30259071,7.503448272573537
30261964,5.976582275915749
30263943,7.410476195623004
30263995,5.976582275915749
30267284,7.432310863994138
30269016,5.976582275915749
30271717,7.054653139283815
30271841,7.054653139283815
30272143,6.98571423121861
30272747,7.149624068037908
30273082,5.976582275915749
30274899,7.054653139283815
30279172,6.984409900193691
30282387,5.976582275915749
30282596,6.914166661103566
30282871,7.632558090742244
30283179,5.976582275915749
30283209,7.432310863994138
30283308,5.976582275915749
30286112,7.431788073470261
30287729,7.054653139283815
30290776,5.976582275915749
30292777,6.748863634738055
30292843,7.432310863994138
30293828,5.976582275915749
30294963,6.984409900193691
30295905,5.976582275915749
30299040,5.976582275915749
30299309,7.432310863994138
30299311,5.976582275915749
30299345,7.054653139283815
30299355,7.432310863994138
30299356,6.649999959128244
30299386,5.976582275915749
30299388,5.976582275915749
30301264,7.480000019073486
30304560,7.147326598252137
30306597,8.300000190734863
30306756,6.748863634738055
30306764,7.149624068037908
30307197,7.017424108470901
30310218,7.367921063762157
30310435,6.748863634738055
30312137,6.057189541704514
30312425,7.054653139283815
30313855,7.432310863994138
30317630,7.054653139283815
30317706,5.976582275915749
30318116,7.054653139283815
30318245,7.149624068037908
30318524,7.410476195623004
30323188,5.976582275915749
30327842,7.149624068037908
30327897,7.432310863994138
30328825,6.748863634738055
30329892,7.432310863994138
30329902,7.432310863994138
30331149,6.515617707599782
30331424,7.149624068037908
30331597,7.900000095367432
30331959,7.054653139283815
30331965,7.432310863994138
30334073,7.452830188679245
30334118,7.40376349418394
30334122,6.914166661103566
30334399,6.057189541704514
30334584,7.432310863994138
30334970,6.766923705898064
30335059,5.976582275915749
30336533,7.431788073470261
30337147,5.976582275915749
30337172,5.976582275915749
30345226,7.432310863994138
30345300,7.432310863994138
30349667,7.193333276112875
30352998,5.976582275915749
30357885,5.976582275915749
30359003,5.976582275915749
30359005,5.976582275915749
30361134,7.410476195623004
30362186,5.976582275915749
30364976,7.432310863994138
30366084,7.054653139283815
30367643,6.753846174631363
30368414,7.054653139283815
30371818,7.367921063762157
30371819,6.868876293602616
30371824,7.432310863994138
30372377,7.054653139283815
30376977,6.016885908810131
30377703,5.976582275915749
30379982,7.432310863994138
30380316,7.054653139283815
30382373,7.054653139283815
30382857,7.432310863994138
30384019,7.632558090742244
30385359,7.432310863994138
30385361,5.976582275915749
30387441,5.976582275915749
30388339,5.976582275915749
30390144,6.515617707599782
30390185,5.976582275915749
30390700,7.054653139283815
30391241,6.753846174631363
30391289,7.3712121139873155
30391372,6.839423123078468
30391726,8.899999618530273
30394484,7.6646363798834685
30394535,5.976582275915749
30394807,7.432310863994138
30394821,7.532173082106253
30394841,6.057189541704514
30395544,7.432310863994138
30396679,7.417262668904353
30401194,7.432310863994138
30402196,7.632558090742244
30402296,7.432310863994138
30403338,7.367921063762157
30405087,7.432310863994138
30408298,7.432310863994138
30410114,7.431788073470261
30410654,7.431788073470261
30411557,7.367921063762157
30411559,7.367921063762157
30412189,7.432310863994138
30413052,5.976582275915749
30413123,6.753846174631363
30414462,7.23256466745341
30419063,5.976582275915749
30419673,5.976582275915749
30419744,5.976582275915749
30423193,6.016885908810131
30423539,7.431788073470261
30425483,6.649999959128244
30426519,7.432310863994138
30428030,7.054653139283815
30428914,7.282272695050095
30430698,7.3061132879023996
30433391,7.149624068037908
30433802,7.054653139283815
30434902,7.054653139283815
30435141,5.976582275915749
30439272,7.432310863994138
30439557,6.700387909844146
30442415,7.432310863994138
30443614,7.410476195623004
30443615,7.410476195623004
30447451,5.976582275915749
30451891,7.410476195623004
30452121,7.3712121139873155
30453031,7.054653139283815
30454698,5.976582275915749
30457664,7.410476195623004
30458008,7.457401906846374
30461660,7.432310863994138
30463393,7.432310863994138
30463904,7.431788073470261
30464821,7.431788073470261
30464852,7.2907060707540845
30468769,5.976582275915749
30472706,6.753846174631363
30476406,7.432310863994138
30476829,6.656273266795793
30479817,7.054653139283815
30479900,7.632558090742244
30479973,5.976582275915749
30481973,5.976582275915749
30483639,7.432310863994138
30488003,7.149624068037908
30488016,7.054653139283815
30488222,6.914166661103566
30488584,7.432310863994138
30488819,7.054653139283815
30489287,6.057189541704514
32591373,7.432310863994138
32659890,5.976582275915749
33159421,7.054653139283815
33218430,7.054653139283815
33381474,7.054653139283815
33383642,7.799999952316284
33387265,7.432310863994138
33392790,5.976582275915749
33392890,7.432310863994138
33393167,7.432310863994138
33397766,7.054653139283815
33400376,5.976582275915749
33401841,6.649999959128244
33404178,7.432310863994138
33404216,7.149624068037908
33404726,7.149624068037908
33407591,7.424193543772543
33413905,7.011947439419726
33415922,7.280000019073486
33415943,7.431788073470261
33417030,7.431788073470261
33417046,5.976582275915749
33417965,7.431788073470261
33422980,7.225000083446503
33423785,7.149624068037908
33423926,7.432310863994138
33424345,7.432310863994138
33427589,7.432310863994138
33428622,6.057189541704514
33436135,5.976582275915749
33437017,5.976582275915749
33447595,7.054653139283815
33459814,7.416190457470203
33475049,6.753846174631363
33477284,7.054653139283815
33717523,7.432310863994138
34431599,7.444185966669127
34436407,7.432310863994138
34446715,5.976582275915749
34453221,7.432310863994138
34454589,7.452830188679245
34454654,5.976582275915749
34456087,7.149624068037908
34457952,7.054653139283815
34460763,5.976582275915749
34462037,7.432310863994138
34608294,8.100000381469727
34614704,7.401500093728789
34670959,7.424193543772543
34676682,7.410476195623004
34678128,7.3114787880011995
34691522,7.149624068037908
34777993,7.054653139283815
34786971,5.976582275915749
34787747,7.452830188679245
34795703,7.410476195623004
34799342,7.054653139283815
34800651,6.649999959128244
34801957,6.649999959128244
34805219,7.424193543772543
34809304,6.748863634738055
34809353,7.149624068037908
34809725,7.054653139283815
34813643,7.431788073470261
34814907,7.149624068037908
34815429,7.149624068037908
34815865,7.149624068037908
34825511,6.7399999618530275
34835118,6.748863634738055
34835784,7.432310863994138
34835822,7.457401906846374
34851172,6.057189541704514
34851173,6.057189541704514
34863241,7.280000019073486
34865445,6.904249656957589
34865529,7.432310863994138
34867940,5.976582275915749
34875261,6.753846174631363
34875369,8.0
34882878,6.748863634738055
34886500,7.410476195623004
34887140,7.304054054054054
34892447,7.452830188679245
34892489,7.410476195623004
34906688,7.432310863994138
34906732,7.432310863994138
34926135,5.976582275915749
34926605,5.976582275915749
34930755,5.976582275915749
34930756,5.976582275915749
34969130,7.149624068037908
34969431,7.054653139283815
34973638,5.976582275915749
35016531,6.914166661103566
35050870,7.233333269755046
35064279,6.748863634738055
35143073,7.41212120923129
35182891,5.976582275915749
35184580,7.0
