movie_id,actor_rating,director_rating,genre_rating,language_rating,region_rating,writer_rating,date,movie_rating
30306597,8.3,8.3,6.6955473330784425,7.540000057220459,8.300000190734862,8.3,2016,8.3
19425128,5.7,5.7,7.452843002094841,7.327827397556533,7.347753761215338,5.7,2010,5.7
34865445,6.7,6.7,7.259584328172054,7.086607126252992,6.927093939252758,6.699999809265138,2019,6.7
25947426,8.9,8.9,7.176892232416866,7.327827397556533,7.347753761215338,8.9,2014,8.9
6129642,7.8,7.8,7.217359495682508,7.028190590749731,7.0158899990632575,7.8,2011,7.8
5985871,5.7,5.8499999046325675,6.398015053569027,6.529629610202931,6.36388885974884,5.7,2011,5.7
27109389,8.1,8.1,8.1,7.028190590749731,7.371267611543898,8.1,2017,8.1
4826409,8.2,8.199999809265138,7.176892232416866,7.938461560469407,7.3692465580669655,8.199999809265138,2010,8.2
5908527,7.2,7.2,7.196523042586536,6.045617341321106,5.982025817939282,7.2,2011,7.2
24754090,6.2,6.2,6.2,7.327827397556533,7.347753761215338,6.2,2013,6.2
25836152,7.4,8.050000071525574,7.176892232416866,7.327827397556533,7.347753761215338,8.050000071525574,2014,7.4
5258869,8.1,8.1,8.1,7.028190590749731,7.0158899990632575,8.1,2010,8.1
11614470,7.3,7.300000190734862,6.722153774345044,7.207273548805173,7.287013081761151,7.300000190734862,2012,7.3
27168417,3.3,3.3,6.756686784577497,7.028190590749731,7.0158899990632575,3.3,2017,3.3
5294292,9.1,9.1,7.563409580262437,7.327827397556533,7.347753761215338,8.200000286102295,2010,9.1
25838942,6.8,7.766666889190674,7.176892232416866,7.450000004932798,7.378448272573537,7.880000019073488,2014,6.8
25798132,6.0,5.8499999046325675,6.4457223070344805,6.529629610202931,6.36388885974884,6.0,2013,6.0
26761247,4.9,4.9,6.468361591888686,7.035806458996189,7.02254902926925,4.9,2016,4.9
14802605,8.3,8.3,7.176892232416866,7.448076917574957,7.482758620689656,8.3,2012,8.3
1389915,8.5,8.5,7.176892232416866,6.045617341321106,5.982025817939282,8.5,1947,8.5
1578714,7.099390571524782,7.0999999046325675,6.656164453447985,7.028190590749731,6.350048372982401,6.88749999801318,2017,7.1
1858711,8.032063594949307,8.950000286102295,6.940069493169488,7.1571022937171,7.0158899990632575,8.206250152985254,2010,8.8
1866471,7.284409148062791,6.9666666984558105,6.656164453447985,7.028190590749731,7.0158899990632575,7.1445710407168255,2011,7.1
1925058,6.7241666555404676,6.5999999046325675,7.037972258846816,7.028190590749731,6.914982036921879,6.5999999046325675,2013,6.6
1929463,8.332129832991846,8.133333365122478,6.901332472610347,7.129118732531045,6.978765368535878,8.500000238418579,2012,9.1
1972729,7.551315735724934,7.119999980926512,6.945101307250604,7.028190590749731,7.2493243098764575,7.4633332729339585,2011,8.2
1978709,8.080891455820314,8.600000381469728,6.875620466243648,7.269101518649548,7.0158899990632575,8.250000317891441,2010,8.6
2083735,6.5930734965708355,6.459999847412108,6.619052005911051,7.028190590749731,7.057878317357672,6.449999809265138,2014,6.2
2227293,6.948439591557553,7.039999961853027,6.658062201569416,7.028190590749731,6.99490153370999,6.500000059604645,2012,6.4
2275370,6.924204754600548,7.9000000953674325,6.80956483956713,7.028190590749731,7.0158899990632575,7.9000000953674325,2010,7.9
2336785,7.305377178112612,7.039999961853027,6.763552592707089,7.028190590749731,7.0158899990632575,7.066666762034098,2010,7.3
2353023,7.67004327600549,8.383333206176758,7.030171588558872,7.028190590749731,7.0158899990632575,8.193749884764355,2010,8.7
2364051,6.753777855767144,6.300000031789143,6.732289464138503,7.028190590749731,6.99490153370999,6.575000095367432,2015,6.3
2364054,6.817581580061551,6.5666667620340995,6.546584060657813,7.028190590749731,7.0158899990632575,6.2500001192092896,2011,5.9
2997052,7.606666596730549,8.049999952316284,6.80956483956713,7.286013996684468,7.274025972787436,7.7499999205271415,2011,7.6
2997094,7.376349123697432,7.5999999046325675,7.301130320147664,7.028190590749731,7.0158899990632575,7.549999952316284,2010,8.0
2997134,6.891552978774112,7.333333174387613,6.6579707035307685,7.028190590749731,7.0158899990632575,6.416666587193808,2010,6.6
2998456,6.6543891322992526,5.2,6.825331195080758,7.028190590749731,7.0158899990632575,5.199999809265137,2010,5.2
3006767,7.353333372539946,7.3,6.875620466243648,7.028190590749731,7.0158899990632575,7.3,2010,7.3
3011459,7.382396781331017,7.699999809265138,6.719585843741533,7.028190590749731,7.0158899990632575,7.171428544180733,2010,7.7
3012819,6.9537878563909805,6.5,6.843352360571622,7.028190590749731,7.176810256725713,6.5,2010,6.5
3014399,5.931363646189372,5.5,6.529540567836128,7.028190590749731,7.0158899990632575,6.049999952316284,2014,5.5
3017651,6.865873072140487,5.5,6.656164453447985,7.028190590749731,7.0158899990632575,5.5,2011,5.5
3026559,7.469293840697272,8.266666412353517,7.317413833176626,7.028190590749731,7.181821880139299,7.683333237965902,2018,7.7
3036465,7.525154246371469,7.649999856948851,6.6729562627222325,7.028190590749731,7.442997704098266,7.724999864896137,2017,8.2
3036473,7.643923857473271,7.5,6.940069493169488,7.028190590749731,7.0158899990632575,7.375000039736429,2012,7.5
3041269,7.1043651375640815,7.199999968210857,6.6345274108901275,7.028190590749731,7.0158899990632575,7.4000000953674325,2011,7.4
3059389,6.561178711652755,6.300000190734862,7.176892232416866,7.028190590749731,7.0158899990632575,6.437500178813933,2018,6.3
3066739,7.440799353690347,7.2399999618530275,6.6579707035307685,7.18826590731184,7.0158899990632575,6.6499998569488525,2010,7.6
3068193,6.837827993955213,7.166666666666668,6.6697632070013295,7.028190590749731,7.0158899990632575,6.699999928474426,2013,6.1
3073073,7.226504612852026,7.5,6.822626912152777,7.028190590749731,7.371267611543898,7.149999976158142,2011,7.5
3075287,7.718780671965338,8.099999904632567,6.6345274108901275,7.028190590749731,6.914982036921879,8.5,2011,8.5
3077408,6.537393240217285,5.800000190734862,6.554032690379237,7.028190590749731,7.0158899990632575,6.3916668097178135,2011,5.8
3078384,7.520194111190317,7.5,6.6603700768502545,7.028190590749731,7.374857942058719,7.700000047683716,2010,7.5
3078514,7.4950509903787745,8.066666603088379,7.044349379638806,7.028190590749731,7.0158899990632575,7.5,2011,7.7
3078609,7.174883069031124,6.666666666666668,6.771672343768961,7.028190590749731,7.0158899990632575,6.762499928474426,2010,7.2
3090455,6.770333375930788,6.0999999046325675,6.763552592707089,7.028190590749731,7.0670772284625505,6.0,2010,6.0
3148064,6.658139938749236,6.199999809265138,6.589697947300463,7.028190590749731,7.0158899990632575,6.199999809265138,2011,6.2
3156086,7.613333376248678,7.9000000953674325,7.3680438233868335,7.028190590749731,7.0158899990632575,7.3500001430511475,2010,7.9
3213270,6.888888941870795,6.5,6.663965123735927,7.028190590749731,6.5,6.5,2010,6.5
3217142,6.6765614159814595,6.4000000953674325,6.6933852703225085,7.028190590749731,7.0158899990632575,6.4000000953674325,2015,6.4
3217165,7.2828775072951695,7.9000000953674325,6.873733260368984,7.028190590749731,7.0158899990632575,7.337500035762787,2010,7.5
3262050,6.832791499432676,6.625,6.546584060657813,7.028190590749731,7.0158899990632575,6.5,2011,6.2
3279080,6.621409629122922,6.9000000953674325,6.632160288092294,7.1571022937171,7.0158899990632575,7.028571469443184,2010,6.9
3284397,7.338048348789778,7.549999952316284,7.309599971532223,7.028190590749731,7.0158899990632575,8.0,2013,8.0
3287578,6.708333277702332,6.1,6.64658250336706,7.028190590749731,6.914982036921879,6.1,2010,6.1
3318306,6.911468060024898,6.559090964721912,6.6697632070013295,7.028190590749731,7.0158899990632575,6.4000000953674325,2013,6.4
3326747,6.821294351325923,5.699999809265138,7.081028010995213,7.028190590749731,7.0158899990632575,6.133333206176758,2012,5.7
3387483,6.60952383563632,6.4000000953674325,6.634368917501428,7.028190590749731,7.232479055440017,6.675000031789143,2012,6.4
3546019,5.874338925412263,6.7,6.565444916275629,6.045617341321106,5.982025817939282,5.987500011920929,2010,6.0
3569910,6.913196438191428,6.933333396911621,6.652569406562312,7.214010661663576,7.0158899990632575,6.924999952316284,2016,6.6
3569911,7.112823538807867,7.0999999046325675,6.637065202665683,7.028190590749731,6.914982036921879,7.1357142244066525,2012,7.1
3578920,7.4647499295075725,7.699999809265138,6.6697632070013295,7.028190590749731,7.0158899990632575,7.7,2012,7.7
3609001,7.4000000953674325,7.4000000953674325,7.176892232416866,6.841131713430547,6.6802370452564075,7.4000000953674325,2009,7.4
3610676,7.214333380063374,7.450000047683716,7.176892232416866,7.028190590749731,7.0158899990632575,7.450000047683716,2010,7.3
3637220,8.699999809265138,8.699999809265138,7.370150906339651,7.286013996684468,7.274025972787436,8.7,2012,8.7
3642843,7.372834192372603,7.166666666666668,6.6579707035307685,6.414095271533007,7.0158899990632575,6.902222188313803,2013,8.0
3667102,7.667158818683362,7.283333301544189,7.176892232416866,7.327827397556533,7.347753761215338,7.5,2010,7.5
3671938,7.531249910593032,7.0,7.138849348744441,7.33824072568505,7.269248319656741,7.5999999046325675,2012,7.6
3680627,5.9028043342015115,5.300000190734863,6.57846950438089,7.028190590749731,6.99490153370999,5.7750000556310015,2014,5.3
3681613,6.245393707319356,7.287500023841858,7.563409580262437,6.045617341321106,5.982025817939282,7.5,2012,7.5
3718237,7.33433050715346,7.5,6.822626912152777,7.028190590749731,7.193578805303577,7.5,2012,7.5
3718269,6.886212114854293,6.5,6.8294130853220985,6.5369039660354185,7.120609579801183,6.740000009536742,2014,7.0
3718493,6.642592571399829,6.5,6.6697632070013295,7.450000004932798,7.378448272573537,6.5,2010,6.5
3718782,7.830192340642978,7.700000047683716,7.176892232416866,7.028190590749731,7.371267611543898,7.700000047683716,2010,8.0
3735003,6.4004597324063095,7.1333333651224775,6.4457223070344805,7.028190590749731,7.0158899990632575,6.0999999046325675,2011,6.1
3737102,6.723571391521938,7.333333333333332,6.8294130853220985,6.764475321432648,6.713829788755863,7.316666642824807,2010,7.7
3742937,7.023376602631112,7.450000166893005,6.664906594535342,7.028190590749731,7.0158899990632575,6.839999866485597,2012,6.6
3743063,7.0029301772835435,7.4749999046325675,6.873733260368984,7.150761942968045,7.400460005415063,7.354166587193808,2011,6.9
3744561,6.7333334003175995,6.5,6.873733260368984,7.178652275507924,7.0158899990632575,6.5,2010,6.5
3754946,5.652254834916196,5.820000076293947,6.437083885738474,6.0959336739388075,6.34104802411704,6.037500023841858,2010,6.0
3771562,7.1895034268212274,7.4,6.702290878577652,7.589095343058581,7.193578805303577,6.847499966621399,2012,7.5
3775163,6.949264873476589,6.4000000953674325,7.146975535509897,7.028190590749731,7.371267611543898,7.200000047683716,2010,6.8
3775167,6.652976217156365,6.5,6.507868437500104,7.028190590749731,6.99490153370999,6.5,2011,6.5
3789921,6.269696979811697,6.1500000953674325,6.4911612311173865,7.028190590749731,7.0158899990632575,5.5,2011,5.5
3792816,5.906186330275206,5.059999942779541,6.441388174929777,6.0959336739388075,6.0171275599419705,5.714285612106322,2010,6.1
3792848,7.78234915583394,7.0,7.176892232416866,7.028190590749731,7.38526386650368,8.800000190734863,2011,8.8
3804629,7.499501280963508,7.9000000953674325,6.4911612311173865,7.307428666855173,7.0158899990632575,7.8500001430511475,2013,7.9
3804891,6.744840631969184,7.280000019073486,7.051848917980827,7.4040947223111635,5.982025817939282,7.362896922088804,2013,8.3
3813779,6.146342385244902,7.300000190734862,6.225635022023442,6.045617341321106,6.249361636213268,6.425000071525574,2010,7.3
3836070,7.1364920831105065,7.450000166893005,7.059158607234483,7.304095311723567,7.0158899990632575,8.100000381469728,2013,8.1
3928370,5.3226385118433575,4.083333333333333,6.409062673404268,6.0959336739388075,6.0171275599419705,4.083333333333333,2010,5.2
4058933,7.293539846056984,7.300000190734862,7.073796748459706,7.028190590749731,7.0158899990632575,7.322222391764322,2018,7.3
4082101,6.0690605920733836,7.0,7.450454784170754,6.0959336739388075,5.982025817939282,7.0,2010,7.0
4109909,7.717361246546108,7.800000190734862,6.914323363808532,7.239095297841265,7.0158899990632575,7.800000190734862,2010,7.8
4109918,6.5355627258790685,6.0999999046325675,6.799200709541599,7.028190590749731,7.234180739551937,6.799999952316284,2012,6.1
4120583,6.071527699629465,6.0999999046325675,6.873733260368984,7.028190590749731,7.1449199894902975,6.0999999046325675,2011,6.1
4126925,6.235833294303329,6.0,6.656164453447985,7.028190590749731,7.057878317357672,5.599999904632568,2013,5.6
4132395,7.465017348113988,7.5999999046325675,6.769861027810494,7.614095319216722,7.315384608048659,7.5999999046325675,2011,7.6
4134631,5.5850443198953625,5.7727272727272725,6.441388174929777,6.0959336739388075,6.0171275599419705,5.800000011920929,2010,5.7
4212172,6.03015402529557,6.549999952316284,6.663965123735927,6.791214388048923,6.0171275599419705,6.487499833106995,2012,6.7
4215790,7.300313535137392,7.03333346048991,6.771672343768961,7.028190590749731,7.0158899990632575,7.6500000953674325,2011,7.3
4221462,6.515277849855247,6.4000000953674325,6.6579707035307685,7.028190590749731,7.161791135037893,7.525000005960464,2018,6.4
4237863,5.157619056531361,4.924999952316284,6.593236205146041,6.818800959241031,5.982025817939282,5.369444436497158,2013,4.5
4246125,7.653850650950266,7.799999952316284,7.030171588558872,7.327827397556533,7.347753761215338,7.799999952316284,2011,7.4
4320237,7.033901534297249,6.733333428700764,6.4495674966408645,7.327827397556533,7.347753761215338,7.2000001072883615,2010,6.9
4323732,5.094332553672068,4.8666666348775225,6.225635022023442,6.045617341321106,6.347927803347572,5.549999952316284,2010,4.7
4326412,6.7583334162121735,7.1500000953674325,6.470944869551334,7.028190590749731,7.0158899990632575,6.600000023841858,2012,6.3
4707585,5.164117651911945,3.900000095367432,6.619444458185169,6.045617341321106,5.982025817939282,3.9,2011,3.9
4707596,5.370039211740993,5.014285717691694,6.410092416683688,6.0959336739388075,6.0171275599419705,4.933333333333334,2011,5.3
4707935,7.111904828248588,6.666666666666668,7.3680438233868335,7.028190590749731,7.0158899990632575,6.709523859478178,2014,6.9
4718369,6.088650807832915,7.200000127156574,7.196523042586536,6.706141988099314,5.982025817939282,6.800000111262003,2012,6.4
4727962,7.048639465675873,6.5999999046325675,6.923327719709097,7.028190590749731,7.0158899990632575,6.6249998807907104,2011,6.6
4746257,7.622565898413611,7.425000190734862,6.546584060657813,7.028190590749731,6.914982036921879,7.744643143245153,2014,8.1
4811813,6.396615934461303,6.8666666348775225,6.6579707035307685,6.5369039660354185,7.0158899990632575,5.8624999324480696,2016,5.6
4822848,5.957027817898326,5.700000047683716,6.320972026840218,6.045617341321106,5.982025817939282,5.549999952316284,2011,6.4
4824512,7.612724711753949,8.066666603088379,7.030171588558872,7.028190590749731,7.0158899990632575,8.120833277702332,2014,8.0
4861404,7.072222232818604,5.8,6.65177994638585,6.4179033248655255,7.02254902926925,5.8,2010,5.8
4876722,7.736461695871855,6.1499998569488525,6.923327719709097,6.566112233787049,5.982025817939282,8.399999618530272,2010,8.4
4887437,7.236836381017426,6.549999833106995,7.196523042586536,7.327827397556533,7.347753761215338,7.2,2012,7.2
4888575,6.800000190734862,6.8,7.259584328172054,7.028190590749731,7.0158899990632575,6.8,2010,6.8
4889554,6.9764674305098,7.0333333015441895,6.749341541958032,7.028190590749731,7.0158899990632575,6.799999872843426,2012,7.0
4896303,7.608223654889188,8.099999904632567,7.563409580262437,7.327827397556533,7.347753761215338,7.497499990463258,2011,8.2
4901684,7.1902494454870425,7.5,6.707253711634729,7.035806458996189,7.02254902926925,7.5,2011,7.5
4906427,5.975024152279153,5.166666825612387,6.7481176543802475,6.045617341321106,6.0171275599419705,6.070000171661378,2011,6.3
4915857,7.772107194993024,7.717500174045563,7.037972258846816,6.958539766310262,7.247364010950711,7.6200001716613786,2013,8.1
4917726,8.029934737233777,8.066666603088379,6.923327719709097,7.035806458996189,7.02254902926925,7.604166746139526,2011,8.8
4919019,5.1549998601277665,4.699999809265137,6.5929607962882315,7.028190590749731,7.0158899990632575,4.824999809265137,2010,4.7
4922850,4.088670196769154,3.0999999046325684,6.6697632070013295,6.045617341321106,5.982025817939282,3.0999999046325684,2010,3.1
4924142,7.0005555453123876,6.6500000953674325,6.546584060657813,7.028190590749731,7.0158899990632575,6.6500000953674325,2011,7.0
4924694,7.199999809265138,7.199999809265138,7.209867126943735,7.450000004932798,7.1543701942160505,7.2,2012,7.2
4935011,7.662261984255406,7.450000047683716,6.923327719709097,7.327827397556533,7.347753761215338,7.623333374659222,2011,7.9
4942778,5.528818269810717,4.600000143051148,6.3519689153863785,6.0959336739388075,5.982025817939282,4.857142882687705,2011,4.8
5028536,7.07351849520648,6.833333333333332,6.7656469890091815,7.1571022937171,7.378448272573537,6.275714295251029,2011,7.1
5044739,5.330570825294299,4.600000063578288,6.771672343768961,6.045617341321106,5.982025817939282,5.112500011920929,2011,5.0
5150232,7.2750000953674325,9.2,8.181547566538766,7.028190590749731,7.0158899990632575,9.2,2010,9.2
5150245,7.1290572326994095,6.450000047683716,6.80956483956713,7.028190590749731,7.0158899990632575,6.450000047683716,2011,7.0
5151357,7.775833549102148,7.875000238418579,6.923327719709097,7.450000004932798,7.361059575401398,8.100000381469728,2011,8.1
5153254,6.969557839186014,7.5,6.569062399445008,7.028190590749731,7.3574692448865795,7.399999976158142,2014,7.5
5156137,6.846990802773722,6.600000143051148,6.873733260368984,6.77891010047633,7.045112337077416,5.800000190734862,2013,5.8
5156574,7.859999895095825,8.199999809265138,7.259584328172054,7.6444444391462545,7.42222221692403,8.199999809265138,2010,8.2
5159993,6.959259421737106,6.800000190734862,6.398015053569027,7.028190590749731,7.371267611543898,6.800000190734862,2012,6.8
5240540,6.367222261428831,5.9000000953674325,6.398015053569027,7.028190590749731,6.914982036921879,5.9000000953674325,2012,5.9
5250341,5.401428568363191,5.5,6.441388174929777,6.0959336739388075,6.0171275599419705,5.616666634877523,2010,5.5
5262338,7.7948591569203876,8.0,7.370150906339651,7.327827397556533,7.347753761215338,8.12500007947286,2011,8.0
5265182,9.0,9.0,7.7824228892320395,6.045617341321106,5.982025817939282,9.0,2010,9.0
5279575,7.335937565068403,6.9000001053015385,6.4495674966408645,7.327827397556533,7.347753761215338,7.531250089406968,2010,7.3
5279593,7.679292292658441,7.5999999046325675,7.176892232416866,7.327827397556533,7.347753761215338,7.5999999046325675,2012,7.6
5290729,5.810269982554264,5.399999916553497,6.569062399445008,6.0959336739388075,6.0171275599419705,5.399999916553497,2011,5.6
5308199,8.172794468167982,8.5,7.370150906339651,7.327827397556533,7.347753761215338,8.362500071525574,2010,9.0
5323957,7.096409558198999,7.3499999046325675,6.6579707035307685,7.028190590749731,7.0158899990632575,7.174999952316284,2013,7.0
5323968,6.648735101485538,7.0333333015441895,6.6579707035307685,6.726898492487375,7.0158899990632575,6.949999934151058,2013,7.6
5327463,6.631050581919753,5.950000047683716,6.656164453447985,7.028190590749731,7.0158899990632575,5.851111094156902,2012,5.5
5327474,7.030680213331365,6.699999809265138,7.056035458824457,7.028190590749731,7.0158899990632575,6.799999833106995,2014,6.7
5344178,6.825757421628394,6.349999845027924,7.327456577314813,6.045617341321106,5.982025817939282,6.349999845027924,2010,8.4
5350027,6.46492600376611,6.7,6.588117928339504,6.686722369438819,6.664889789577309,6.6055556138356515,2017,6.9
5360033,7.066666603088379,6.8499999046325675,6.826800407605755,6.529629610202931,6.36388885974884,6.8499999046325675,2010,7.5
5360890,7.252758380401232,7.75,6.55126664003288,7.028190590749731,7.371267611543898,7.3375000953674325,2011,7.3
5364978,6.499999954586937,6.5999999046325675,7.1165863936318825,6.045617341321106,5.982025817939282,6.5999999046325675,2011,6.6
5374383,7.124999940395355,7.3499999046325675,7.176892232416866,7.035806458996189,7.02254902926925,7.2249999046325675,2011,7.1
5387025,7.820138987567692,7.9000000953674325,7.176892232416866,7.327827397556533,7.347753761215338,7.9000000953674325,2011,7.9
5501711,6.986666798591614,6.800000190734862,6.570824499653482,7.035806458996189,7.02254902926925,6.800000190734862,2011,6.8
5501712,6.929166674613953,6.6,7.510344875269923,7.035806458996189,7.02254902926925,6.6,2012,6.6
5919333,6.610322418868067,6.9666666984558105,7.119000104896039,6.803083732624607,6.5022874236042645,6.9666666984558105,2013,5.5
5959696,7.4000000953674325,7.0,6.6697632070013295,7.368007000808634,6.8140740747805,7.200000047683716,2011,7.4
5964718,8.483333161382964,7.899999936421713,7.309599971532223,7.9124999046325675,7.58922411244491,7.899999936421713,2011,8.7
5977478,7.153086404447203,7.5,6.5948286650091745,7.239095297841265,7.0158899990632575,7.3499999046325675,2012,7.5
5996799,5.7265776142230775,6.0999999046325675,6.476285581830782,6.0959336739388075,6.0171275599419705,5.933333285649617,2013,6.1
6010171,7.884199237548255,8.300000190734862,7.370150906339651,7.327827397556533,7.347753761215338,8.300000190734862,2011,8.3
6041222,7.2433304559942755,7.549999952316284,6.569062399445008,7.327827397556533,7.347753761215338,7.0,2011,7.2
6096710,7.786377109130897,7.9000000953674325,7.563409580262437,7.327827397556533,7.347753761215338,7.9000000953674325,2011,7.9
6126442,6.48966280298437,7.433333396911621,6.762681204782657,7.073954437880329,6.350048372982401,6.608333369096121,2014,6.5
6126445,6.875000071525574,6.700000047683716,7.376514326745216,6.045617341321106,5.982025817939282,6.700000047683716,2011,6.9
6307447,7.854587882572322,8.275000095367433,6.9019300173823215,7.350754888741492,7.0158899990632575,8.275000095367433,2012,8.7
6307506,7.421428646360125,7.4000000953674325,7.107459489720094,7.6444444391462545,7.425089362070866,7.4000000953674325,2011,7.4
6386345,6.541568065412647,6.700000081743513,6.771672343768961,6.0959336739388075,6.0171275599419705,6.493750045696894,2012,7.3
6390823,7.505434392027865,8.12500011920929,6.6579707035307685,7.239095297841265,7.0158899990632575,7.671428612300327,2014,8.0
6390832,7.280377000586065,7.450000047683716,6.931303249982963,7.028190590749731,7.0158899990632575,6.739999961853028,2012,7.3
6402119,8.073992716261756,8.0,6.969606652892329,7.327827397556533,7.347753761215338,8.0,2011,8.0
6424135,7.465413617927657,7.0999999046325675,7.309599971532223,7.327827397556533,7.347753761215338,7.5999999046325675,2011,7.6
6425116,7.150208237270514,7.53333346048991,6.402767682155485,6.045617341321106,5.982025817939282,7.220000076293945,2011,7.2
6518721,5.137500054306454,3.9,6.771672343768961,6.0959336739388075,6.05222930194466,5.6500000953674325,2011,3.9
6558262,7.285238166082473,6.6500000953674325,6.628565241206622,7.254483603352482,7.482758620689656,7.1500000953674325,2013,7.4
6710798,7.0114286059424975,6.9000000953674325,6.822626912152777,7.035806458996189,7.02254902926925,6.9000000953674325,2012,6.8
6714084,6.6333333140327815,6.5999999046325675,6.822626912152777,7.028190590749731,7.193578805303577,6.5999999046325675,2013,6.6
6721670,6.688273836601349,8.066666762034098,6.807885097090591,6.956141988099314,5.982025817939282,7.549999952316284,2014,6.9
6724955,7.582608616870383,7.5999999046325675,7.164617516748363,7.502037020965859,7.384375035762787,7.5999999046325675,2011,7.6
6745433,7.523333406448363,7.9000000953674325,6.9393311854886175,7.450000004932798,7.378448272573537,7.9000000953674325,2011,7.9
6781967,5.8483333002368925,5.7727272727272725,6.822626912152777,6.0959336739388075,6.05222930194466,6.1333333651224775,2012,6.1
6796158,5.479387642591108,5.099999904632568,6.514328465503207,6.045617341321106,5.982025817939282,5.099999904632568,2012,5.1
6803494,7.9765169362765125,7.325000047683716,7.4154775073478625,7.33347852463501,7.243609496278805,8.75,2013,8.8
6829665,6.9666666984558105,7.800000190734862,7.176892232416866,7.035806458996189,7.02254902926925,7.800000190734862,2011,7.8
6837235,7.086851924437063,6.866666793823242,6.221681407067628,7.028190590749731,7.044050023783967,6.800000190734862,2013,6.8
6850547,7.97704555993057,8.600000381469728,6.959844661133758,7.028190590749731,7.0158899990632575,8.49642883595966,2019,8.6
6860160,8.151591532387071,8.433333396911621,7.013894139290997,7.028190590749731,7.255201961060231,8.720000338554382,2012,8.6
6869395,5.803702644159138,6.700000081743513,6.6697632070013295,6.0959336739388075,6.05222930194466,6.42916676070955,2012,6.3
6870692,5.527929317492126,5.464285722800664,6.610320982860903,6.146250006556512,6.05222930194466,5.8,2011,5.8
6872936,7.1102743361920036,7.280000019073486,6.982487301496737,7.349547717850615,7.157945094899062,7.30833347638448,2016,7.3
6873143,7.496159829586854,6.824999928474426,7.096321050021928,7.028190590749731,7.0158899990632575,7.429999891916911,2017,7.7
6874403,8.208882538646222,8.400000095367433,6.904753739987861,7.028190590749731,7.0158899990632575,8.400000095367433,2013,8.6
6875265,6.788636405849871,5.9000000953674325,6.6697632070013295,7.1571022937171,7.0158899990632575,5.9000000953674325,2013,5.9
6875863,7.54158336520195,7.4000000953674325,7.139056121797007,7.028190590749731,7.0158899990632575,7.598809605553037,2015,7.4
6878446,5.856932451402107,6.299999872843426,6.774235803506549,6.045617341321106,5.982025817939282,6.449999888737997,2012,6.1
6880497,7.848452398890541,8.5,6.923327719709097,7.327827397556533,7.347753761215338,7.799999952316284,2012,8.5
6890730,6.3077828635134185,6.9333332379659005,6.8294130853220985,6.0959336739388075,6.0171275599419705,6.9333332379659005,2012,7.5
6900094,6.253999943733215,5.599999904632568,6.772895710940657,7.035806458996189,7.02254902926925,5.599999904632568,2012,5.6
6946772,5.300976352424113,4.549999952316284,6.6697632070013295,6.045617341321106,5.982025817939282,4.549999952316284,2012,5.1
6946773,5.102407519905656,4.800000190734863,6.6663074960760484,6.045617341321106,5.982025817939282,4.800000190734863,2012,4.8
6957293,7.135803583739222,7.4000000953674325,6.904753739987861,7.028190590749731,7.0158899990632575,6.733333269755047,2012,7.4
6959177,7.395782256531876,7.0,6.763871673481018,7.450000004932798,7.378448272573537,7.424999952316284,2013,7.2
6966617,6.675192903539148,6.899999936421713,6.822626912152777,7.2408197062172865,7.0158899990632575,6.899999936421713,2015,5.9
6972876,6.125102086294263,6.4000000953674325,6.771672343768961,6.5369039660354185,6.49895790850127,6.4000000953674325,2012,6.4
6981153,8.257605273982799,8.300000071525574,7.2020154984644424,7.360811872240576,7.0158899990632575,8.400000143051148,2019,8.8
6984051,7.138917149864692,6.885714292526245,7.002398877596108,7.327827397556533,7.347753761215338,7.016666730244953,2012,6.4
7047323,8.176640010586967,7.633333524068195,6.869230857262244,7.028190590749731,7.0158899990632575,8.6,2011,8.6
7051294,5.901628288018228,6.199999809265138,6.499006174298367,6.045617341321106,6.347927803347572,6.199999809265138,2012,5.7
10342838,6.556598847220143,6.460000038146973,6.628565241206622,7.028190590749731,6.927093939252758,6.0,2013,5.8
10355625,7.763042390205604,7.9000000953674325,7.107594763324142,7.327827397556533,7.347753761215338,7.9000000953674325,2012,8.0
10432181,6.9992915831009554,6.699999809265138,6.80956483956713,7.028190590749731,7.259907963992032,6.699999809265138,2013,6.7
10432910,6.895238138380505,7.100000143051148,7.176892232416866,7.035806458996189,7.02254902926925,6.9,2013,6.9
10437779,7.550391209936468,7.700000047683716,7.023425540518261,6.540711900158647,7.02254902926925,7.720000076293945,2013,8.8
10438581,7.608333309491477,7.450000047683716,7.176892232416866,7.574074070541947,7.343670878229263,7.450000047683716,2012,7.5
10439235,7.399067488076193,6.850000143051148,6.771672343768961,7.035806458996189,7.02254902926925,6.850000143051148,2012,7.4
10442182,6.969583298762639,6.699999809265138,7.176892232416866,7.028190590749731,7.176180670465128,6.699999809265138,2013,6.7
10450409,8.164999952912332,8.100000023841858,7.164617516748363,7.881498010811351,6.713829788755863,8.100000023841858,2011,8.9
10453731,7.410927902647864,7.699999809265138,7.359454690233639,7.028190590749731,7.0158899990632575,7.699999809265138,2013,7.7
10459051,7.590416673819224,7.9000000953674325,6.822626912152777,7.448076917574957,7.482758620689656,7.6500000953674325,2012,7.9
10460270,6.715122101391778,6.149999976158142,6.656164453447985,7.327827397556533,7.347753761215338,5.475000143051148,2017,5.8
10462705,7.015089823252113,6.860000133514403,6.760869397502754,7.327827397556533,7.347753761215338,6.8,2013,6.8
10467774,7.1154760406130855,8.399999618530272,7.318899977047839,6.81349152231612,5.982025817939282,8.399999618530272,2012,8.4
10485647,7.367012014987078,7.699999809265138,6.787701085752293,7.220507997531384,7.193578805303577,7.346110971768698,2014,8.2
10508876,7.447517022470228,7.5,6.875620466243648,7.035806458996189,7.02254902926925,7.5,2012,7.5
10521893,7.800000190734862,7.800000190734862,7.176892232416866,7.240000057220459,7.149678859797742,7.800000190734862,2012,7.8
10527288,5.474740067574373,4.900000095367432,6.643275391540273,6.045617341321106,5.982025817939282,4.900000095367432,2012,4.9
10540066,6.178384909583382,5.014285717691694,6.809140203673321,6.0959336739388075,6.0171275599419705,5.317063449488746,2012,6.6
10562402,7.437500178813933,7.800000190734862,6.596831252031714,6.045617341321106,5.982025817939282,7.800000190734862,2012,7.8
10567087,5.693523440965627,5.099999904632568,6.822626912152777,6.045617341321106,5.982025817939282,5.099999904632568,2012,5.1
10577869,7.9266939544309505,8.650000095367433,6.5948286650091745,7.028190590749731,7.371267611543898,8.225000143051147,2013,8.7
10581908,6.937698413455298,6.5,6.630157701069753,7.028190590749731,7.0158899990632575,6.5,2012,6.5
10594965,7.530833398018564,7.9000000953674325,6.6697632070013295,7.028190590749731,7.0158899990632575,7.9000000953674325,2015,7.9
10598440,7.2685237733144605,7.019999980926514,6.5947261821908425,7.301132330645839,7.255201961060231,7.355555481380887,2014,7.6
10604227,6.110000085830689,5.4,6.807001379829542,7.035806458996189,7.02254902926925,5.4,2012,5.4
10604892,5.4360148679971925,5.583333214124044,6.351598655711336,6.045617341321106,6.0171275599419705,5.4709655459280375,2013,5.1
10605440,7.0,7.0,7.107459489720094,7.028190590749731,7.0158899990632575,7.0,2013,7.0
10605978,5.848804526769411,6.787500023841858,6.6697632070013295,6.045617341321106,5.982025817939282,5.925000071525574,2013,5.8
10733376,7.4916665573914845,6.766666571299236,6.822626912152777,6.045617341321106,6.713829788755863,8.199999809265138,2012,8.2
10741865,6.398051884009208,5.699999809265138,6.657640779851639,7.028190590749731,7.136205829705951,5.7,2015,5.7
10741871,9.300000190734863,9.300000190734863,8.105639355963675,7.295294306015585,7.449717770990684,9.300000190734863,2014,9.3
10745208,7.584482804112049,7.800000071525574,7.176892232416866,7.450000004932798,7.442997704098266,7.675000071525574,2019,7.4
10745399,7.216018462181092,7.5999999046325675,7.096321050021928,7.028190590749731,7.0158899990632575,7.5999999046325675,2013,7.6
10754780,7.530034848385387,8.100000381469728,7.376514326745216,7.028190590749731,7.0158899990632575,8.100000381469728,2014,8.1
10755367,7.63798069855669,8.899999618530273,7.176892232416866,7.028190590749731,7.439407373583447,8.899999618530273,2013,8.9
10755697,6.239210546741897,5.699999809265138,6.833569004922823,7.028190590749731,7.0158899990632575,5.519999933242798,2014,5.7
10762817,7.985937349498272,8.199999809265138,7.076294137947291,7.028190590749731,7.255201961060231,8.199999809265138,2012,8.2
10763928,7.753561573747605,8.350000143051147,7.140930620163921,7.350754888741492,7.234180739551937,7.159999966621399,2014,7.9
10777687,7.758253827832992,8.899999618530273,7.096321050021928,7.035806458996189,7.02254902926925,8.307142666407994,2013,8.9
10785529,7.496525810502439,6.549999952316284,7.563409580262437,7.327827397556533,7.347753761215338,7.174999912579853,2013,6.9
10791575,6.832503143452902,5.599999904632568,6.656164453447985,7.028190590749731,7.0158899990632575,6.114999969800312,2016,5.6
10796578,7.407148322837176,7.3857142584664475,7.176892232416866,7.1306081491008175,7.02254902926925,7.3857142584664475,2014,7.3
10799213,4.800000190734863,4.8,7.030171588558872,6.045617341321106,5.982025817939282,4.8,2012,4.8
10807916,5.067868081987633,3.7999999523162837,6.3097802568462535,6.0959336739388075,6.0171275599419705,4.649999988079071,2014,3.8
10851241,6.318730154870049,6.9000000953674325,6.807001379829542,7.035806458996189,7.02254902926925,6.9000000953674325,2012,6.0
11526817,6.647017736627598,6.299999952316284,6.797516490837128,7.1571022937171,6.7851055920041645,6.083333333333332,2016,5.4
11527491,7.490000009536742,6.800000190734862,7.176892232416866,6.045617341321106,5.982025817939282,6.800000190734862,2012,7.3
11528256,8.300000190734862,7.450000047683716,7.0613851424990886,7.580000032697406,7.575284022269366,7.450000047683716,2012,8.3
11540651,7.26042950890093,7.300000190734862,7.309599971532223,7.035806458996189,7.02254902926925,7.300000190734862,2015,7.3
11584019,8.641666836208769,8.350000143051147,7.030171588558872,7.792730244600293,7.403989981822745,8.800000190734863,2014,8.8
11598669,7.960000324249267,7.666666825612387,7.656303262471554,7.028190590749731,7.0158899990632575,7.666666825612387,2012,8.1
11606328,7.922843745789816,8.399999936421713,6.656164453447985,7.028190590749731,7.161791135037893,7.919999959355309,2013,8.4
11611136,7.341666678587595,7.333333333333332,7.656303262471554,7.100000023841858,5.982025817939282,7.333333333333332,2012,7.2
11618146,5.587499976158142,5.9142857279096335,6.822626912152777,6.045617341321106,6.05222930194466,6.0,2012,5.9
16475702,5.6127379308920595,5.200000047683716,6.569062399445008,6.5369039660354185,6.0171275599419705,5.200000047683716,2013,5.3
19899718,6.741635381258584,6.300000190734862,6.940069493169488,7.028190590749731,7.0158899990632575,6.794444561004639,2017,6.3
19945757,7.988888616915102,8.4,6.923327719709097,7.238133754162344,7.482758620689656,8.4,2012,8.4
19955828,7.550000071525574,7.800000071525574,7.176892232416866,7.512037037737372,7.514224139267,8.033333619435629,2013,8.1
19955955,8.450000333786011,8.600000381469728,7.559195414356803,7.286013996684468,7.30000008477105,8.600000381469728,2013,8.6
19967839,5.558988044659296,5.599999904632568,6.569062399445008,6.5369039660354185,5.982025817939282,5.544444349077011,2013,5.6
19971593,6.107352908130954,6.0999999046325675,7.176892232416866,6.045617341321106,5.982025817939282,6.549999952316284,2013,6.1
19971676,6.540935177801424,6.299999952316284,6.587643776105652,7.028190590749731,7.0158899990632575,5.699999968210857,2019,5.6
19975328,7.259222282303705,7.4000000953674325,7.559195414356803,7.028190590749731,6.9739130683567225,7.4000000953674325,2013,7.4
20256636,8.5,8.5,7.259584328172054,7.286013996684468,7.255555523766412,8.5,2013,8.5
20266418,6.130000114440918,5.800000190734862,6.4457223070344805,7.028190590749731,7.0158899990632575,5.800000190734862,2013,5.8
20266428,7.31481420887153,7.4750001430511475,6.838404224308403,7.327827397556533,7.347753761215338,7.7125000953674325,2013,7.1
20277632,6.752703683641221,6.833333333333332,6.628565241206622,7.0573988585013625,7.197169135818398,6.275714295251029,2014,6.6
20390013,7.076340091334663,6.0,6.822626912152777,7.327827397556533,7.347753761215338,6.450000047683716,2013,6.5
20435612,8.085714203970772,8.9,7.604440659642763,7.028190590749731,7.0158899990632575,8.549999952316284,2013,8.9
20438548,7.741486147943566,7.800000190734862,7.563409580262437,7.327827397556533,7.347753761215338,7.933333608839248,2013,8.1
20451290,5.891508299125221,4.699999809265137,6.656164453447985,7.028190590749731,7.0158899990632575,6.751785738127572,2017,4.7
20451307,7.265427095817012,7.6000001430511475,6.146576436759664,7.035806458996189,7.02254902926925,7.6000001430511475,2014,6.6
20483435,5.2681640626183475,4.5,7.309599971532223,6.045617341321106,6.249361636213268,4.5,2013,4.5
20491393,7.856944514645469,8.460000133514404,7.370150906339651,7.327827397556533,7.347753761215338,8.362500071525574,2013,8.3
20497905,7.428055632114412,7.514285700661795,7.427163165353669,7.028190590749731,7.0158899990632575,7.4000000953674325,2014,7.4
20501030,7.04642867852771,6.675000071525574,6.221681407067628,7.028190590749731,7.0158899990632575,6.637500067551931,2014,6.9
20505982,6.2019795550197365,6.9333332379659005,6.8294130853220985,6.0959336739388075,6.0171275599419705,6.827777730094062,2016,7.1
20507274,7.6966668181949185,7.800000190734862,7.122949814037449,7.450000004932798,7.378448272573537,7.800000190734862,2013,7.8
20515070,6.7225439413502635,7.333333333333332,6.9538025590205885,6.045617341321106,6.347927803347572,7.333333333333332,2014,7.4
20515071,6.321284978028543,6.5999999046325675,6.297702127325113,6.146250006556512,6.05222930194466,6.493750045696894,2013,6.6
21263666,7.380148061646357,7.514285700661795,7.033796684786199,7.304095311723567,7.0158899990632575,7.1499998569488525,2014,7.7
21264218,6.436111085944706,6.4000000953674325,6.932395092728063,7.028190590749731,7.371267611543898,6.0,2014,6.0
21264315,6.9281246435906025,6.149999976158142,6.555575690965553,7.327827397556533,7.347753761215338,6.5,2013,6.7
21267670,7.366377509755341,7.199999809265138,7.176892232416866,7.327827397556533,7.347753761215338,7.199999809265138,2014,7.2
21319853,7.454166724826349,7.700000047683716,7.3680438233868335,7.028190590749731,7.364462254115565,7.700000047683716,2014,7.4
21320278,7.2923465359752155,7.0999999046325675,6.748270261254207,7.327827397556533,7.347753761215338,7.0999999046325675,2013,7.1
21340202,6.615798676510653,6.4000000953674325,7.037972258846816,6.79187304666169,6.9508377010376705,6.4000000953674325,2014,6.4
21340764,4.257906278893967,3.5999999046325684,6.771672343768961,6.045617341321106,5.982025817939282,3.5999999046325684,2014,3.6
21350556,5.486730130212054,6.274999976158142,6.402767682155485,6.045617341321106,5.982025817939282,5.77142859867641,2016,4.9
21871405,7.153571248054504,7.449999809265138,6.570824499653482,6.529629610202931,6.36388885974884,7.449999809265138,2013,7.2
21937445,8.084518405066596,8.699999809265138,7.176892232416866,7.035806458996189,7.02254902926925,8.474999904632567,2013,9.2
21941804,6.694367348487838,7.450000047683716,6.908101555750207,6.045617341321106,5.982025817939282,7.450000047683716,2014,7.5
22265687,6.8713591359600885,7.166666666666668,6.6579707035307685,7.028190590749731,7.0158899990632575,6.84200001557668,2019,6.3
22604659,6.735105408913218,6.5999999046325675,6.905538096012617,7.028190590749731,7.0158899990632575,6.5999999046325675,2014,6.6
22733673,7.478800081570943,7.9000000953674325,6.822626912152777,7.028190590749731,7.0158899990632575,7.428333361943562,2014,7.9
22759660,6.135433424697727,6.055555661519367,6.221681407067628,6.146250006556512,6.05222930194466,6.038888931274414,2013,6.8
22759752,6.42124991863966,6.005555417802597,6.221681407067628,6.146250006556512,6.05222930194466,6.25952370961507,2013,6.7
23163938,6.081044019316579,5.9000000953674325,6.569062399445008,6.045617341321106,6.713829788755863,6.062500099341074,2013,5.9
23331914,7.3784811753607285,6.933333396911621,6.906362290806219,7.2960928859920475,6.789727809515479,7.25,2014,7.9
23398777,6.207727238626192,6.1499998569488525,6.809140203673321,7.327827397556533,7.347753761215338,6.1566666444142655,2014,5.1
23424586,6.521337139126143,7.0333333015441895,6.80956483956713,7.028190590749731,7.0344324775361375,6.900000061307635,2015,6.3
24470523,7.458510070480138,7.524999976158142,6.569062399445008,7.028190590749731,7.0158899990632575,7.524999976158142,2014,7.2
24522915,5.716666669315763,6.049999952316284,6.398015053569027,6.146250006556512,6.253892449942871,5.824999928474426,2014,5.6
24716045,7.123051954296244,7.933333396911621,6.822626912152777,7.028190590749731,7.193578805303577,7.225000023841858,2015,7.0
24719063,6.655691015553491,8.066666603088379,6.908101555750207,6.045617341321106,5.982025817939282,7.612499952316284,2015,8.2
24721493,5.039384733392227,4.600000047683716,6.771672343768961,6.045617341321106,6.347927803347572,4.8166667222976685,2013,5.0
24735062,6.975757618420979,6.0333333015441895,6.822626912152777,6.045617341321106,5.982025817939282,7.125000059604645,2013,7.4
24736526,5.792578840850742,6.700000081743513,7.176892232416866,6.0959336739388075,6.0171275599419705,6.687500059604645,2014,5.4
24736566,6.033185953542633,6.799999872843426,6.468361591888686,6.5369039660354185,5.982025817939282,6.3999998569488525,2014,6.1
24739179,6.729589335584409,6.5999999046325675,7.278964703948561,7.028190590749731,7.0158899990632575,6.8749998807907104,2017,6.6
24743712,5.037745042705706,5.799999952316284,6.569062399445008,6.045617341321106,5.982025817939282,5.199999928474425,2015,4.6
24750126,8.647058970787945,8.800000190734863,6.905538096012617,7.286013996684468,7.2647907482769245,8.800000190734863,2014,8.8
24758396,5.566435188473798,4.850000143051148,6.26076395279544,6.045617341321106,5.982025817939282,5.3250001668930045,2014,5.8
24845115,7.277601599804077,6.860000133514403,6.146576436759664,7.327827397556533,7.347753761215338,7.600000023841858,2014,7.9
24851526,5.60513882305887,5.599999904632568,6.468361591888686,6.686722369438819,7.0307917749856,5.599999904632568,2014,5.6
24854896,6.8999998569488525,6.8999998569488525,7.176892232416866,7.0,5.982025817939282,6.8999998569488525,2013,7.2
24859095,5.854523855826213,5.4,6.574348700070429,7.028190590749731,7.0158899990632575,5.4,2015,5.4
24860563,7.502942851759326,7.9000000953674325,6.692009075232866,7.028190590749731,6.914982036921879,7.620000112056732,2016,7.8
24874401,6.822936362690395,7.7399999618530275,6.6697632070013295,7.028190590749731,7.0158899990632575,7.7399999618530275,2016,6.7
24877502,6.699999809265138,6.699999809265138,6.4911612311173865,7.269101518649548,6.914982036921879,6.699999809265138,2013,6.7
24879820,7.4823130069135795,8.500000158945719,6.658062201569416,7.035806458996189,7.02254902926925,7.812500059604645,2014,8.3
24883815,7.253749934832254,7.0999999046325675,6.771672343768961,7.028190590749731,7.0158899990632575,6.7499998807907104,2014,7.1
24888079,4.754471033928813,4.5,6.569062399445008,6.045617341321106,5.982025817939282,4.833333333333333,2014,4.0
25697098,7.522424294009353,7.9000000953674325,7.176892232416866,7.028190590749731,6.9739130683567225,7.9000000953674325,2015,7.9
25703626,8.174992540076612,8.999999761581423,7.370150906339651,7.327827397556533,7.347753761215338,9.099999904632568,2013,8.9
25704492,6.9344524085507135,6.550000071525574,6.80956483956713,7.0573988585013625,7.0158899990632575,6.616666714350384,2018,6.4
25706773,7.5419998661677035,7.699999809265138,6.6579707035307685,7.0573988585013625,6.927093939252758,7.699999809265138,2015,7.7
25709273,5.646142812172573,6.0,6.8294130853220985,6.045617341321106,6.249361636213268,5.733333269755047,2014,5.6
25711544,8.118108691282297,9.100000381469727,7.450454784170754,7.327827397556533,7.347753761215338,8.180000114440919,2013,9.1
25713336,5.773392511767192,5.9000000953674325,6.564241640008474,6.0959336739388075,6.0171275599419705,5.9000000953674325,2014,5.0
25728008,6.723666762510935,6.4000000953674325,6.398015053569027,7.028190590749731,6.914982036921879,7.1500000953674325,2015,6.4
25728590,5.551972682168599,4.6499998569488525,6.569062399445008,6.0959336739388075,6.0171275599419705,5.033333162466684,2014,5.2
25730893,7.108781968630277,6.7,6.923327719709097,7.028190590749731,7.371267611543898,6.7,2014,6.7
25731554,7.206671686399549,7.4000000953674325,6.77504192391787,7.028190590749731,7.3394799412782135,7.4000000953674325,2015,7.4
25752261,7.018674243489901,6.824999928474426,6.6603700768502545,7.345344656622647,7.0158899990632575,6.700000047683716,2015,7.5
25755608,7.3427083293596915,7.949999928474426,7.065540747519404,7.450000004932798,7.378448272573537,7.949999928474426,2014,7.5
25757061,7.07452765569674,6.9000000953674325,7.176892232416866,7.028190590749731,7.0158899990632575,7.0,2015,7.0
25757186,6.852631078182705,6.300000190734862,6.628565241206622,7.283782988376293,7.129052552763624,6.4875001311302185,2016,6.3
25760247,6.944642875308082,7.0,7.067282878750302,7.028190590749731,7.0158899990632575,6.925000011920929,2015,7.0
25761564,7.026818177916787,7.0,6.980677233366213,7.028190590749731,7.0158899990632575,7.0,2015,7.0
25765735,7.799892343160204,7.575000166893005,6.756686784577497,7.1571022937171,7.0158899990632575,7.700000127156574,2017,8.3
25766529,7.640761927650088,7.950000047683716,6.628565241206622,7.035806458996189,7.02254902926925,7.491666674613953,2014,8.0
25770733,6.489249991178513,5.599999904632568,6.689445615495273,7.028190590749731,7.0158899990632575,5.599999904632568,2014,5.6
25774051,7.160771965857261,7.3125,6.622935440200031,7.327827397556533,7.347753761215338,7.532539753686816,2015,7.0
25775571,6.6009788958483915,6.299999952316284,6.698695831691978,7.028190590749731,7.197169135818398,6.0333333015441895,2014,6.4
25777330,5.8242203016494924,4.780000066757202,6.569062399445008,6.045617341321106,5.982025817939282,5.140000054240227,2014,5.3
25777512,7.018569364851933,6.149999976158142,6.398015053569027,7.327827397556533,7.347753761215338,6.6,2014,6.6
25777636,7.463779311988786,7.2399999618530275,6.901332472610347,7.028190590749731,7.0158899990632575,7.4750001430511475,2016,7.8
25780578,7.516326538397343,7.5999999046325675,7.023425540518261,7.035806458996189,7.02254902926925,7.5999999046325675,2014,7.6
25786060,7.16682365926585,7.699999809265138,6.655068326682452,7.4344528977898205,7.0158899990632575,7.306249886751175,2016,7.7
25787888,7.575977091784309,8.275000095367433,7.051848917980827,7.254734864122332,7.0158899990632575,8.275000095367433,2015,8.5
25788661,7.769551306198803,7.719999980926514,7.563409580262437,7.327827397556533,7.347753761215338,7.833333333333332,2013,8.2
25790749,7.957023933955601,8.300000190734862,6.771672343768961,7.327827397556533,7.347753761215338,8.200000286102295,2014,9.1
25794212,6.653135588011779,6.840000057220459,6.6579707035307685,7.028190590749731,7.0158899990632575,6.2871428353445875,2015,6.0
25794302,6.6531696308359125,6.840000057220459,6.6579707035307685,7.028190590749731,7.0158899990632575,6.087500035762787,2016,5.9
25795311,7.283259893641768,6.6,7.176892232416866,7.327827397556533,7.347753761215338,6.6,2014,6.6
25799475,6.9876700508756695,7.0,6.574348700070429,7.327827397556533,7.347753761215338,7.166666706403098,2015,6.6
25805197,7.635137023993959,7.0333333015441895,7.563409580262437,7.327827397556533,7.347753761215338,6.7,2013,6.7
25805741,6.186590887591093,6.933333396911621,7.176892232416866,6.597289084170061,5.982025817939282,6.933333396911621,2014,7.1
25806460,6.707222316000197,5.8,6.574348700070429,7.035806458996189,7.02254902926925,5.8,2014,5.8
25806698,5.5431966303086675,5.199999809265137,6.6697632070013295,6.045617341321106,5.982025817939282,5.4333332379659005,2015,5.2
25808075,7.01560991840929,7.25,6.756686784577497,7.105761993830676,7.0158899990632575,7.3369524428957975,2017,6.9
25811357,6.028926370192839,7.200000047683716,6.769861027810494,6.8292496875048725,6.0171275599419705,6.437500059604645,2015,6.6
25812640,6.483333362473383,4.9,6.65177994638585,7.086607126252992,6.838297879442256,4.9,2014,4.9
25818101,6.64642201742417,5.950000047683716,6.654375656645094,7.178008994153132,6.66939556288347,6.543750047683716,2017,6.4
25818615,7.2246668060620625,7.6000001430511475,7.023425540518261,7.327827397556533,7.347753761215338,7.0,2014,7.3
25819229,7.497075976684079,7.450000047683716,7.2056105453501145,7.302730189024099,7.0158899990632575,7.5999999046325675,2015,7.6
25820460,7.439240640798639,8.12500011920929,6.6579707035307685,7.30077437848977,7.0158899990632575,7.614047676041013,2016,7.9
25824741,5.895679673392848,5.9666666984558105,6.923327719709097,6.0959336739388075,6.0171275599419705,5.433333396911621,2014,6.0
25827399,6.329487247344776,5.400000095367432,6.555575690965553,7.1571022937171,7.0158899990632575,5.400000095367432,2015,5.4
25841341,4.394791647791863,3.7999999523162837,6.569062399445008,6.045617341321106,5.982025817939282,3.7999999523162837,2014,3.8
25855071,7.983901369752306,8.400000095367433,7.073796748459706,7.35495244621438,7.234180739551937,8.400000095367433,2016,8.2
25856435,7.541411449917319,8.099999904632567,7.176892232416866,7.035806458996189,7.02254902926925,7.699999809265138,2016,7.7
25858718,7.7666665216286965,7.7,6.6697632070013295,7.574074070541947,7.343670878229263,7.7,2014,7.7
25863940,7.109125218449661,7.6249998807907104,6.677453586214101,7.327827397556533,7.347753761215338,7.519999980926514,2015,7.3
25867546,7.4299999316533425,7.3499999046325675,7.056035458824457,7.450000004932798,7.378448272573537,7.3499999046325675,2014,8.0
25870236,7.162722240449248,7.9000000953674325,7.176892232416866,6.0959336739388075,6.0171275599419705,7.9000000953674325,2015,7.9
25876760,6.584992145921625,6.800000190734862,6.771672343768961,6.045617341321106,5.982025817939282,6.450000166893005,2015,6.8
25880937,7.9096079428990675,8.300000190734862,6.6697632070013295,7.450000004932798,7.378448272573537,8.300000190734862,2014,8.3
25881780,6.2551283194468565,5.800000190734862,6.569062399445008,6.800973964112316,6.350048372982401,5.800000190734862,2015,5.8
25881888,7.214814890755547,7.524999976158142,7.176892232416866,7.028190590749731,7.0158899990632575,7.524999976158142,2015,7.3
25882296,5.974100987694482,6.5333333015441895,6.351598655711336,6.045617341321106,6.0171275599419705,6.223809492020379,2018,6.1
25882861,8.194117321687585,8.399999618530272,7.176892232416866,7.086607126252992,6.838297879442256,8.399999618530272,2014,8.4
25887846,7.096854282147957,7.5,7.2020154984644424,7.028190590749731,7.371267611543898,7.5,2015,7.0
25892252,8.513690718582701,9.100000381469727,6.77370621741688,7.028190590749731,7.371267611543898,8.47000024318695,2013,9.1
25894431,7.170103227783733,6.9000000953674325,6.6579707035307685,7.028190590749731,7.0158899990632575,6.82866678237915,2016,7.3
25894885,7.049999713897705,8.399999618530272,8.652083297570549,6.045617341321106,5.982025817939282,8.399999618530272,2016,8.4
25898213,7.254762008076622,7.300000190734862,7.028818110846771,7.028190590749731,7.0158899990632575,7.270000123977661,2015,7.3
25905892,7.480873035627698,7.5,6.923327719709097,7.327827397556533,7.347753761215338,7.5,2014,7.5
25907029,7.390166605843438,7.866666634877522,7.1165863936318825,7.028190590749731,7.0158899990632575,7.3749998807907104,2017,7.6
25911595,5.05307693041288,6.0,6.468361591888686,6.045617341321106,6.5022874236042645,5.099999904632568,2015,5.1
25917239,7.614374902844429,7.5999999046325675,6.990553535533444,7.2899999856948865,7.650000005960464,7.5999999046325675,2014,7.6
25917964,7.5833331743876125,7.3749998807907104,7.656303262471554,6.045617341321106,5.982025817939282,7.266666571299236,2014,7.2
25919529,4.6833334763844805,4.800000190734863,6.6697632070013295,7.035806458996189,7.02254902926925,4.800000190734863,2014,4.8
25919911,4.998333326975505,5.9000000953674325,6.555575690965553,6.045617341321106,5.982025817939282,5.9,2014,5.9
25921830,7.127088065897405,6.300000190734862,6.574348700070429,7.035806458996189,7.02254902926925,6.300000190734862,2015,6.3
25928763,7.350905880418598,7.699999809265138,7.4154775073478625,7.301132330645839,7.178731075194433,6.8499999046325675,2016,7.7
25932065,6.924295308430987,6.675000071525574,6.654820883923106,7.028190590749731,7.193578805303577,6.481250077486037,2019,6.9
25932086,7.913333197434742,8.199999809265138,6.707253711634729,7.301132330645839,7.343670878229263,8.199999809265138,2014,8.2
25934361,6.440000104904175,6.4000000953674325,6.6992868197422455,7.574074070541947,7.145454623482443,6.4000000953674325,2014,6.4
25945367,4.313299730470286,3.400000095367432,7.196523042586536,6.800545109875789,5.982025817939282,3.400000095367432,2015,3.4
25955491,7.930979937031156,8.700000286102295,6.927172909315482,7.028190590749731,7.371267611543898,7.325000166893005,2015,8.3
25962735,5.041150691017271,4.699999809265137,6.569062399445008,6.045617341321106,5.982025817939282,4.699999809265137,2015,4.7
25964071,6.629392459853955,7.1499998569488525,6.569062399445008,6.045617341321106,5.982025817939282,7.1499998569488525,2015,7.7
25965924,8.266389135089025,9.1,7.176892232416866,7.028190590749731,7.371267611543898,7.916666905085247,2014,9.1
25969201,7.651528329743738,7.5999999046325675,6.923327719709097,7.327827397556533,7.347753761215338,7.799999872843424,2015,8.2
25972494,5.395098123129675,4.466666718324026,7.176892232416866,6.5369039660354185,5.982025817939282,5.408333460489908,2014,4.8
25977198,7.9228569030761715,7.9999996821085615,7.2823353738989915,7.028190590749731,7.0158899990632575,7.799999733765921,2015,8.4
25980210,7.007176407645731,6.5999999046325675,7.138849348744441,6.703204797022343,7.02254902926925,6.5999999046325675,2015,6.6
25981077,6.083750094970068,5.300000190734863,7.176892232416866,7.028190590749731,7.0158899990632575,5.300000190734863,2016,5.3
26020814,7.708834168449272,8.200000127156576,6.927172909315482,7.327827397556533,7.347753761215338,7.914285864148821,2014,8.6
26061679,7.559602403955075,7.199999968210857,6.923327719709097,7.028190590749731,7.0158899990632575,8.166666560702852,2017,7.7
26145033,7.459517119469647,8.0,6.888826237867557,7.028190590749731,7.0158899990632575,7.319709005179227,2017,8.0
26147706,7.563166797359783,7.4000000953674325,7.1165863936318825,7.327827397556533,7.347753761215338,6.9000000953674325,2015,8.1
26177147,7.758333484331768,7.800000190734862,6.822626912152777,7.328380982412742,7.685714381081718,7.800000190734862,2015,7.8
26215216,7.993999910354613,8.199999809265138,7.176892232416866,7.350754888741492,7.361059575401398,8.199999809265138,2016,8.2
26220731,7.281547556320826,7.285416613022486,7.139056121797007,6.045617341321106,5.982025817939282,7.600000063578287,2015,7.7
26235349,6.044276720301935,6.312500059604645,6.8294130853220985,6.406685979542449,6.0171275599419705,6.350277814600204,2016,5.9
26257313,7.615185126551875,8.399999618530272,6.914336089401357,7.028190590749731,7.371267611543898,8.222222063276503,2014,8.4
26258872,7.725317588874272,8.100000381469728,6.944057258306419,7.028190590749731,7.0158899990632575,8.110000324249267,2014,8.1
26264595,6.0999999046325675,6.0999999046325675,6.8294130853220985,7.028190590749731,6.9739130683567225,6.1,2014,6.1
26266072,7.274001215910276,7.5,6.564396820404768,7.389665858230991,6.49895790850127,7.5,2016,7.5
26273481,7.900128468385613,8.0,7.1048853881999685,7.327827397556533,7.347753761215338,8.362500071525574,2015,8.0
26274910,4.95180321239979,3.400000095367432,6.6697632070013295,6.045617341321106,5.982025817939282,3.400000095367432,2015,3.4
26276362,7.300000190734862,7.1500000953674325,7.176892232416866,7.028190590749731,7.0158899990632575,7.1500000953674325,2015,6.8
26276364,7.034000062942505,7.049999952316284,6.221681407067628,7.028190590749731,7.166097397540794,7.049999952316284,2015,6.9
26277313,7.851851940155028,8.300000190734862,7.128887669605602,6.0959336739388075,5.982025817939282,8.300000190734862,2015,8.3
26279120,4.861474386918919,3.7000000476837163,6.6697632070013295,6.045617341321106,5.982025817939282,3.7000000476837163,2015,3.7
26279166,5.463141132929385,4.800000190734863,6.354588615512969,6.146250006556512,6.05222930194466,4.800000190734863,2015,4.8
26280710,7.571865576157419,7.633333365122477,6.882975735151597,7.327827397556533,7.347753761215338,7.633333365122477,2015,7.7
26282453,7.332282699353732,6.860000038146973,7.563409580262437,7.327827397556533,7.347753761215338,7.044999885559082,2015,7.2
26290365,5.4892623917777685,5.199999968210856,6.6697632070013295,6.045617341321106,5.982025817939282,5.149999976158141,2015,4.2
26290642,5.468450888392763,4.300000190734863,6.822626912152777,6.045617341321106,5.982025817939282,4.850000143051148,2016,4.3
26299416,7.988095285324823,8.150000095367433,7.563409580262437,7.327827397556533,7.347753761215338,8.433333396911621,2015,8.0
26303622,7.511961761197788,7.166666666666668,7.3680438233868335,7.028190590749731,7.0158899990632575,7.883333285649616,2015,8.5
26306606,7.1546296790794095,7.4000000953674325,6.995843416077598,7.028190590749731,7.0158899990632575,7.4000000953674325,2016,7.4
26306939,7.5261905647459475,7.4000000953674325,6.822626912152777,7.450000004932798,7.324518253933826,7.4000000953674325,2015,7.4
26306980,6.909444511599013,7.4,7.563409580262437,7.028190590749731,7.0158899990632575,7.4,2015,7.4
26314816,6.96948418522638,7.25,6.919477371262139,7.028190590749731,6.6802370452564075,6.9000000953674325,2016,6.9
26316956,5.093535556467753,4.166666666666667,6.906362290806219,6.5369039660354185,5.982025817939282,4.614285741533552,2017,4.3
26322809,5.694270861468144,5.300000190734863,6.569062399445008,6.045617341321106,5.982025817939282,5.300000190734863,2015,5.3
26322928,7.470833331346513,7.5,7.176892232416866,7.18181692827636,7.02254902926925,7.5,2016,7.5
26328483,7.2586481563880945,6.5333333015441895,7.023425540518261,7.327827397556533,7.347753761215338,7.4000000953674325,2016,7.4
26330955,7.0789114747728625,7.035416613022486,7.037972258846816,6.045617341321106,5.982025817939282,6.737777731153701,2016,6.7
26331700,5.136905946047001,2.799999952316284,6.771097320000898,6.5369039660354185,5.982025817939282,3.0416666070620217,2018,2.8
26331839,5.75756620197567,5.300000190734863,6.927172909315482,6.045617341321106,5.982025817939282,5.300000190734863,2019,5.3
26333560,7.366980755100272,7.699999968210857,6.628565241206622,7.147970559089612,6.534059650503958,7.699999968210857,2017,7.7
26334996,7.639777868058947,8.300000190734862,7.164617516748363,7.035806458996189,7.02254902926925,8.300000190734862,2015,8.3
26335560,6.839999866485597,6.8999998569488525,6.6697632070013295,6.045617341321106,5.982025817939282,6.699999888737995,2017,6.6
26337355,7.226785557610648,7.199999809265138,6.9538025590205885,7.448076917574957,7.482758620689656,7.199999809265138,2015,7.2
26339228,6.878333330154419,6.9000000953674325,6.677453586214101,6.540711900158647,7.02254902926925,6.9000000953674325,2016,6.9
26341137,6.8614864939007285,6.75,6.6345274108901275,6.5369039660354185,7.0158899990632575,6.199999809265138,2016,6.2
26351867,6.060064922126637,6.5999999046325675,6.822626912152777,6.045617341321106,6.347927803347572,6.5999999046325675,2016,6.6
26352445,5.919746033677832,5.875,7.023425540518261,6.0959336739388075,6.0171275599419705,5.887500047683716,2016,5.8
26352462,6.1388000648488985,7.4000000953674325,6.722153774345044,6.146250006556512,6.05222930194466,6.124074132354171,2015,7.4
26353884,7.405555619133843,7.4000000953674325,7.176892232416866,7.474999964237213,7.464053235609423,7.4000000953674325,2015,7.4
26356495,7.1866666475931815,7.5999999046325675,7.076313925933593,7.086607126252992,7.044148979457558,7.5999999046325675,2015,7.6
26359235,7.5995814775841115,7.433333396911621,7.037972258846816,7.028190590749731,7.0158899990632575,7.964285731315613,2018,8.0
26362351,7.634722293369354,7.4750001430511475,6.923327719709097,7.327827397556533,7.347753761215338,8.025000174840294,2016,8.3
26362764,6.255946008198412,5.0,6.441388174929777,7.035806458996189,7.02254902926925,5.0,2017,5.0
26365236,7.04476180031997,7.633333206176758,6.787701085752293,7.116670348810129,7.019219514166254,7.399999916553497,2017,6.7
26372271,7.662499845027924,7.699999809265138,6.822626912152777,7.448076917574957,7.430603446631595,7.699999809265138,2015,7.7
26374197,7.948651538188902,8.516667048136393,6.884330422713687,7.1571022937171,7.0158899990632575,8.217279670285244,2018,8.6
26375417,7.168749928474426,7.649999856948851,6.923327719709097,7.329113960266112,7.442997704098266,7.649999856948851,2016,7.1
26377047,7.4124112548353365,8.199999809265138,7.317413833176626,7.29186598549268,7.193578805303577,7.699999968210855,2016,7.5
26381453,6.5497960215523126,5.800000190734862,6.875620466243648,7.028190590749731,6.914982036921879,5.800000190734862,2016,5.8
26384292,6.728529514518439,6.300000190734862,7.037972258846816,7.028190590749731,7.255201961060231,7.0777777565850135,2018,6.3
26386691,7.070920233345693,6.466666857401531,6.6697632070013295,7.327827397556533,7.347753761215338,7.299999952316284,2015,7.3
26387939,8.408888880411785,8.450000047683716,7.4221850581727935,7.238133754162344,7.482758620689656,8.154166658719381,2016,9.0
26388342,7.084999873240789,7.2,6.574348700070429,7.028190590749731,7.0158899990632575,7.2,2016,7.2
26389069,5.456601356103533,5.971428530556816,6.555575690965553,6.686722369438819,5.982025817939282,6.2107141699109745,2016,5.2
26389331,7.3514880997794,7.5999999046325675,6.8294130853220985,7.035806458996189,7.02254902926925,7.5999999046325675,2016,7.5
26389466,6.316875039041044,6.4000000953674325,7.029187178317713,6.045617341321106,6.0171275599419705,6.9666666984558105,2016,6.4
26390631,8.436363501982255,8.699999809265138,7.176892232416866,7.685714244842528,7.509374991059303,8.699999809265138,2016,8.7
26420932,7.231249988079071,7.300000031789143,6.754880534494713,7.378685949704586,7.482758620689656,7.297222190433077,2017,7.1
26425468,7.857653214007008,8.300000190734862,7.120431583238268,7.028190590749731,7.276664502320728,8.300000190734862,2013,8.3
26428356,6.925384745842371,6.800000190734862,6.707253711634729,7.574074070541947,7.343670878229263,6.800000190734862,2018,6.8
26430663,8.222500324249268,8.600000381469728,7.176892232416866,6.045617341321106,5.982025817939282,8.6,2015,8.6
26430706,7.341368910433753,6.799999952316284,7.3680438233868335,7.18826590731184,7.224905318547669,7.549999872843424,2018,7.2
26437237,7.488333451747893,7.800000190734862,6.732289464138503,7.028190590749731,7.0158899990632575,7.800000190734862,2016,7.8
26440017,7.3741332530975345,7.5999999046325675,7.3680438233868335,6.045617341321106,5.982025817939282,7.5999999046325675,2015,7.6
26457368,7.640624925494193,7.5999999046325675,6.569062399445008,7.239095297841265,7.324518253933826,7.5999999046325675,2016,7.6
26474112,6.7258578470441135,5.599999904632568,6.6697632070013295,7.028190590749731,7.0158899990632575,6.083333253860474,2016,5.6
26581710,8.300000190734862,8.0,6.6697632070013295,7.028190590749731,7.0158899990632575,8.0,2015,8.0
26581719,8.049999952316284,8.5,6.6697632070013295,7.028190590749731,7.0158899990632575,8.5,2015,8.5
26586671,7.181428521020073,6.849999984105429,7.176892232416866,7.327827397556533,7.347753761215338,6.8499999046325675,2015,7.1
26586766,6.692987036983116,6.450000047683716,6.659564141836323,7.028190590749731,7.166929042110549,6.9666666984558105,2017,6.9
26589957,4.220000100135803,3.8000000715255737,6.546584060657813,7.086607126252992,6.838297879442256,3.900000095367432,2017,3.9
26596361,8.009999847412109,8.199999809265138,7.376514326745216,8.199999809265138,7.3628780555311275,8.199999809265138,2015,8.2
26602234,7.596022569320419,9.399999618530273,8.652083297570549,6.045617341321106,6.713829788755863,9.4,2015,9.4
26602855,6.941692039796284,6.699999809265138,7.076313925933593,7.028190590749731,7.0158899990632575,6.549999872843424,2017,6.7
26602900,7.514074002371894,7.700000047683716,6.55942088057194,7.035806458996189,7.02254902926925,7.720000076293945,2018,7.6
26605028,7.260769169147197,7.5999999046325675,7.563409580262437,6.852380411205009,6.713829788755863,7.5999999046325675,2017,7.6
26605967,6.449012367519331,6.237499952316284,6.468361591888686,7.327827397556533,7.347753761215338,6.300000190734862,2016,6.3
26614200,7.2666666110356655,6.950000047683716,7.176892232416866,7.450000004932798,7.378448272573537,7.174999952316284,2017,7.1
26616708,6.691666801770527,6.800000190734862,6.923327719709097,7.239095297841265,7.452860508592899,6.800000190734862,2016,6.8
26616719,8.169444127215279,7.949999928474426,6.990553535533444,7.512037037737372,7.361059575401398,8.17499977350235,2016,8.4
26628282,7.5235930462420235,7.549999952316284,7.187031819425561,7.028190590749731,7.234180739551937,7.5,2018,7.5
26628380,3.9045455022291695,3.8000000715255737,6.55583894046202,7.0573988585013625,6.838297879442256,3.7000000476837163,2016,3.7
26633257,6.7725534401897685,7.333333333333332,6.774235803506549,6.572808682581482,6.6802370452564075,7.333333333333332,2018,6.9
26639958,6.629881659100258,6.700000081743513,6.771672343768961,6.0959336739388075,6.0171275599419705,6.662500030464597,2017,7.0
26656866,7.052380955503101,7.5,7.176892232416866,7.028190590749731,7.0158899990632575,7.5,2016,7.5
26657439,7.017036943082457,7.199999809265138,6.831005545185232,7.035806458996189,7.02254902926925,7.199999809265138,2017,7.2
26660834,7.555426232028288,7.750000238418579,7.1165863936318825,7.327827397556533,7.347753761215338,7.4000000953674325,2016,7.4
26661194,5.815015063229115,5.5,6.831005545185232,6.146250006556512,6.0171275599419705,5.425000011920929,2016,5.5
26661229,7.339999868869783,7.199999809265138,6.722153774345044,7.286013996684468,7.2647907482769245,7.199999809265138,2016,7.2
26664423,7.194999861717224,7.199999809265138,7.263261991150474,7.028190590749731,7.371267611543898,7.2,2017,7.2
26665875,6.935231352413629,6.4000000953674325,6.809140203673321,7.035806458996189,7.02254902926925,6.799999952316284,2019,6.4
26667056,5.653292929451874,6.6500000953674325,6.546584060657813,6.045617341321106,5.982025817939282,4.800000190734863,2017,4.8
26667083,4.621666717529297,3.7000000476837163,6.7242640276475205,6.045617341321106,5.982025817939282,3.7000000476837163,2016,3.7
26668439,7.662499845027924,7.699999809265138,7.656303262471554,7.028190590749731,7.371267611543898,7.699999809265138,2015,7.7
26670653,6.9000000953674325,8.449999809265138,7.849561936394341,6.045617341321106,5.982025817939282,8.449999809265138,2015,8.5
26677981,5.78308532483994,6.766666571299236,6.572907589051392,6.045617341321106,5.982025817939282,5.300000111262003,2017,4.9
26683290,7.7006256991658075,7.799999952316284,7.06955446818933,7.327827397556533,7.347753761215338,7.799999952316284,2016,8.4
26685413,8.251666776339214,8.5,7.563409580262437,6.045617341321106,5.982025817939282,8.5,2015,8.5
26691317,7.386666699250539,7.4,6.6697632070013295,7.327827397556533,7.347753761215338,7.4000000953674325,2016,7.4
26691500,7.9000000953674325,7.9000000953674325,7.3680438233868335,6.045617341321106,6.713829788755863,7.9000000953674325,2015,7.9
26694988,7.832885098556577,8.760000038146973,7.309599971532223,7.327827397556533,7.347753761215338,8.760000038146973,2016,8.8
26703158,7.748895589781816,7.600000063578287,6.927172909315482,7.028190590749731,7.197169135818398,8.800000190734863,2016,8.8
26704433,6.870590269287704,6.149999976158142,6.555575690965553,7.327827397556533,7.347753761215338,6.5,2016,6.3
26704590,7.133368623960153,6.950000047683716,7.309599971532223,6.146250006556512,6.05222930194466,7.041666706403098,2016,7.9
26704857,7.573333152135214,7.699999809265138,7.320492122330563,7.028190590749731,7.0158899990632575,7.699999809265138,2016,7.7
26707088,7.067240204697565,7.0999999046325675,7.343618553843394,7.028190590749731,7.0158899990632575,7.095714231899808,2018,7.1
26710940,7.4642857142857135,7.5,6.914323363808532,7.028190590749731,7.315384608048659,7.5,2016,7.5
26713504,7.449999994701809,7.75,7.3680438233868335,7.035806458996189,7.02254902926925,7.75,2016,8.3
26715617,5.271666693687439,3.5,6.572907589051392,6.045617341321106,5.982025817939282,3.5,2019,3.5
26715618,6.582860387754648,6.837499976158142,6.555575690965553,7.327827397556533,7.347753761215338,5.474999904632568,2017,5.6
26718828,7.453216133381045,7.333333174387613,7.140600638107577,7.028190590749731,7.0158899990632575,7.53333306312561,2017,8.4
26721478,5.853571244648526,5.9250000317891445,7.037972258846816,7.350754888741492,7.324518253933826,5.8374998569488525,2016,5.7
26724679,7.437666667302449,7.5,6.923327719709097,7.028190590749731,7.0158899990632575,7.5,2017,7.5
26724807,5.53360538482666,5.099999904632568,6.634368917501428,6.5369039660354185,6.685971935821932,5.099999904632568,2017,5.1
26726814,7.073683739296538,7.0,7.103478782281365,7.028190590749731,7.371267611543898,7.0,2017,7.0
26728641,6.8494791835546485,6.9000000953674325,7.343618553843394,7.448076917574957,7.482758620689656,6.9000000953674325,2016,6.9
26732500,7.299999833106995,7.199999809265138,7.392798452473751,7.2899999856948865,7.650000005960464,7.199999809265138,2016,7.2
26740508,8.049999952316284,9.0,6.869230857262244,6.045617341321106,6.713829788755863,9.0,2013,9.0
26741061,6.687008930056814,6.687499940395355,6.763552592707089,7.028190590749731,7.0158899990632575,6.450000007947287,2018,6.0
26746559,8.04944458802541,7.8500001430511475,7.259584328172054,7.450000004932798,7.378448272573537,7.950000127156576,2017,8.3
26751961,7.888617344480795,8.800000190734863,7.1165863936318825,7.327827397556533,7.347753761215338,8.800000190734863,2016,8.8
26752547,5.935580421199358,5.800000190734862,6.77370621741688,6.0959336739388075,6.0171275599419705,5.800000190734862,2019,5.8
26752777,7.982326007588005,8.205555438995361,7.1165863936318825,7.327827397556533,7.347753761215338,8.199999809265138,2016,8.2
26754675,8.300000190734862,8.300000190734862,6.923327719709097,7.286013996684468,7.273333358764647,8.300000190734862,2015,8.3
26755982,7.814999961853028,8.2,7.176892232416866,7.286013996684468,7.274025972787436,8.2,2016,8.2
26756220,7.3837255819171075,7.024999976158142,6.927172909315482,7.465972186790572,7.367054136262999,7.4000000953674325,2019,7.4
26759539,7.186333417362637,6.9000000953674325,6.959844661133758,6.045617341321106,5.982025817939282,7.100000143051148,2017,7.3
26761334,6.4812501291433975,6.800000190734862,7.176892232416866,6.045617341321106,5.982025817939282,6.800000190734862,2016,6.8
26762709,7.072985458985353,7.300000190734862,6.983837388895866,7.178008994153132,7.347753761215338,6.7500001192092896,2016,7.3
26771140,7.142296386913017,6.883333444595338,6.961650911216537,7.028190590749731,7.0158899990632575,6.5666667620340995,2016,6.9
26781703,8.25227239998904,8.399999618530272,6.995843416077598,7.028190590749731,7.371267611543898,8.399999618530272,2017,8.4
26786669,7.341657406717576,6.8666666348775225,7.164617516748363,6.800545109875789,6.466054798431925,7.699999809265138,2019,7.7
26787574,8.038443381781185,8.300000190734862,7.318899977047839,7.028190590749731,6.534059650503958,8.23333352804184,2017,8.6
26793157,7.075694455040826,7.0,6.875620466243648,7.014095295374865,6.9739130683567225,7.0,2017,7.0
26803711,7.1204363732110885,7.049999952316284,7.030171588558872,6.045617341321106,5.982025817939282,7.049999952316284,2017,7.2
26813286,4.80535357020118,3.900000095367432,6.6697632070013295,6.045617341321106,5.982025817939282,3.900000095367432,2018,3.9
26815182,7.215000049273173,7.5,7.176892232416866,6.045617341321106,5.982025817939282,7.5,2016,7.5
26815856,4.54069440861543,4.166666666666667,6.569062399445008,6.045617341321106,5.982025817939282,3.319999957084656,2017,3.3
26815983,6.244999901453654,6.0999999046325675,7.259584328172054,7.028190590749731,6.8140740747805,6.0999999046325675,2016,6.1
26820840,6.5999999046325675,6.5999999046325675,7.176892232416866,6.045617341321106,5.982025817939282,6.5999999046325675,2016,6.6
26821253,7.224999864896137,7.199999809265138,7.176892232416866,7.359396833438367,7.219224131518398,7.199999809265138,2016,7.2
26822230,7.183533238093059,7.524999976158142,7.176892232416866,7.028190590749731,7.0158899990632575,7.524999976158142,2017,7.2
26826398,6.266103423030124,6.283333381017048,6.809140203673321,6.568023402503058,6.0171275599419705,7.1416666110356655,2017,7.1
26833099,7.481249931785794,7.5999999046325675,7.343618553843394,7.028190590749731,7.0158899990632575,7.5999999046325675,2016,7.6
26835829,8.099999904632567,7.7,6.77370621741688,7.028190590749731,7.313894635946269,6.949999809265138,2016,7.7
26842702,7.822222206327652,8.25,6.908101555750207,7.035806458996189,7.02254902926925,7.75,2018,8.0
26847445,7.4591077625952185,7.800000190734862,6.822626912152777,7.327827397556533,7.347753761215338,7.450000047683716,2017,7.5
26858510,8.431954737892722,8.699999809265138,7.037972258846816,7.864095200007434,7.322646792165668,8.544444349077013,2019,8.7
26861685,7.117290830706793,7.314285823277066,6.771097320000898,7.020011632411923,6.0171275599419705,8.250000158945719,2018,8.3
26862829,6.685069401065509,6.787500023841858,7.164617516748363,6.045617341321106,5.982025817939282,7.1,2017,7.6
26869119,6.6333837660876185,6.339999961853027,6.822626912152777,7.327827397556533,7.347753761215338,6.9833331902821865,2017,6.7
26870196,6.810322186729303,6.324999928474426,6.914336089401357,7.327827397556533,7.347753761215338,6.308333277702332,2017,6.1
26871465,5.153571487419191,4.900000095367432,6.822626912152777,6.045617341321106,5.982025817939282,4.900000095367432,2018,4.9
26875265,6.8717261879217055,6.0999999046325675,6.658062201569416,7.035806458996189,7.02254902926925,6.0999999046325675,2018,6.1
26878883,8.104545810005881,8.150000095367433,7.176892232416866,7.299999936421712,7.544429760070827,8.133333524068197,2018,8.1
26887170,6.709111153284709,6.75,6.927172909315482,7.327827397556533,7.347753761215338,6.75,2017,6.8
26888905,8.094444155693054,7.274999856948851,6.6697632070013295,7.286013996684468,7.390786554205216,7.337499856948851,2017,8.4
26897427,6.60008080241637,6.4000000953674325,6.655673511774718,6.045617341321106,5.982025817939282,6.066666682561237,2017,6.4
26900949,6.5713658406802855,5.8999998569488525,6.628565241206622,7.028190590749731,7.0158899990632575,6.290476254054477,2019,6.1
26901393,6.969523888258707,6.4000000953674325,6.739058547278362,7.035806458996189,7.02254902926925,6.4000000953674325,2017,6.4
26907450,5.031743674973787,4.5,7.056035458824457,6.045617341321106,5.982025817939282,6.488889005449084,2017,4.5
26908497,7.003596466984148,6.800000190734862,7.138849348744441,7.028190590749731,7.371267611543898,6.800000190734862,2017,6.8
26914034,9.100000381469727,9.100000381469727,8.652083297570549,7.327827397556533,7.347753761215338,9.1,2016,9.1
26916229,7.2409953890654135,7.3125,6.911626714277183,7.327827397556533,7.347753761215338,7.483333349227905,2017,7.0
26928838,6.7002777602937496,6.199999809265138,7.056035458824457,7.327827397556533,7.347753761215338,6.199999809265138,2018,6.2
26935251,8.117402301217133,7.96666669845581,6.836973893822488,7.327827397556533,7.347753761215338,8.008333365122478,2017,8.7
26935296,6.425362246947876,7.0999999046325675,7.309599971532223,6.0959336739388075,6.0171275599419705,6.868749898672104,2019,7.2
26942631,7.877777851952446,7.9000000953674325,6.923327719709097,7.238133754162344,7.482758620689656,7.9000000953674325,2017,7.9
26952704,7.927393318973521,8.300000190734862,6.916265813999066,7.028190590749731,7.0158899990632575,7.98000020980835,2018,8.5
26959074,6.61130940062659,6.699999809265138,7.309599971532223,6.045617341321106,5.982025817939282,6.699999809265138,2018,6.7
26961821,7.3211111174689405,7.5,6.657640779851639,7.028190590749731,7.274025972787436,7.5,2017,7.5
26962614,7.312500139077503,7.300000190734862,6.822626912152777,7.574074070541947,7.343670878229263,7.300000190734862,2018,7.3
26965189,3.5,3.5,6.546584060657813,7.028190590749731,7.0158899990632575,3.5,2016,3.5
26971054,6.587308061187096,6.300000190734862,7.229048932261231,7.028190590749731,7.193578805303577,6.300000190734862,2019,6.3
26971645,3.8138889471689863,2.900000095367432,6.468361591888686,6.045617341321106,5.982025817939282,2.900000095367432,2019,2.9
26984538,5.016264898612338,4.6499998569488525,6.555575690965553,6.0959336739388075,6.0171275599419705,4.711110962761773,2018,3.6
26995881,4.32555552456114,3.2999999523162837,6.6992868197422455,6.0959336739388075,6.0171275599419705,3.2999999523162837,2018,3.3
26996640,5.984417413036843,5.875,6.8294130853220985,6.0959336739388075,6.05222930194466,5.804166634877522,2018,5.7
26999424,6.562814996356057,6.199999809265138,6.555575690965553,7.18826590731184,6.914982036921879,6.424999833106995,2018,6.2
27002635,8.003502959047601,8.100000381469728,7.176892232416866,7.028190590749731,7.193578805303577,7.916666905085247,2019,8.1
27007975,6.349999845027924,6.199999809265138,6.822626912152777,7.086607126252992,6.838297879442256,6.199999809265138,2017,6.2
27018285,7.6908333963818025,8.300000190734862,6.763871673481018,7.035806458996189,7.02254902926925,8.300000190734862,2018,8.3
27021609,6.619444594559847,6.300000190734862,6.6697632070013295,7.028190590749731,6.49895790850127,6.300000190734862,2018,6.3
27024903,7.88888872994317,8.199999809265138,6.908101555750207,6.77891010047633,6.36388885974884,8.116666475931803,2017,8.2
27025987,7.189603173165095,6.5999999046325675,6.6697632070013295,7.035806458996189,7.02254902926925,6.5999999046325675,2017,6.6
27027913,6.9804977639412975,6.799999872843426,6.4911612311173865,7.028190590749731,7.0158899990632575,7.0999999046325675,2017,7.1
27039378,7.394236183497641,6.833333492279053,6.5573613940130935,7.327827397556533,7.347753761215338,7.300000190734862,2018,7.3
27040109,7.420000092188518,7.4000000953674325,7.376514326745216,7.028190590749731,7.371267611543898,7.4000000953674325,2019,7.4
27042526,5.332820638020833,5.300000190734863,6.569062399445008,6.045617341321106,5.982025817939282,6.200000047683716,2017,5.3
27046372,6.7916849263858445,6.0999999046325675,7.037972258846816,7.028190590749731,7.0158899990632575,6.649999936421713,2017,6.1
27047917,7.544999837875366,7.699999809265138,7.176892232416866,7.086607126252992,7.22732293367345,7.699999809265138,2017,7.7
27050878,7.094995985258191,6.5999999046325675,7.3680438233868335,7.239095297841265,7.267502430315599,6.5999999046325675,2018,6.6
27051028,8.049999713897705,7.899999777475992,6.6697632070013295,7.028190590749731,7.0158899990632575,8.049999713897705,2017,7.7
27052289,6.5699998378753675,6.199999809265138,7.259584328172054,6.045617341321106,6.713829788755863,6.449999809265138,2017,6.7
27054071,7.081547608451237,7.5999999046325675,7.176892232416866,7.035806458996189,7.02254902926925,7.5999999046325675,2017,7.6
27060077,8.310453604197217,7.649999856948851,7.135283617924999,7.254496436952696,7.0158899990632575,8.899999618530273,2018,8.9
27065898,5.248258484841942,3.900000095367432,6.40231931916454,6.045617341321106,5.982025817939282,5.0,2019,3.9
27071217,7.048919762305692,7.0,6.658062201569416,7.028190590749731,7.0158899990632575,7.0,2018,7.0
27072640,8.006960447364492,8.208333253860474,7.1165863936318825,7.327827397556533,7.347753761215338,8.0,2017,8.5
27072988,7.159706811042999,6.824999928474426,6.908101555750207,7.028190590749731,6.914982036921879,7.0249998569488525,2018,7.2
27073079,5.07766659339269,5.099999904632568,6.398015053569027,6.045617341321106,5.982025817939282,5.099999904632568,2019,5.1
27074316,7.0013354609155245,7.0,7.096321050021928,7.028190590749731,6.6332259349092135,7.187499960263572,2019,7.0
27076492,6.056666660308838,6.0,7.563409580262437,7.450000004932798,7.378448272573537,6.0,2017,6.0
27080656,7.614341860295769,8.599999904632567,6.958367483498732,7.327827397556533,7.347753761215338,7.399999936421713,2019,8.3
27087130,6.802107207150687,6.9000000953674325,6.838404224308403,7.1571022937171,7.0158899990632575,6.6500000953674325,2018,6.4
27088750,7.344523931117285,7.300000190734862,6.923327719709097,7.035806458996189,7.02254902926925,7.633333524068195,2019,7.3
27091624,6.920000003278256,6.5,6.55942088057194,7.035806458996189,7.02254902926925,6.5,2018,6.5
27092645,7.504375064373018,7.9000000953674325,7.096321050021928,7.1571022937171,6.99490153370999,7.9000000953674325,2018,7.9
27092725,6.5999999046325675,6.5999999046325675,6.911626714277183,7.924999833106995,7.2565216603486435,6.5999999046325675,2017,6.6
27098888,8.300000190734862,8.300000190734862,7.176892232416866,7.580000032697406,7.542985339533155,8.300000190734862,2017,8.3
27107189,7.547777806388007,7.4000000953674325,7.4374080226157435,7.3705661594035625,7.389067685458556,7.4000000953674325,2017,7.4
27107273,7.126884908666687,8.099999904632567,7.176892232416866,7.035806458996189,7.02254902926925,7.0,2018,7.0
27107624,7.856452929347505,8.399999618530272,7.563409580262437,7.327827397556533,7.347753761215338,7.4874998927116385,2018,8.4
27113517,7.821997661521469,8.399999618530272,6.927172909315482,6.750757011744584,6.713829788755863,8.399999618530272,2017,8.4
27114416,6.102365090856464,6.233333428700764,6.908101555750207,6.146250006556512,6.0171275599419705,5.806666734483508,2019,5.4
27114417,5.186542847663227,4.300000190734863,6.658062201569416,6.045617341321106,5.982025817939282,4.300000190734863,2018,4.3
27119292,7.5999999046325675,7.5999999046325675,8.652083297570549,6.045617341321106,5.982025817939282,7.6,2018,7.6
27123688,7.764285905020577,7.800000190734862,7.176892232416866,7.286013996684468,7.314279806509276,7.800000190734862,2017,7.8
27131969,5.322222153345744,5.099999904632568,6.4199557946098755,6.045617341321106,5.982025817939282,5.099999904632568,2019,5.1
27132510,8.347420946946219,8.600000381469728,7.3680438233868335,7.380250241214269,7.439407373583447,8.550000190734862,2019,8.6
27133050,6.8799998283386214,6.699999809265138,6.625901143142265,7.448076917574957,7.482758620689656,7.472222116258409,2017,6.7
27133303,6.372412190022827,6.800000190734862,6.5948286650091745,6.045617341321106,5.982025817939282,6.800000190734862,2018,6.8
27147737,8.650000095367433,8.100000381469728,7.736489582686201,7.028190590749731,7.0158899990632575,8.100000381469728,2017,8.1
27150283,7.533035621756599,7.199999809265138,6.893260366310539,7.450000004932798,7.378448272573537,7.199999809265138,2019,7.2
27156537,7.207142693655832,7.199999809265138,7.259584328172054,7.286013996684468,7.255555523766412,7.199999809265138,2018,7.2
27157676,8.167392277663527,8.966666539510092,7.53687722776618,7.327827397556533,7.347753761215338,8.966666539510092,2017,8.5
27163278,6.673818003830628,7.0666667620340995,6.655673511774718,6.804932635912528,7.181821880139299,7.331666731834412,2019,6.3
27166148,5.434027701616287,5.099999904632568,6.4911612311173865,7.028190590749731,7.129052552763624,5.099999904632568,2019,5.1
27168189,7.45249992609024,7.5999999046325675,6.826800407605755,7.028190590749731,7.371267611543898,8.450000047683716,2018,7.6
27169438,5.536038839971866,4.699999809265137,6.77370621741688,6.045617341321106,5.982025817939282,4.699999809265137,2019,4.7
27185558,6.0583332379659005,5.75,6.468361591888686,6.045617341321106,6.664889789577309,5.71666653951009,2019,5.7
27185563,8.00334805492715,7.4750001430511475,7.176892232416866,7.327827397556533,7.347753761215338,7.787500262260437,2018,8.1
27188152,6.699999809265138,6.699999809265138,6.221681407067628,7.286013996684468,7.255555523766412,6.699999809265138,2017,6.7
27191829,6.867574263795714,7.1500000953674325,6.569062399445008,6.800545109875789,7.347753761215338,7.0250000953674325,2018,6.9
27197086,7.401229395282072,7.5,7.176892232416866,7.03199852487296,7.02254902926925,7.5,2018,7.5
27199776,7.448571470805577,7.899999856948851,6.6697632070013295,7.286013996684468,7.2647907482769245,7.4000000953674325,2018,7.4
27200988,6.353308334864471,5.9000000953674325,7.031977838641655,6.5369039660354185,6.398049946359889,5.9000000953674325,2018,5.9
27202953,6.257575598630037,5.699999809265138,6.4457223070344805,7.028190590749731,7.0158899990632575,5.699999809265138,2019,5.7
27596261,7.441666656070286,7.199999809265138,6.822626912152777,7.450000004932798,7.378448272573537,7.199999809265138,2018,7.2
27596682,8.246775823074675,9.0,7.015885586075561,7.327827397556533,7.347753761215338,8.433333396911621,2019,9.0
27600925,7.699999968210857,8.399999618530272,7.176892232416866,7.574074070541947,7.343670878229263,8.4,2016,8.4
27604296,5.950613758395248,5.7727272727272725,7.056035458824457,6.146250006556512,6.0171275599419705,5.9000000953674325,2019,5.9
27608785,7.862499727143183,8.399999618530272,7.196523042586536,7.574074070541947,7.343670878229263,8.399999618530272,2018,8.4
27615441,8.355159066972279,8.600000381469728,6.824663341830263,7.028190590749731,6.927093939252758,8.600000381469728,2018,8.6
30122633,6.501041727761427,6.9000000953674325,6.658062201569416,6.045617341321106,5.982025817939282,6.9000000953674325,2018,6.9
30139659,6.761929824818683,6.300000190734862,7.176892232416866,7.028190590749731,7.193578805303577,6.300000190734862,2019,6.3
30140571,7.5035714251654495,7.5,6.923327719709097,7.238133754162344,7.482758620689656,7.5,2018,7.5
30145655,7.039560259823448,6.866666793823242,7.222076784769557,7.028190590749731,7.0158899990632575,6.716666738192242,2018,6.4
30156995,7.233333349227905,8.8,7.559881597540201,7.028190590749731,7.0158899990632575,8.800000190734863,2018,8.8
30170801,7.219999837875366,7.199999809265138,7.222076784769557,7.450000004932798,7.442997704098266,7.318749815225601,2019,7.2
30175306,5.907076896811618,5.682142811162131,6.8294130853220985,6.0959336739388075,6.0171275599419705,5.4041666368643435,2019,5.5
30176393,6.930358052549282,7.699999809265138,6.908101555750207,6.287623475762018,5.982025817939282,7.699999809265138,2019,7.7
30177286,6.046666598320007,5.599999904632568,6.4367306767267385,7.028190590749731,7.279070534174792,5.599999904632568,2019,5.6
30182729,7.4000000953674325,7.4000000953674325,7.713810527812089,7.938461560469407,7.0158899990632575,7.4,2018,7.4
30183061,7.510416746139526,7.4000000953674325,6.6697632070013295,7.574074070541947,7.343670878229263,7.5666667620340995,2018,7.4
30184555,5.642134897084462,6.0999999046325675,7.023425540518261,6.045617341321106,5.982025817939282,6.008333245913187,2019,6.1
30186562,7.099184258737062,6.324999928474426,7.176892232416866,6.988913746461983,7.1063940972573825,6.324999928474426,2019,6.5
30188193,5.071428571428571,6.4000000953674325,6.771672343768961,6.045617341321106,5.982025817939282,5.350000023841859,2018,5.0
30188253,6.70833320689924,6.199999809265138,6.772895710940657,7.450000004932798,7.378448272573537,6.199999809265138,2019,6.2
30192401,7.934110847049289,8.399999618530272,6.989131595081166,7.301132330645839,7.343670878229263,8.399999618530272,2018,8.4
30198715,6.19897011362362,6.960000038146973,6.908101555750207,6.045617341321106,5.982025817939282,6.960000038146973,2019,5.5
30200427,6.880060649929622,7.1500000953674325,7.176892232416866,6.803083732624607,7.1851513952422925,7.1500000953674325,2019,7.3
30204413,7.583333280351425,7.5999999046325675,7.176892232416866,6.771428516932897,5.982025817939282,7.5999999046325675,2019,7.9
30206431,7.9000000953674325,7.9000000953674325,7.318899977047839,6.933333396911621,5.982025817939282,7.9000000953674325,2018,7.9
30207919,6.3281396285673175,5.9000000953674325,6.4911612311173865,7.028190590749731,7.0158899990632575,6.7650000810623165,2019,5.9
30207949,4.7389881036111285,4.0,6.291206898807764,6.045617341321106,5.982025817939282,4.699999988079071,2018,4.5
30208007,5.699999809265138,5.699999809265138,8.652083297570549,6.408522929127001,5.982025817939282,5.699999809265138,2018,5.7
30214085,6.866737559771671,6.4000000953674325,7.563409580262437,7.327827397556533,7.347753761215338,6.862500011920929,2019,6.4
30215029,7.031856059357201,7.283333301544189,6.763871673481018,7.327827397556533,7.347753761215338,6.799999952316284,2019,6.6
30216460,7.241682378077277,7.0,7.222076784769557,7.028190590749731,7.0158899990632575,7.1333333651224775,2019,6.7
30238958,6.819444477558137,7.0,7.176892232416866,7.327827397556533,7.347753761215338,7.0,2018,7.0
30241102,7.297359463638222,8.200000286102295,6.673608396607715,7.327827397556533,7.347753761215338,7.914285864148821,2019,8.1
30243520,7.071466053989423,7.0999999046325675,7.3680438233868335,7.028190590749731,7.0158899990632575,6.700000047683716,2019,7.1
30247400,6.825000047683716,6.300000190734862,7.295487093395567,7.301132330645839,7.307129556761691,6.300000190734862,2018,6.3
30252495,8.001040484434501,7.333333333333332,7.138849348744441,7.350754888741492,6.990007016134005,8.5,2019,8.5
30255138,6.702481115386848,7.0999999046325675,8.652083297570549,6.045617341321106,5.982025817939282,7.1,2018,7.1
30255175,6.312797675057063,5.9000000953674325,6.569062399445008,7.028190590749731,7.0158899990632575,5.9000000953674325,2019,5.9
30257170,7.253571340015958,7.1,6.6697632070013295,7.574074070541947,7.343670878229263,7.1,2019,7.1
30257175,8.029166877269745,7.766666889190674,7.245107503033439,7.389556982599457,7.378448272573537,7.880000019073488,2019,8.6
30272747,6.242499911785126,5.699999809265138,6.677453586214101,7.035806458996189,7.02254902926925,5.7,2018,5.7
30286112,7.509523817471097,7.4000000953674325,6.995843416077598,7.450000004932798,7.378448272573537,7.4000000953674325,2018,7.4
30299040,8.0,8.0,7.156615784536212,6.045617341321106,5.982025817939282,8.0,2019,8.0
30299345,7.558333247900009,7.5999999046325675,6.810484061155855,7.028190590749731,7.0158899990632575,7.549999952316284,2018,7.6
30304560,6.063690551689692,5.9000000953674325,6.9448114200342825,6.888888941870795,7.1329450392680585,5.9000000953674325,2019,5.9
30317275,5.601666649182636,6.7,6.927172909315482,6.045617341321106,5.982025817939282,6.7,2018,6.7
30329892,7.661395036370657,7.699999809265138,7.222076784769557,7.327827397556533,7.347753761215338,7.776666577657063,2019,7.7
30331959,7.945641027156251,8.449999809265138,7.176892232416866,7.03199852487296,7.0158899990632575,8.141666650772095,2019,8.5
30334073,8.151000146865844,8.300000190734862,6.69788108547638,7.238133754162344,7.482758620689656,8.375000158945719,2018,8.3
30334399,5.869999885559082,5.4666666984558105,6.55126664003288,6.146250006556512,6.05222930194466,5.583333253860474,2018,5.7
30334970,6.226388860907818,6.200000047683716,7.176892232416866,6.045617341321106,6.7115973995648845,5.850000023841858,2019,5.5
30337147,6.350000023841858,6.4000000953674325,6.822626912152777,6.0959336739388075,5.982025817939282,6.4000000953674325,2018,6.4
30345226,6.5000000695387525,7.96666669845581,6.892710789429543,7.327827397556533,7.347753761215338,8.25454551523382,2019,7.1
30345709,6.414285625730242,6.0999999046325675,6.799200709541599,6.529629610202931,6.36388885974884,6.374999907281665,2018,6.1
30371819,7.299999916553498,7.5999999046325675,7.176892232416866,6.852380411205009,6.85135937061152,7.5999999046325675,2019,7.6
30376977,6.182775802470715,5.299999952316284,7.176892232416866,6.0959336739388075,6.0171275599419705,6.019999980926514,2019,6.7
30377703,5.792143008887428,5.800000190734862,6.923327719709097,6.045617341321106,5.982025817939282,5.833333492279053,2018,5.8
30379982,7.352976122275503,7.0999999046325675,7.176892232416866,7.327827397556533,7.347753761215338,7.0999999046325675,2019,7.1
30385359,7.7736110885938015,8.199999809265138,7.563409580262437,7.763913603410836,7.347753761215338,8.2,2019,8.2
30391372,7.224509987176634,7.300000190734862,6.771097320000898,7.063265961298576,6.881648975483914,7.300000190734862,2019,7.3
30419673,4.388095276696341,3.900000095367432,6.6697632070013295,6.045617341321106,5.982025817939282,3.9,2019,3.9
30430698,6.6333333651224775,6.5,7.259584328172054,7.286013996684468,7.275381281277193,6.5,2019,6.5
30442415,7.213095315297446,7.1500000953674325,7.176892232416866,7.327827397556533,7.347753761215338,7.1500000953674325,2019,6.8
30451891,8.226923098930946,8.25,7.176892232416866,7.028190590749731,7.371267611543898,7.571428571428571,2018,9.0
30453031,6.562499821186067,6.199999809265138,7.176892232416866,7.028190590749731,7.0158899990632575,6.199999809265138,2019,6.2
30463393,7.499999940395355,7.699999809265138,6.756686784577497,7.327827397556533,7.347753761215338,7.280000019073486,2019,7.7
30476406,7.312784405474675,8.200000286102295,6.923327719709097,7.327827397556533,7.347753761215338,7.914285864148821,2019,8.3
30488016,6.727272683923895,6.5999999046325675,6.6697632070013295,7.028190590749731,7.0158899990632575,6.6,2019,6.6
30488222,5.116666793823242,4.8,6.398015053569027,7.028190590749731,6.8140740747805,4.800000190734863,2019,4.8
33218430,6.010714462825231,5.8,7.176892232416866,7.028190590749731,7.0158899990632575,5.8,2019,5.8
33401841,7.183333337306976,7.200000047683716,7.176892232416866,6.529629610202931,6.36388885974884,7.200000047683716,2019,7.0
33417030,7.872727592786154,8.100000381469728,7.023425540518261,7.500000097833832,7.378448272573537,8.100000381469728,2019,8.1
33417965,7.10833332935969,7.0999999046325675,7.563409580262437,7.450000004932798,7.378448272573537,7.0999999046325675,2019,7.1
33418492,7.0,7.0,7.176892232416866,7.327827397556533,7.0158899990632575,7.0,2019,7.0
33428622,7.569444288147821,7.699999809265138,7.259584328172054,6.146250006556512,6.05222930194466,7.699999809265138,2019,7.7
33436135,6.495396900933887,6.787500023841858,6.822626912152777,6.5369039660354185,5.982025817939282,6.4000000953674325,2019,6.4
33447595,7.213382459388059,6.866666793823242,7.034377211961143,7.028190590749731,7.0158899990632575,6.850000143051148,2019,7.3
34431599,6.5,6.5,7.176892232416866,6.5,7.374737870518267,6.5,2019,6.5
34456087,6.6222221453984575,6.1,6.5948286650091745,7.035806458996189,7.02254902926925,6.1,2019,6.1
34460763,6.000104087342818,5.699999809265138,6.822626912152777,6.045617341321106,5.982025817939282,5.699999809265138,2019,5.7
34777993,7.233333269755045,7.2,8.135714292526245,7.028190590749731,7.0158899990632575,7.2,2019,7.2
34787747,7.9000000804662704,8.450000047683716,6.771672343768961,7.448076917574957,7.482758620689656,8.255555576748318,2019,7.9
34799342,3.899999976158142,3.899999976158142,6.573284237455282,7.028190590749731,7.0158899990632575,4.0,2019,4.0
34805219,7.800000190734862,7.800000190734862,6.613064323228139,7.286013996684468,7.274025972787436,7.800000190734862,2019,7.8
34814907,7.805357266040075,7.800000190734862,7.176892232416866,7.035806458996189,7.02254902926925,7.800000190734862,2019,7.8
34815429,6.89444460471471,6.75,7.176892232416866,7.035806458996189,7.02254902926925,6.75,2019,6.8
34851172,6.715079351077003,7.5,6.572907589051392,6.146250006556512,6.05222930194466,7.5,2019,7.5
34863241,6.0999999046325675,6.1,7.259584328172054,7.273333295186361,7.150000015894573,6.1,2019,6.1
34873104,7.449999809265138,8.399999618530272,6.6697632070013295,7.028190590749731,7.0158899990632575,8.399999618530272,2019,8.4
34886500,6.5999999046325675,6.5999999046325675,6.736659173958876,7.028190590749731,7.371267611543898,6.5999999046325675,2019,6.6
34930756,5.825621345026362,6.2,6.869230857262244,6.045617341321106,5.982025817939282,6.2,2019,6.2
34969130,8.475000222524008,9.1,7.6804667655719765,7.18181692827636,7.02254902926925,9.1,2017,9.1
34969431,8.08000020980835,9.1,9.1,7.028190590749731,7.0158899990632575,9.1,2019,9.1
