movie_id,writer_rate
1298871,8.399999618530273
1389915,8.5
1428055,7.575000047683716
1578714,6.887499998013179
1652592,7.444444497426351
1765014,6.199999809265137
1789492,6.900000095367432
1793929,7.800000071525574
1819388,6.601666641235352
1858711,8.206250152985254
1863766,7.483333428700765
1866471,7.1445710407168255
1866473,7.408795488047667
1866479,7.944999885559082
1889242,7.800000190734863
1889243,8.815000104904176
1904722,5.79583324988683
1905779,6.699999809265137
1907465,7.099999904632568
1907966,8.699999809265137
1925058,6.599999904632568
1927366,6.049999952316284
1929463,8.500000238418579
1945750,7.549999816077096
1949877,5.5
1950330,8.049999952316284
1966182,7.919999959355309
1972729,7.463333272933959
1972732,7.400000095367432
1972738,6.274999976158142
1978709,8.25000031789144
1981645,6.52142858505249
1985677,6.856250077486038
2010972,6.0333333015441895
2024966,7.150000095367432
2028585,7.636110994550918
2028669,7.748124834895134
2028677,7.635714190346854
2033822,7.300000190734863
2049435,7.49083338578542
2051007,8.312499940395355
2063914,6.588095278966994
2081493,6.0
2083735,6.449999809265137
2117898,5.699999809265137
2127789,6.699999809265137
2129132,7.326634016691469
2131291,7.1857142107827325
2131654,6.199999888737996
2131669,6.371666598320007
2131940,7.216666539510092
2132473,7.22066663901011
2133323,8.525000095367432
2133379,7.5
2138838,7.414047628357297
2147836,5.599999904632568
2147872,5.825000047683716
2153526,7.099999904632568
2158222,7.239999914169312
2158490,7.174047646919886
2159331,6.6766665776570635
2174535,7.099999904632568
2209575,7.7399999618530275
2210143,6.301110998789469
2227293,6.500000059604645
2244426,6.375000166893005
2269893,5.900000095367432
2275370,7.900000095367432
2276989,4.083333333333333
2303163,7.800000190734863
2303845,7.300000190734863
2325873,5.866666575272879
2334904,7.691666762034098
2336735,7.3999998569488525
2336783,7.349999904632568
2336785,7.066666762034098
2338070,5.900000095367432
2353023,8.193749884764355
2363876,6.946031767224508
2363919,6.125
2364051,6.375000166893005
2364054,6.2500001192092896
2368641,6.9666666984558105
2567647,8.399999618530273
2973079,7.919999959355309
2974278,7.800000190734863
2974280,6.699999809265137
2977957,7.266666677263047
2994851,5.099999825159709
2996790,7.575000166893005
2997052,7.749999920527141
2997076,7.900000095367432
2997094,7.549999952316284
2997134,6.416666587193807
2998253,7.757142873037428
2998340,6.699999809265137
2998373,7.75
2998376,6.960000038146973
2998456,5.199999809265137
2999913,7.5333333015441895
3001077,6.891666769981384
3001149,8.0
3003836,7.199999809265137
3005387,7.1249998807907104
3006783,7.083333253860474
3008256,6.199999809265137
3011235,8.312499940395355
3011459,7.171428544180734
3011484,7.800000190734863
3012013,7.224999904632568
3012033,5.299999952316284
3012053,7.800000190734863
3012819,6.5
3014200,6.6746032729981435
3014399,6.049999952316284
3014557,7.650000095367432
3023164,7.8625
3024838,7.144444359673394
3025375,7.375980357562794
3025447,6.166666666666666
3026555,6.400000095367432
3026559,7.683333237965902
3026572,7.423333311080933
3036464,7.758333524068196
3036465,7.99999984105428
3036472,6.800000190734863
3036473,7.37500003973643
3036477,8.18749988079071
3036478,7.779166638851166
3041269,7.400000095367432
3041294,6.5249998569488525
3041298,7.900000095367432
3056302,7.2500001192092896
3058964,7.599999904632568
3059389,6.437500178813934
3059403,7.376666517257691
3066739,6.6499998569488525
3068193,6.699999928474426
3068206,7.503333428700765
3071441,7.5499999761581424
3071469,7.099999904632568
3071604,8.100000143051147
3072064,8.100000381469727
3072185,6.611904814129784
3073073,7.149999976158142
3073158,7.375
3073268,7.699999809265137
3073647,6.733333428700766
3074503,6.235714333398001
3074533,6.25
3075287,8.5
3077408,6.3916668097178135
3077412,6.217857207570757
3077742,6.616666793823242
3078384,7.700000047683716
3078390,6.3805555899937945
3078391,5.699999809265137
3078514,7.5
3078549,6.633333312140571
3078609,6.762499928474426
3078753,6.400000095367432
3094909,7.449999809265137
3095514,6.633333206176758
3097525,6.850000023841858
3097572,7.0944445239173035
3101548,7.5
3103186,6.599999904632568
3104794,6.839999866485596
3112738,5.699999809265137
3120852,7.450000047683716
3143676,7.636666647593181
3143727,7.1250001192092896
3148064,6.199999809265137
3148089,7.025000015894572
3154908,6.611904814129784
3155971,5.900000095367432
3156086,7.3500001430511475
3156117,6.199999809265137
3157583,6.09166665871938
3168086,6.5
3168089,7.46888873577118
3168101,6.916666555404663
3170961,6.599999904632568
3178770,7.883333325386047
3179706,7.399999936421712
3179758,6.300000190734863
3182856,5.699999809265137
3205624,7.9624998569488525
3212398,6.100000083446503
3212965,8.25
3213173,6.599999904632568
3217142,6.400000095367432
3217149,6.644000021616618
3217165,7.337500035762787
3217166,7.583333412806192
3217169,8.899999618530273
3217878,6.508333285649618
3225261,6.300000190734863
3227410,7.299999872843425
3230115,6.1249998807907104
3230121,7.0
3230155,5.800000190734863
3231740,6.409523952574958
3231742,7.1760948560596285
3231823,6.900000095367432
3233635,7.199999904632568
3238087,6.174999952316284
3239906,4.5
3256172,5.900000095367432
3259973,7.900000095367432
3262050,6.5
3263814,7.383333524068196
3264229,6.166666507720947
3267120,6.073333263397217
3267195,4.905555460188125
3268171,6.3125
3269019,7.1333333651224775
3269068,7.41666668256124
3274505,7.5377778583102755
3279069,6.599999904632568
3279080,7.028571469443185
3279093,6.21904756909325
3279107,5.971428530556815
3284397,8.0
3287562,7.824444590674506
3287715,7.400000095367432
3289081,6.749999841054281
3289086,6.749999841054281
3318306,6.400000095367432
3319755,9.100000381469727
3321409,7.4624998569488525
3326747,6.133333206176758
3329192,4.864285707473755
3338851,7.606666723887126
3338862,7.020833432674408
3346365,5.699999809265137
3346464,7.549999952316284
3364223,7.900000095367432
3387483,6.675000031789144
3392569,7.75
3395373,8.204444546169706
3402101,6.800000190734863
3412830,6.5857142720903665
3415993,6.665476182528905
3431336,7.255555629730225
3434070,6.674999952316284
3445906,6.15666667620341
3530403,7.744444635179309
3530407,6.900000095367432
3532614,7.433333396911621
3541415,8.580000019073486
3543318,5.9999998807907104
3546019,5.987500011920929
3563200,7.400000095367432
3566266,6.483333508173625
3569910,6.924999952316284
3569911,7.135714224406652
3569943,7.099999904632568
3578925,7.75
3578939,5.5
3578981,5.600000047683716
3582181,7.303333369890849
3592845,6.699999809265137
3592853,7.0
3592854,8.383333683013916
3592859,7.800000190734863
3596502,7.099999904632568
3601176,6.800000190734863
3602084,7.433333396911621
3604148,6.8843750804662704
3606971,6.296428578240531
3606973,6.066666762034099
3606975,5.2874999940395355
3610047,6.724999904632568
3610676,7.450000047683716
3626364,7.516666889190674
3626372,8.086666870117186
3628370,6.52142858505249
3642835,7.099999904632568
3642843,6.902222188313803
3642866,6.668750077486038
3649049,6.849999952316284
3652297,6.5
3652302,6.599999904632568
3654340,6.791666746139526
3660130,6.766666809717814
3660428,7.5758331418037415
3671938,7.599999904632568
3671986,7.450000047683716
3671995,6.725000023841858
3674181,7.900000095367432
3680627,5.7750000556310015
3681613,7.5
3683594,8.199999809265137
3699737,6.283333460489908
3711760,4.614285741533552
3718237,7.5
3718269,6.760714292526245
3718273,7.050000190734863
3718279,7.2166668176651
3718424,7.310714295932225
3718460,8.300000190734863
3718678,6.300000190734863
3718782,7.700000047683716
3731581,7.766666730244954
3731626,7.1000001430511475
3732780,7.599999904632568
3735003,6.099999904632568
3736637,5.933333396911621
3737102,7.316666642824808
3742360,8.150000137942177
3742937,6.839999866485596
3742987,8.199999809265137
3743049,7.699999809265137
3743114,7.900000095367432
3744561,6.5
3749974,6.199999809265137
3750104,8.399999618530273
3754946,6.037500023841858
3768185,7.666666666666667
3769423,7.475000262260437
3771562,6.847499966621399
3775163,7.200000047683716
3775167,6.5
3777800,6.699999809265137
3778238,4.599999904632568
3780045,7.990000033378601
3789848,8.23888874053955
3792799,8.699999809265137
3792816,5.714285612106323
3792848,8.800000190734863
3793783,7.975000023841858
3796613,8.800000190734863
3804629,7.8500001430511475
3804746,5.600000047683716
3804891,7.3628969220888045
3808604,7.725000023841858
3813779,6.425000071525574
3819877,6.399999936421712
3819939,7.799999952316284
3820191,5.416666666666667
3821067,6.623333350817362
3824339,6.099999904632568
3836070,8.100000381469727
3837666,6.037036860430682
3868141,7.333333492279053
3874981,5.7000000278155
3878007,7.429999979337057
3878157,6.933333237965901
3878247,6.349999825159709
3882427,7.735714367457799
3893805,7.280000162124634
3895511,7.166666682561239
3914513,7.800000190734863
3927734,7.320833345254262
3927736,6.987499892711639
3927750,6.549999992052713
3927789,7.158333341280619
3928370,4.083333333333333
3990098,7.162499845027924
3992381,6.900000095367432
3993559,8.100000023841858
3993588,6.846666717529297
3999549,7.300000190734863
4004731,6.960000038146973
4014396,6.195313699479196
4014405,6.3500001430511475
4017146,5.900000095367432
4023433,6.199999809265137
4023638,8.399999618530273
4035906,6.612499833106995
4043647,7.600000063578288
4051753,7.753333218892415
4058933,7.322222391764323
4058963,6.0
4059245,6.449999888737997
4062922,6.312499940395355
4074292,9.100000381469727
4075568,7.300000031789144
4078562,6.333333333333333
4078592,4.900000095367432
4079117,5.949999928474426
4082101,7.0
4082544,4.833333333333333
4086853,7.4750001430511475
4097023,5.39285713718051
4097121,7.633333384990692
4097466,6.933333396911621
4099231,7.950000047683716
4100696,4.864285707473755
4109909,7.800000190734863
4109918,6.799999952316284
4116481,6.8500001430511475
4117274,6.599999904632568
4117302,7.800000190734863
4118060,5.166666666666667
4120583,6.099999904632568
4126925,5.599999904632568
4130238,7.94333336353302
4132407,6.800000031789144
4133814,6.616666714350383
4133988,6.212500019868215
4134631,5.800000011920929
4135434,5.999999856948852
4135710,8.0
4136036,7.0
4151110,6.540000104904175
4154632,5.400000095367432
4154669,5.975000023841858
4160524,7.5
4160540,7.224999904632568
4164444,7.958333651224772
4168733,8.100000381469727
4173583,4.783333367771572
4176542,6.839999961853027
4179012,7.650000135103861
4180445,7.699999809265137
4185834,6.822222338782416
4190211,6.986309559572311
4191644,7.450000047683716
4202204,5.96666685740153
4202302,8.433333502875435
4202982,7.999999695354038
4202983,6.599999904632568
4206357,7.55
4206436,8.033333460489908
4206477,6.839999866485596
4212172,6.487499833106995
4215790,7.650000095367432
4218768,5.75
4221462,7.5250000059604645
4230918,7.7833333015441895
4237863,5.369444436497158
4237879,6.833333190282186
4241887,7.599999904632568
4246125,7.799999952316284
4249355,8.349999904632568
4267948,7.200000047683716
4268598,8.699999809265137
4271894,6.037500083446503
4280770,7.760000133514405
4282653,7.1000001430511475
4284085,7.550000111262003
4286017,7.560000038146972
4290704,7.733333110809326
4290915,7.200000127156575
4291272,7.225000023841858
4291275,7.699999809265137
4301043,7.049999952316284
4301056,6.9666666984558105
4301181,6.883333444595337
4301224,7.166666785875956
4301285,6.900000095367432
4301659,7.650000095367432
4301662,6.240476131439209
4304212,7.400000095367432
4305436,6.743750029802323
4310059,6.140000057220459
4312232,6.613888846503364
4312428,6.50000007947286
4313109,7.400000095367432
4313160,8.0
4319218,7.524999976158142
4319445,6.899999936421712
4320237,7.200000107288361
4323732,5.549999952316284
4326412,6.600000023841858
4328442,5.800000190734863
4328443,8.5
4706257,7.199999904632568
4707230,5.900000095367432
4707596,4.864285707473755
4709671,7.199999809265137
4709904,6.8
4711343,7.549999952316284
4718369,6.800000111262003
4723944,6.455357276258014
4724373,6.7499998807907104
4724739,6.575000071525574
4727460,7.0
4727962,6.599999904632568
4735944,5.266666677263047
4739952,8.399999618530273
4746257,7.744643143245153
4767216,7.641666491826376
4798707,8.600000381469727
4807924,6.8666666348775225
4811807,6.566666841506958
4811813,5.8624999324480696
4812830,7.766666611035665
4816602,6.6833334763844805
4817901,7.150000095367432
4821046,6.4242858273642405
4822848,5.549999952316284
4824512,8.120833277702332
4826409,8.199999809265137
4826419,8.5
4826765,5.199999809265137
4830236,7.014285700661795
4830478,6.600000116560195
4830500,6.800000190734863
4832288,8.760000038146973
4838667,8.0
4840388,5.949999878803888
4843480,8.699999809265137
4843641,4.833333412806193
4844731,5.3500001430511475
4844903,6.900000095367432
4845414,5.599999904632568
4847665,7.933333396911621
4848115,8.899999618530273
4849728,6.5
4858775,7.087499976158142
4861408,7.75
4861627,8.5
4864908,7.199999809265137
4873490,6.024999976158142
4876722,8.399999618530273
4881607,6.229166633552975
4883425,7.050000071525574
4885994,7.699999809265137
4889554,6.799999872843425
4894074,3.699999968210856
4896263,6.571428571428571
4896303,7.497499990463257
4896304,6.036904806182498
4896305,7.049999952316284
4896894,7.5
4901335,5.75
4901684,7.5
4901698,8.199999809265137
4903613,7.449999809265137
4904026,7.5500000317891445
4906427,6.070000171661377
4907844,7.900000095367432
4910200,5.650000095367432
4911596,5.900000095367432
4913185,8.049999952316284
4913200,6.212500019868215
4913222,4.083333333333333
4914468,7.500000132454766
4914656,7.800000190734863
4915122,5.599999904632568
4915854,6.5
4915857,7.620000171661377
4917698,5.971428530556815
4917726,7.604166746139526
4919019,4.824999809265137
4920389,8.574999809265137
4920528,7.0
4922850,3.0999999046325684
4924142,6.650000095367432
4924799,7.466666539510091
4926002,5.299999952316284
4927336,7.400000095367432
4930393,6.599999904632568
4934987,8.199999809265137
4935011,7.623333374659221
4935242,8.600000381469727
4936770,4.99999996026357
4942776,5.8999998569488525
4942778,4.857142882687705
4942779,4.200000047683716
4943938,5.902166748841603
5028328,8.600000381469727
5028536,6.296428578240531
5041518,7.300000190734863
5044737,7.700000127156575
5044739,5.112500011920929
5045678,6.900000095367432
5149279,7.175000071525574
5150245,6.450000047683716
5151357,8.100000381469727
5152333,6.5
5153144,5.900000095367432
5153254,7.399999976158142
5153329,6.936458374063173
5154496,6.099999904632568
5154799,7.566666762034099
5155038,7.199999888737996
5155169,8.5
5156137,5.800000190734863
5156574,8.199999809265137
5157137,7.0
5159993,6.800000190734863
5170652,8.433333396911621
5183361,7.699999809265137
5194471,5.328571319580078
5208150,9.100000381469727
5244092,7.300000190734863
5247058,7.899999936421712
5250341,5.616666634877523
5250583,5.833333174387613
5256418,5.849999904632568
5258017,8.197499843438466
5262338,8.12500007947286
5262339,7.571428571428571
5265135,8.0
5265471,7.8500001430511475
5267375,4.0
5279575,7.625000139077504
5279593,7.599999904632568
5285669,6.024999976158142
5286821,7.799999952316284
5290729,5.399999916553497
5294324,5.529999923706055
5294326,7.5
5294432,6.5
5295610,7.666666825612386
5298995,7.300000190734863
5300054,8.650000095367432
5308199,8.542857238224574
5308265,6.390416616201401
5316733,6.666666666666667
5317291,5.522916680574417
5318665,6.850000047683716
5318669,6.542857136045184
5319835,6.021428448813302
5320233,6.208333412806192
5322596,8.899999618530273
5323683,7.800000190734863
5323881,7.7399999618530275
5323957,7.174999952316284
5323968,6.949999934151059
5324813,4.949999809265137
5326539,7.1750001311302185
5327156,8.100000381469727
5327189,8.800000190734863
5327201,5.699999809265137
5327224,7.800000190734863
5327268,7.916666746139526
5327459,7.840000089009604
5327463,5.851111094156901
5327474,6.799999833106995
5330387,6.699999809265137
5344178,6.349999845027924
5346468,7.699999809265137
5350027,6.605555613835652
5355187,6.074999988079071
5360033,6.849999904632568
5360889,8.400000095367432
5360890,7.337500095367432
5364905,3.0
5364952,7.399999936421712
5364978,6.599999904632568
5366708,5.5
5374152,6.599999904632568
5374383,7.224999904632568
5380919,7.800000190734863
5382887,4.699999809265137
5386987,7.11222234302097
5387021,6.6249998807907104
5403927,8.180000066757202
5407085,7.450000166893005
5422105,6.4242858273642405
5446197,7.400000095367432
5501711,6.800000190734863
5502697,7.599999904632568
5908473,6.899999976158142
5908477,6.075000047683716
5908478,9.0
5910040,7.599999904632568
5912992,8.725000143051147
5919333,6.9666666984558105
5919538,7.699999809265137
5940763,6.900000095367432
5948606,6.856250017881393
5959696,7.275000095367432
5964718,7.899999936421712
5967821,7.429166734218597
5968334,7.5
5968450,4.199999928474426
5972036,7.400000095367432
5975197,4.864285707473755
5977478,7.349999904632568
5977835,7.1600000858306885
5977836,6.868333395322164
5985888,7.500000238418579
5989818,9.1
5993138,4.433333410157098
5993155,7.599999904632568
5993185,7.199999809265137
5996409,7.360000133514404
5996799,5.933333285649617
5996800,6.395238058907645
5996801,6.22380949202038
5997157,7.866666793823242
6001229,6.825000166893005
6006087,8.149999976158142
6007281,6.936458374063173
6010171,8.300000190734863
6011805,6.9666666984558105
6011806,6.819999957084656
6019180,8.600000381469727
6021916,7.5
6021917,6.933333237965901
6030607,7.5
6037517,7.280000019073486
6037977,5.300000190734863
6038071,6.099999904632568
6039412,6.599999904632568
6040982,6.992857172375634
6041191,6.582857250031971
6041199,5.300000190734863
6041200,7.099999904632568
6041221,6.75
6041222,7.0
6053347,7.020833532015483
6053679,7.1333333651224775
6053731,6.0
6057942,7.900000095367432
6060652,6.900000095367432
6061437,5.800000190734863
6068516,4.083333333333333
6070226,7.000000095367431
6078003,7.300000190734863
6080698,8.180000066757202
6080748,3.299999952316284
6080756,7.049999952316284
6080772,5.299999952316284
6080775,7.08968262445359
6080840,8.424999952316284
6082518,6.991650335851059
6083109,6.900000095367432
6097775,7.499999761581421
6101728,7.900000095367432
6110546,7.199999809265137
6110568,6.856250017881393
6118718,7.016666730244954
6121141,6.900000095367432
6123978,7.014285700661795
6124012,5.232698338561588
6126441,6.699999809265137
6126442,6.60833336909612
6128003,7.524999976158142
6128025,5.900000095367432
6129462,8.399999618530273
6147308,3.5999999046325684
6221409,3.8000000715255737
6307447,8.275000095367432
6307506,7.400000095367432
6309377,8.450000047683716
6311303,7.0749998966852825
6313287,5.199999809265137
6313765,9.0
6383498,6.200000047683716
6383536,6.199999809265137
6386345,6.493750045696894
6390823,7.6714286123003275
6390825,7.037892172032711
6390832,6.7399999618530275
6393127,8.100000023841858
6396294,8.06666644414266
6402464,6.768333419164022
6424135,7.599999904632568
6424814,6.434999942779541
6425116,7.220000076293945
6425147,7.266666571299235
6428132,6.400000095367432
6430835,7.266666730244954
6430838,5.400000095367432
6435936,5.900000095367432
6436763,4.099999904632568
6511042,8.199999809265137
6514105,5.599999904632568
6515363,6.024999976158142
6517421,7.246666685740153
6518638,8.899999618530273
6518721,5.650000095367432
6519585,3.5333333174387613
6521506,7.900000095367432
6527269,6.500000047683716
6531219,7.800000190734863
6532822,6.5249998569488525
6533054,6.475000023841858
6534248,8.346428479467118
6536180,8.199999809265137
6537486,8.224999964237213
6537500,7.560000038146972
6538590,6.300000190734863
6538697,6.050000190734863
6538807,6.700000166893005
6538866,7.838889122009277
6539385,7.0333333015441895
6549903,7.850000182787578
6558262,7.150000095367432
6558801,7.216666777928671
6560058,7.419380693527681
6560928,6.699999809265137
6601382,7.1333333651224775
6710798,7.3500001430511475
6714088,5.0
6714930,6.199999809265137
6717575,5.550000023841858
6721670,7.549999952316284
6722879,8.399999618530273
6724955,7.599999904632568
6727307,7.099999904632568
6730004,7.177777793672349
6731985,7.099999904632568
6738735,5.933333396911621
6738760,4.900000095367432
6745433,7.900000095367432
6753166,8.199999809265137
6771529,7.849999904632568
6778650,4.864285707473755
6780857,6.199999809265137
6781967,6.1333333651224775
6781971,6.799999952316284
6782006,5.900000095367432
6786002,8.399999936421713
6788265,5.149999976158142
6788517,6.400000095367432
6791750,8.300000190734863
6796158,5.099999904632568
6799191,6.925000071525574
6803494,8.75
6814906,7.5
6814992,7.800000190734863
6814999,7.900000095367432
6827727,7.4750001430511475
6828823,6.058333317438762
6829665,7.800000190734863
6837235,6.800000190734863
6839145,7.200000047683716
6844861,8.542857238224574
6844868,8.0
6845529,7.599999904632568
6845667,7.915000295639038
6846495,8.75
6846893,7.075000166893005
6850547,8.49642883595966
6860160,8.720000338554382
6864262,7.0
6866928,5.383333245913188
6869395,6.42916676070955
6869412,7.235000038146973
6869414,8.180000066757202
6870362,7.916666905085246
6870493,6.7166665871938065
6872244,7.106250077486038
6872273,6.541666690508525
6872936,7.3083334763844805
6873042,6.856666723887126
6873085,6.549999992052713
6873143,7.4299998919169115
6873657,7.374999761581421
6873736,7.199999809265137
6873905,7.699999809265137
6874137,6.887500047683716
6874140,6.699999809265137
6874403,8.400000095367432
6874441,6.029166758060455
6874456,7.541666762034098
6874741,7.599999904632568
6875263,7.1000001430511475
6875647,7.025000095367432
6875863,7.598809605553037
6878446,6.449999888737997
6879185,8.199999809265137
6880497,7.799999952316284
6886518,7.599999904632568
6886525,7.900000095367432
6887029,7.98000020980835
6889533,7.699999809265137
6890469,6.599999904632568
6890730,6.933333237965901
6890746,4.599999904632568
6895950,7.600000063578288
6900094,5.599999904632568
6902345,4.849999904632568
6902735,7.014285700661795
6905169,7.399999936421712
6946772,4.549999952316284
6957273,4.649999976158142
6957293,6.733333269755046
6959177,7.424999952316284
6960858,7.600000063578288
6970906,7.599999904632568
6973376,6.150000095367432
6973460,5.6000001430511475
6981146,6.4844443798065186
6981153,8.400000143051148
6982558,6.100000023841858
6982609,7.8500001430511475
6984051,7.016666730244954
6984061,4.864285707473755
6984064,4.833333253860474
6985803,8.449999968210856
6985810,9.100000381469727
6985986,8.337499976158142
6989758,6.8666666348775225
6991110,6.387499988079071
7003297,3.5999999046325684
7015798,9.100000381469727
7046723,7.4461905297778905
7051294,6.199999809265137
7051357,8.133333206176758
7051830,7.441666483879089
7051900,6.787500023841858
7052437,5.5
7052636,6.400000095367432
7053723,6.699999968210856
7054604,6.724999904632568
7056414,6.688888814714219
7059671,8.399999618530273
7062227,6.400000095367432
7062596,6.800000190734863
7064681,7.650000095367432
7065120,8.100000381469727
7065154,7.7166668176651
7065161,7.099999904632568
7065211,7.600000190734863
7065238,7.212499904632568
7065334,8.100000381469727
7065417,7.283333354526095
7152895,7.900000095367432
7152908,7.450000166893005
7154408,6.849999904632568
7155005,7.549999952316284
7155083,6.6499998569488525
7161698,6.75
7175256,6.349999845027924
7564989,7.220000076293945
7916027,7.019999837875366
10001432,8.0
10047547,6.475000023841858
10342838,6.0
10344754,6.541666690508525
10355329,8.300000190734863
10355625,7.900000095367432
10430817,7.300000190734863
10432181,6.699999809265137
10432911,7.6499998569488525
10437779,7.720000076293945
10438426,7.349999984105428
10438585,7.5
10439235,6.8500001430511475
10439358,6.59166661898295
10439805,5.825000166893005
10440076,5.850000063578288
10440138,7.165999959309896
10442182,6.699999809265137
10446625,6.5
10450409,8.100000023841858
10450713,6.800000190734863
10453730,4.900000095367432
10453731,7.699999809265137
10456963,6.024999976158142
10459051,7.650000095367432
10460153,6.599999904632568
10460270,5.4750001430511475
10461368,5.725000023841858
10463953,8.699999809265137
10466836,5.875
10467125,8.390000247955323
10467774,8.399999618530273
10468424,6.800000111262004
10480973,7.580000114440918
10484041,8.266666769981384
10484601,7.049999952316284
10485481,6.233333269755046
10485526,7.1150001049041744
10485647,7.346110971768698
10487226,6.825000047683716
10487568,6.233333269755046
10491649,7.300000190734863
10508874,5.900000095367432
10508876,7.5
10508878,6.400000095367432
10508901,5.088888989554511
10512661,7.816666841506958
10521670,6.856250017881393
10521893,7.800000190734863
10526498,5.900000095367432
10527288,4.900000095367432
10533913,8.365740640075119
10535562,7.849999904632568
10535568,8.399999618530273
10537853,8.100000143051147
10539139,4.033333328035142
10540066,5.29404757420222
10543906,8.250000238418579
10545939,6.900000095367432
10546007,6.699999968210856
10546436,7.3821428673607965
10546747,7.561111132303874
10548265,7.492000155448913
10549223,4.72222211625841
10549480,7.439999961853028
10558252,6.25
10558447,8.0
10562987,6.699999809265137
10563779,7.049999952316284
10564052,5.799999952316284
10567506,5.099999904632568
10568385,7.6400000095367435
10569133,3.450000047683716
10569151,9.100000381469727
10571509,8.760000038146973
10573695,6.542857136045184
10574468,6.960000038146973
10574622,6.14888883166843
10576419,7.524999976158142
10577869,8.46666685740153
10581908,6.5
10586620,7.400000095367432
10590080,7.400000095367432
10594965,7.900000095367432
10598440,7.355555481380886
10600271,6.043749913573265
10604087,5.75
10604486,4.614285741533552
10604892,5.4709655459280375
10604893,5.4709655459280375
10605978,5.925000071525574
10606003,6.936458374063173
10608242,7.837500035762787
10617158,8.050000190734863
10617168,5.263888849152459
10726941,6.4242858273642405
10727641,7.256746188042656
10733376,8.199999809265137
10733558,6.849999904632568
10735399,7.149999976158142
10741220,7.825000047683716
10741643,8.399999618530273
10741834,7.313856224608577
10741871,9.300000190734863
10743974,6.400000095367432
10745208,7.675000071525574
10745399,7.599999904632568
10745405,7.42083340883255
10746175,6.975000023841858
10746430,8.199999809265137
10747855,6.400000095367432
10748092,6.900000095367432
10748492,5.300000190734863
10749958,7.450000047683716
10754780,8.100000381469727
10755367,8.899999618530273
10755697,5.519999933242798
10756499,5.75
10756517,7.199999928474426
10756537,8.275000095367432
10756728,3.200000047683716
10757577,8.399999618530273
10757580,7.699999809265137
10759740,5.5
10759926,5.5
10760030,8.199999809265137
10762817,8.199999809265137
10763157,5.847222129503886
10763164,6.161904772122702
10763928,7.159999966621399
10764850,6.300000190734863
10765742,7.899999936421712
10766459,6.973809401194255
10772258,8.5
10773239,8.300000190734863
10774184,7.409999942779541
10774666,6.599999904632568
10774980,5.675000190734863
10777687,8.341666460037231
10777780,8.0
10788846,5.5
10791575,6.114999969800313
10792320,6.455555624432034
10792322,7.1000001430511475
10792650,7.4750001430511475
10793610,6.637500011920929
10794042,5.999999910593033
10796578,7.349999984105428
10806395,7.650000095367432
10807909,7.122618930680411
10807916,4.649999988079071
10808442,8.535000133514405
10810745,7.0
10827341,7.366666793823242
10829828,8.199999809265137
10831445,8.199999809265137
10831449,4.833333412806193
10833923,6.024999976158142
10833924,6.699999809265137
10833971,6.400000095367432
10851241,6.900000095367432
10864706,7.150000095367432
10864754,7.6166666348775225
10877413,6.799999952316284
11026735,8.405555407206217
11443314,7.733333269755045
11443316,7.599999904632568
11443807,7.9535713990529375
11443810,8.087499976158142
11499033,7.300000031789144
11500954,8.600000381469727
11501396,7.699999809265137
11502154,8.399999618530273
11502912,6.300000190734863
11502973,6.840476195017497
11503382,5.949999928474426
11505245,6.400000095367432
11510624,5.449999928474426
11520649,8.300000190734863
11523504,7.099999904632568
11524967,7.666666706403096
11525673,8.766666412353516
11526817,6.083333333333333
11527491,7.300000190734863
11529526,6.527777698304917
11534824,7.109999895095825
11540651,7.300000190734863
11541282,6.0000001192092896
11577177,6.962499976158142
11580479,6.929166654745738
11584016,6.9666666984558105
11584019,8.800000190734863
11584024,7.450000047683716
11584309,7.497499990463257
11589036,7.199999904632568
11598669,7.666666825612386
11598977,6.094444455040826
11599168,6.666666666666667
11600078,8.199999809265137
11601131,6.714285782405309
11606328,7.919999959355309
11610281,6.632142946833656
11610693,3.299999952316284
11611021,7.599999904632568
11611136,7.333333333333333
11614603,5.299999833106995
11615927,9.300000190734863
11620560,6.987619136628652
11624706,7.474999904632568
11625097,4.864285707473755
11625312,5.366666793823242
11625731,5.099999904632568
11627068,8.0
11632599,5.0
11776289,7.133333206176758
11803087,7.307142904826573
11810348,7.659999895095825
16475702,5.200000047683716
19899663,6.5
19899707,8.120833277702332
19899718,6.794444561004639
19944106,6.069583290815354
19955789,8.200000286102295
19955828,8.033333619435629
19955955,8.600000381469727
19957083,6.8666666348775225
19961072,7.185000085830689
19962575,3.5
19967839,5.57999989191691
19971676,5.699999968210856
19973312,7.916666905085246
19973780,8.399999618530273
19973815,6.720000147819519
19975328,7.400000095367432
19976774,7.5
20020577,7.725000023841858
20254219,6.007500028610229
20256636,8.5
20257326,6.969999885559082
20266428,7.712500095367432
20266598,8.0
20266753,5.971428530556815
20274039,6.7114583899577465
20276520,7.199999809265137
20277433,6.900000095367432
20277632,6.296428578240531
20278505,7.566666762034099
20278801,5.824999928474426
20283482,7.800000190734863
20326665,7.139999997615814
20376577,4.8166667222976685
20378794,6.133333444595337
20378811,5.199999809265137
20388198,5.649999976158142
20388223,7.212222295337253
20388224,7.371111075083415
20418685,6.300000031789144
20426995,7.300000071525574
20435622,5.764000002543131
20436812,7.5
20438548,7.933333608839248
20438962,7.987500011920929
20438964,8.396666717529296
20440456,7.199999809265137
20443013,7.061111052831014
20444530,6.0
20451290,6.751785738127572
20451307,7.6000001430511475
20452308,5.410714169343312
20470074,7.799999952316284
20470260,7.75
20471829,5.400000095367432
20471852,6.5249998569488525
20472857,4.895833174387614
20490940,7.599999904632568
20491393,8.542857238224574
20494548,7.300000190734863
20495023,8.8208336631457
20497559,4.199999809265137
20497905,7.400000095367432
20501030,6.650000135103861
20505982,6.827777730094062
20513059,4.831666721900304
20513060,3.299999952316284
20513061,4.914285659790039
20514871,7.166666507720947
20514902,7.306666670905219
20514947,7.599999904632568
20515018,3.450000047683716
20515070,7.333333333333333
20515071,6.493750045696894
20515977,6.868333395322164
20521014,7.774999976158142
20645098,8.21666685740153
21263666,7.699999809265137
21264218,6.0
21264315,6.699999809265137
21318488,8.699999809265137
21319204,5.333333333333333
21319853,7.700000047683716
21320278,7.099999904632568
21324900,7.300000071525574
21327493,7.4777777724795875
21327494,6.199999809265137
21327512,5.425000190734863
21327518,4.300000190734863
21328095,6.424999952316284
21332518,7.914285864148821
21332535,7.400000095367432
21334420,6.8666666348775225
21339392,7.800000190734863
21340202,6.400000095367432
21345845,7.75
21349048,6.099999904632568
21349345,6.371666709582011
21349734,6.899999809265137
21350556,5.771428598676409
21350559,7.883333524068196
21350962,6.483333349227905
21352814,6.850000011920929
21354767,7.559999990463257
21355933,6.209999942779541
21356379,8.800000190734863
21357362,5.6333333651224775
21359619,6.39555558098687
21359690,7.600000063578288
21360417,8.800000190734863
21372183,3.200000047683716
21441132,7.066666762034098
21765841,6.222222222222222
21766698,6.599999904632568
21770915,8.166666666666666
21815004,7.949999928474426
21817627,7.5716667493184415
21871405,7.449999809265137
21937438,8.199999809265137
21937445,8.474999904632568
21937449,6.800000190734863
21937450,8.5
21937452,8.96666685740153
21941106,5.900000095367432
21941770,5.266666618982951
21941804,7.450000047683716
21943062,5.199999809265137
21977761,6.800000190734863
22203896,6.233333269755046
22263645,7.725000023841858
22265299,7.687500178813934
22265634,7.179999987284342
22265687,6.84200001557668
22266012,5.899999976158142
22266126,7.199999809265137
22266320,7.212499976158142
22266898,5.699999809265137
22276795,6.900000095367432
22518875,6.300000190734863
22557335,4.864285707473755
22604659,6.599999904632568
22637441,7.400000095367432
22715021,7.388888888888889
22733673,7.4283333619435625
22759660,6.038888931274414
22759752,6.259523709615071
22939161,7.17277782758077
22994672,7.199999809265137
23010202,7.014285700661795
23011206,6.833333333333333
23025359,6.862500071525574
23043659,7.5
23126901,5.066666603088379
23163938,6.062500099341074
23331914,7.25
23398777,6.183333317438762
23424586,6.900000061307635
23761370,7.560000038146972
23767433,6.099999904632568
23774869,6.383333444595337
23788440,7.183333317438762
24284209,8.0
24284844,7.300000071525574
24298212,7.4020832280317945
24298333,6.099999904632568
24307625,7.191666603088379
24307637,6.6499998569488525
24325493,5.800000190734863
24325798,7.400000095367432
24325815,6.5
24325861,7.700000047683716
24325923,8.199999809265137
24372055,6.199999809265137
24389792,6.8500001430511475
24397586,7.777777565850151
24404677,6.52142858505249
24405378,7.578333202997843
24470523,7.524999976158142
24522026,6.900000095367432
24522915,5.824999928474426
24523680,7.149999916553497
24529254,6.825000047683716
24529353,5.8749998807907104
24530628,4.5
24695277,6.190277808242374
24695966,7.199999809265137
24698878,7.699999809265137
24702267,6.5
24713882,6.733333269755046
24716033,6.450000047683716
24716039,6.699999809265137
24716045,7.225000023841858
24718797,6.135714301041194
24719063,7.612499952316284
24721493,4.8166667222976685
24722875,7.299999892711639
24723061,8.133333206176758
24735062,7.125000059604645
24736299,5.599999904632568
24736526,6.687500059604645
24736566,6.3999998569488525
24741412,8.233333667119345
24743709,4.300000190734863
24743711,6.846428496497018
24743712,5.199999928474426
24743728,4.800000190734863
24745500,6.7499998807907104
24746974,6.400000095367432
24750126,8.800000190734863
24750460,5.800000190734863
24750534,7.264285769727494
24751754,5.7749999284744264
24751756,6.819999957084656
24751757,4.299999952316284
24751763,7.699999809265137
24751765,5.5
24751811,9.699999809265137
24753477,7.40122552245271
24753685,8.399999618530273
24753687,6.1555555661519366
24753810,6.4625000059604645
24753811,7.008095229239691
24756472,6.800000190734863
24756658,6.900000095367432
24758396,5.325000166893005
24773958,7.714047699882871
24815502,7.599999904632568
24815950,8.425000190734863
24827387,4.800000190734863
24827406,5.908333500226339
24839091,6.900000095367432
24839498,7.099999904632568
24842277,7.400000095367432
24843198,5.533333381017049
24844958,8.100000381469727
24845115,7.600000023841858
24847340,4.8166667222976685
24847343,4.8166667222976685
24851526,5.599999904632568
24852545,3.200000047683716
24854896,7.199999809265137
24859034,4.300000190734863
24859558,7.497499990463257
24860289,8.349999690055848
24860318,6.724999904632568
24860563,7.620000112056732
24869803,8.399999618530273
24872023,5.400000095367432
24873473,4.599999904632568
24874401,7.7399999618530275
24875409,7.259523783411299
24875534,7.483333031336467
24875658,6.0
24877502,6.699999809265137
24879820,7.812500059604645
24879839,6.390000041325887
24879858,5.149999976158142
24882562,9.100000381469727
24883815,6.7499998807907104
24885205,7.666666825612386
24888079,4.833333333333333
24891524,8.399999618530273
24910035,6.774999924500783
24987018,6.933333237965901
25300674,5.142857074737549
25444447,5.933333396911621
25662327,7.199999809265137
25662329,8.549999935286385
25662337,7.047500026226044
25662591,5.5
25697098,7.900000095367432
25700838,6.5
25703626,9.099999904632568
25704492,6.616666714350382
25704588,7.0
25705507,8.399999618530273
25706773,7.699999809265137
25706778,4.199999928474426
25709273,5.733333269755046
25710912,6.013142791021439
25711544,8.180000114440919
25713336,5.900000095367432
25713408,5.479166766007741
25713420,4.575000166893005
25715111,3.399999976158142
25716096,7.224999904632568
25717233,6.628174566087268
25717817,7.300000190734863
25717896,7.599999904632568
25718082,7.066666603088379
25723583,7.0
25723907,5.649999976158142
25724855,8.800000190734863
25725759,6.666666666666667
25726614,8.024999976158142
25727048,7.753333377838135
25727544,4.300000190734863
25728008,7.150000095367432
25728010,7.599999904632568
25728590,5.033333162466685
25728612,7.800000190734863
25731554,7.400000095367432
25736048,9.183333396911621
25736564,7.5
25738406,8.300000190734863
25739362,8.100000381469727
25742242,6.099999904632568
25742299,5.991666678587595
25745752,5.199999968210856
25746375,6.2
25746519,4.400000095367432
25747028,7.233333269755046
25747204,5.791666547457377
25750969,7.450000047683716
25752261,6.700000047683716
25753166,7.0
25753326,7.347222222222221
25755599,8.100000381469727
25755608,7.949999928474426
25755645,6.349999845027924
25757061,7.0
25757186,6.4875001311302185
25757187,7.900000095367432
25757716,5.649999976158142
25760247,6.925000011920929
25761178,8.300000190734863
25762566,7.800000190734863
25763555,6.0
25765735,7.700000127156575
25766529,7.6333333651224775
25766754,8.199999809265137
25767503,7.699999809265137
25767747,7.619999837875366
25769362,7.401666688919067
25770733,5.599999904632568
25772639,6.599999984105429
25773294,6.99999992052714
25773361,7.0
25773932,7.99999984105428
25774050,7.557142955916269
25774051,7.532539753686815
25775571,6.0333333015441895
25777330,5.140000054240227
25777636,7.4750001430511475
25777784,7.399999976158142
25777785,7.014285700661795
25778483,6.274999976158142
25778488,4.199999809265137
25779217,4.400000095367432
25779218,4.9888888465033645
25780578,7.599999904632568
25782633,6.936458374063173
25785124,7.049999952316284
25785314,5.25
25785807,7.099999904632568
25785884,6.599999904632568
25786060,7.306249886751175
25786077,6.900000015894572
25787888,8.275000095367432
25788052,6.800000190734863
25788426,6.900000095367432
25788954,6.974999964237213
25789352,5.75
25789402,6.287500023841858
25790555,7.712500174840292
25790749,8.200000286102295
25790761,7.458333492279053
25792608,7.0
25792690,5.887500047683716
25793398,7.591666638851166
25794212,6.287142835344587
25794230,8.024999976158142
25794302,6.087500035762787
25796222,8.180000066757202
25797778,7.137500047683716
25798131,7.699999968210856
25798222,7.349999904632568
25798411,8.266249841451645
25798448,5.971428530556815
25798808,3.5999999046325684
25799475,7.166666706403097
25801066,5.861904721411448
25804790,8.197499843438466
25805051,8.699999809265137
25805054,6.900000095367432
25805741,6.933333396911621
25806698,5.539999866485596
25807345,8.350000023841858
25808075,7.336952442895798
25809101,7.1333333651224775
25809260,6.349999904632568
25809384,7.0333333015441895
25811357,6.437500059604645
25812513,8.100000381469727
25812712,7.620000171661377
25812885,6.450000047683716
25813411,7.099999904632568
25814705,8.616666634877522
25814707,8.616666634877522
25815008,8.0
25815034,7.680666707356771
25816274,6.599999904632568
25817534,7.900000095367432
25817712,8.0
25818101,6.543750047683716
25818615,7.025000095367432
25819229,7.599999904632568
25819726,6.400000095367432
25820460,7.614047676041013
25821124,7.1000001430511475
25821498,7.375
25821634,7.363594836191414
25821673,7.916666666666667
25822430,8.399999618530273
25823132,7.799999952316284
25823277,4.293333307902019
25823469,6.650000095367432
25823833,6.075000047683716
25823840,7.399999936421712
25824686,5.6224999785423275
25824741,5.433333396911621
25825320,7.750793642467922
25825412,5.699999809265137
25826239,6.199999809265137
25827129,6.699999809265137
25827399,5.400000095367432
25827741,5.099999904632568
25827935,7.7791666984558105
25827963,5.766666634877523
25829175,5.7999999046325685
25831308,4.800000190734863
25831326,5.099999904632568
25833230,6.786111116409302
25833233,7.244444396760728
25834333,6.5
25834473,5.522222254011367
25834735,7.900000095367432
25835285,8.0
25835293,6.699999809265137
25836152,8.050000071525574
25837175,5.186805524759823
25837230,5.599999904632568
25837262,8.5
25837721,6.400000095367432
25838463,6.199999809265137
25839662,7.800000190734863
25840396,7.099999904632568
25841341,3.799999952316284
25842038,7.766666571299234
25843022,7.699999809265137
25843976,4.800000190734863
25845294,6.296428578240531
25845397,8.399999618530273
25845586,5.300000190734863
25845910,7.049999952316284
25846857,7.46041680375735
25847558,6.25
25849006,5.164999997615814
25849049,7.150000095367432
25849475,4.616666595141093
25849480,7.289285625730242
25850122,4.071428601703946
25850442,7.150000095367432
25850443,7.4624998569488525
25851628,6.611110952165391
25853727,5.993333435058594
25855071,8.400000095367432
25855951,8.158333023389181
25856435,7.699999809265137
25856453,4.831666721900304
25856480,5.744444423251682
25857966,4.338095120021275
25858604,8.399999618530273
25858758,5.358666559855143
25858759,5.153571469443185
25858785,4.864285707473755
25859495,8.399999618530273
25859593,5.199999809265137
25861610,7.524999916553497
25862354,7.900000095367432
25862355,7.833333492279053
25863940,7.519999980926514
25864085,8.166666666666666
25864124,7.32708340883255
25864719,6.900000095367432
25866686,5.680833454926809
25867546,7.349999904632568
25870084,7.44880953856877
25870236,7.900000095367432
25870483,6.400000095367432
25872311,7.300000190734863
25872931,5.524999896685283
25875021,7.275000095367432
25876760,6.450000166893005
25880244,5.674999952316284
25880937,8.300000190734863
25880986,7.699999809265137
25881067,8.199999809265137
25881247,7.524999976158142
25881535,6.850000023841858
25881611,3.5
25881615,5.912222205268012
25881780,5.800000190734863
25881781,5.780000042915344
25881786,5.333333245913188
25881888,7.524999976158142
25882279,7.387500047683716
25882296,6.22380949202038
25882861,8.399999618530273
25884416,8.5
25884712,6.599999904632568
25884801,6.846428496497018
25885962,5.900000095367432
25887265,7.400000095367432
25887288,7.439999779065451
25887846,7.5
25889465,6.1250001192092896
25890005,7.666666666666667
25890017,6.577777862548828
25890078,7.300000190734863
25890079,6.800000190734863
25890082,6.900000095367432
25892252,8.333333611488342
25894431,6.82866678237915
25894468,7.060000109672546
25894885,8.399999618530273
25895257,6.5
25895276,6.200000047683716
25895901,8.780000114440918
25898213,7.2700001239776615
25899379,7.2499998807907104
25899616,3.9000000953674316
25900819,7.462499916553497
25900851,7.6000001430511475
25900945,7.060416628917058
25900947,6.9700000286102295
25902304,7.800000190734863
25905124,7.849999904632568
25905649,6.599999904632568
25905892,7.5
25907029,7.3749998807907104
25907088,5.7999999046325685
25908042,4.5
25908051,8.020000267028808
25908065,5.400000095367432
25908302,4.1099999904632565
25909566,7.199999809265137
25911595,5.099999904632568
25911694,5.375
25917239,7.599999904632568
25917295,7.300000190734863
25917789,5.350000023841858
25917896,4.099999904632568
25917964,7.266666571299235
25917973,8.233333269755045
25918677,6.619999980926513
25919910,7.220000076293945
25919961,7.3999998569488525
25920885,8.197499843438466
25921812,7.8500001430511475
25921830,6.300000190734863
25924056,6.724999904632568
25925764,6.699999809265137
25926267,7.699999809265137
25928048,7.497499990463257
25928069,3.5999999046325684
25928763,6.849999904632568
25929151,7.711666742960612
25931246,6.8666666348775225
25932065,6.4937501053015385
25932086,8.199999809265137
25933890,7.3799999237060545
25934014,7.99999984105428
25934349,7.5
25934361,6.400000095367432
25934367,7.199999809265137
25936147,7.599999904632568
25937854,7.9000001483493385
25937856,6.400000095367432
25937991,7.699999888737997
25938803,9.100000381469727
25944282,7.254999995231628
25944714,6.5
25944886,7.558750033378601
25945280,5.5
25945350,6.599999904632568
25945356,4.5416666467984514
25945367,3.4000000953674316
25951736,5.25
25954475,7.508333345254263
25955412,7.799999952316284
25955491,7.325000166893005
25955779,7.100000063578288
25956520,6.3805555899937945
25957232,7.399999936421712
25957570,8.100000381469727
25958704,7.900000095367432
25958717,9.199999809265137
25958787,7.858333508173625
25958867,5.5
25962735,4.699999809265137
25964071,7.1499998569488525
25964104,7.899999936421712
25964630,7.950000286102295
25965924,7.916666905085246
25965950,7.099999904632568
25966085,7.5333333015441895
25969201,7.799999872843424
25969461,7.200000047683716
25972494,5.408333460489908
25975249,7.450000047683716
25977027,8.016666809717814
25977029,7.800000190734863
25977198,7.799999733765921
25978320,7.199999809265137
25980210,6.599999904632568
25980265,6.5
25980443,8.600000381469727
25981077,5.300000190734863
25983044,8.399999618530273
25984803,7.450000206629435
25986180,7.099999904632568
25986662,6.3400000413258875
25995508,5.993333419164022
26000205,7.099999904632568
26004132,5.993333419164022
26005643,7.3749998807907104
26011893,6.400000095367432
26020796,7.360000133514404
26020814,7.914285864148821
26021055,4.587500095367432
26022182,7.699999809265137
26035290,5.509999926884968
26050200,4.400000095367432
26051523,7.699999809265137
26061679,8.166666560702854
26061902,6.300000190734863
26087473,7.328124985098839
26088326,6.900000095367432
26088403,7.5
26094129,6.7114583899577465
26100958,7.628885225461644
26101255,6.0333333015441895
26106958,7.0
26108385,6.8500001430511475
26125779,6.061111145549351
26140241,6.200000107288361
26145033,7.319709005179228
26147417,8.024999976158142
26147706,6.900000095367432
26147991,8.300000190734863
26163480,7.650000095367432
26163541,4.699999809265137
26163644,5.300000190734863
26169607,7.200000047683716
26177147,7.800000190734863
26182910,5.849999904632568
26184109,8.100000381469727
26184352,7.599999904632568
26199888,5.599999904632568
26213252,7.016666746139526
26215216,8.199999809265137
26219652,6.524999976158142
26219893,5.816666762034098
26220650,7.1250001192092896
26220717,7.7250001430511475
26220722,3.9000000953674316
26220725,4.914285659790039
26220731,7.600000063578288
26220759,7.720000076293945
26235257,8.699999809265137
26235346,6.140000057220459
26235349,6.3502778146002035
26235839,7.599999904632568
26236632,9.399999618530273
26242647,8.100000381469727
26245039,7.099999904632568
26245360,8.399999618530273
26253733,6.400000095367432
26257313,8.212499797344208
26258872,8.110000324249267
26259202,6.900000095367432
26259634,4.074999988079071
26259644,7.299999952316284
26259677,8.049999872843424
26260853,7.560000038146972
26261086,5.900000095367432
26263437,5.975000095367432
26263443,6.0723808583759125
26263919,4.405555605888367
26264454,7.490000128746033
26266072,7.5
26266085,8.050000190734863
26266893,7.522222306993273
26266919,5.700000047683716
26269510,6.199999809265137
26270502,6.8999998569488525
26271094,5.799999952316284
26273481,8.542857238224574
26274810,6.800000190734863
26274910,3.4000000953674316
26274988,3.799999952316284
26275494,7.8500001430511475
26276362,7.150000095367432
26276364,7.049999952316284
26276385,7.699999809265137
26277156,4.737500011920929
26277182,7.699999809265137
26277313,8.300000190734863
26277361,7.387669185588234
26278747,6.9880951602442725
26279120,3.700000047683716
26279128,6.5
26279166,4.800000190734863
26279202,5.300000190734863
26279353,7.699999809265137
26279449,3.399999976158142
26280528,4.700000047683716
26280709,7.400000095367432
26280710,7.6333333651224775
26281899,6.599999904632568
26282448,7.875000178813934
26282453,7.099999904632568
26284595,4.083333333333333
26284621,7.300000111262004
26284955,7.360000133514404
26284956,5.994444502724542
26285777,5.32222220632765
26287114,9.300000190734863
26287884,7.266666730244955
26289126,6.0
26289138,3.700000047683716
26289144,7.025000095367432
26290365,5.149999976158142
26290367,6.649999936421712
26290642,4.8500001430511475
26291909,8.183333555857342
26295857,7.227777666515774
26297388,7.349999984105428
26298220,7.300000190734863
26299416,8.433333396911621
26301582,4.350000023841858
26301742,6.99999992052714
26303622,7.883333285649617
26304201,6.283333373069763
26304217,6.400000095367432
26304310,7.400000095367432
26304901,8.5
26306606,7.400000095367432
26306652,7.5
26306939,7.400000095367432
26307755,8.5
26307785,7.014285700661795
26309618,7.924999892711639
26309788,6.818333335717519
26309968,4.831666721900304
26309969,4.488888793521458
26311973,7.299999892711639
26311974,2.799999952316284
26312853,8.433333396911621
26313740,6.674999952316284
26313973,6.217500114440918
26314816,6.900000095367432
26315270,6.050000150998433
26315728,7.199999809265137
26316956,4.614285741533552
26317786,6.800000190734863
26318596,7.549999952316284
26320029,5.599999904632568
26322637,7.399999936421712
26322792,7.0924999713897705
26322801,7.0
26322809,5.300000190734863
26322928,7.5
26322972,5.671428598676409
26323031,5.5
26325320,8.699999809265137
26326395,6.357142754963466
26326703,7.300000190734863
26328483,7.400000095367432
26329059,7.400000095367432
26329796,7.3500001430511475
26330955,6.7377777311537
26331700,3.0416666070620217
26331839,5.300000190734863
26333560,7.699999968210856
26334234,7.699999809265137
26334559,4.864285707473755
26334996,8.300000190734863
26336252,7.447619222459339
26336253,6.6000001430511475
26336727,8.899999618530273
26337355,7.199999809265137
26337866,7.333333333333333
26339213,7.599999904632568
26339228,6.900000095367432
26340301,7.5
26340302,7.7833333015441895
26340419,7.96666685740153
26340522,7.524999976158142
26341049,7.5
26341137,6.199999809265137
26341750,6.162499964237213
26345736,4.633333206176758
26346327,8.399999618530273
26348103,8.050000309944153
26348218,5.600000063578287
26348414,5.147653048379081
26349397,7.900000095367432
26351171,7.0
26351526,6.233333269755046
26351532,6.2500001192092896
26351812,3.5999999046325684
26351867,6.599999904632568
26352440,6.342857088361468
26352445,5.887500047683716
26352462,6.124074132354171
26353372,7.400000095367432
26353862,6.49999992052714
26353874,7.099999904632568
26354336,4.8166667222976685
26354526,4.899999996026357
26354572,8.100000381469727
26356321,8.050000071525574
26356457,8.699999809265137
26356488,8.100000381469727
26356495,7.599999904632568
26356631,7.183333237965901
26356789,8.5
26357945,7.770000314712524
26359235,7.964285731315613
26359260,9.100000381469727
26361479,6.342857190540858
26361631,7.7416664361953735
26362351,8.025000174840292
26362764,5.0
26363201,7.166666666666666
26363254,6.633333325386047
26365022,6.388888862397937
26365236,7.399999916553497
26365631,4.599999904632568
26366465,6.200000047683716
26366496,6.92566668510437
26367579,7.699999809265137
26367602,3.5999999046325684
26369884,7.387500166893005
26372271,7.699999809265137
26374197,8.217279670285244
26374205,6.457142898014614
26374586,6.699999809265137
26374696,6.400000095367432
26375609,5.824999928474426
26376454,5.96666685740153
26377033,5.900000095367432
26377047,7.6999999682108555
26378579,7.578333202997843
26379657,7.468750029802322
26382767,6.5
26382888,4.300000190734863
26382962,5.529999923706055
26384292,7.077777756585014
26384493,8.399999618530273
26384515,7.900000095367432
26384741,7.2124998569488525
26385514,7.599999904632568
26385746,5.594305502706104
26386434,6.599999904632568
26386691,7.299999952316284
26387939,8.154166658719381
26389069,6.210714169910975
26389148,7.524999976158142
26389331,7.599999904632568
26389466,6.9666666984558105
26389601,7.524999976158142
26389696,5.739999977747599
26389697,6.600000023841858
26390631,8.699999809265137
26391916,7.699999809265137
26392843,5.699999809265137
26392856,7.800000190734863
26393561,8.016666412353516
26394152,7.0
26394441,5.450000047683716
26410593,7.699999809265137
26410594,7.950000047683716
26411217,7.300000190734863
26411377,7.300000190734863
26411409,4.774999916553497
26412106,7.412499904632568
26413839,7.399999976158142
26414254,7.400000095367432
26414979,7.5
26415200,5.737499952316284
26416062,6.916666560702853
26416155,2.5999999046325684
26416603,8.200000127156576
26419635,6.362500091393788
26419637,8.5
26420626,8.200000127156576
26420932,7.297222190433078
26421030,5.900000095367432
26421474,7.599999904632568
26425062,3.5
26425063,6.628571578434536
26425068,5.979761819044749
26425072,6.825000047683716
26425075,4.599999904632568
26425088,5.612499952316284
26425468,8.300000190734863
26426026,6.233333428700766
26426056,6.64444449212816
26426194,6.269999837875366
26428356,6.800000190734863
26430195,4.599999904632568
26430636,6.616666694482167
26430706,7.549999872843424
26433965,7.5
26435918,2.9000000953674316
26437237,7.800000190734863
26438851,8.199999809265137
26438933,8.34000005722046
26440017,7.599999904632568
26457368,7.599999904632568
26469862,7.099999904632568
26474112,6.083333253860474
26527937,7.599999904632568
26527993,7.310000109672546
26543037,5.575000166893005
26557880,6.699999809265137
26575103,5.5833333068423805
26575145,6.699999809265137
26577354,5.4333334763844805
26580232,7.975000023841858
26580936,7.300000190734863
26581206,7.716666539510091
26581837,3.8166666825612388
26582438,7.7833333015441895
26582661,9.449999809265137
26582787,4.833333333333333
26584087,8.09999982515971
26586432,8.16249966621399
26586671,6.849999904632568
26586766,6.9666666984558105
26586806,7.599999904632568
26588308,7.138021526659662
26588314,8.000000238418579
26588644,7.349999984105428
26589957,3.9000000953674316
26591649,6.199999809265137
26591650,7.400000095367432
26591654,8.699999809265137
26593587,8.550000190734863
26594013,6.150000095367432
26595806,7.900000095367432
26596158,4.566666682561238
26596361,8.199999809265137
26596486,6.7114583899577465
26599076,6.199999809265137
26599107,6.599999904632568
26600346,6.0
26600660,6.125
26600786,7.691666483879089
26602795,6.529166784551408
26602900,7.720000076293945
26602933,5.016666730244955
26603666,6.789999930063883
26604675,7.275000095367432
26605028,7.599999904632568
26605946,5.175000011920929
26605967,6.300000190734863
26606242,7.75
26606743,6.343333444141207
26607693,8.580000019073486
26607739,4.859999926884969
26607928,4.399999976158142
26607969,6.844444592793782
26609126,6.21666661898295
26610229,7.549999952316284
26610786,6.983333508173625
26611076,7.399999936421712
26611083,4.991666833559672
26611090,7.678333441416423
26611801,5.900000095367432
26611804,8.199999809265137
26611891,7.299999952316284
26612258,5.691666642824809
26612285,3.5
26614200,7.174999952316284
26614893,8.390000009536744
26615208,8.500000158945719
26615753,7.075000047683716
26616145,8.25
26616436,8.399999618530273
26616690,6.628571578434536
26616708,6.800000190734863
26616719,8.17499977350235
26627736,7.524999976158142
26628282,7.5
26628329,6.699999809265137
26628357,8.899999618530273
26628380,3.700000047683716
26628382,7.466666539510091
26630714,6.924999833106995
26630781,6.9666666984558105
26633257,7.333333333333333
26634179,7.099999904632568
26635323,6.0
26635987,6.400000095367432
26636537,7.650000095367432
26636712,7.4100000858306885
26637534,5.2824999819199245
26638831,6.800000190734863
26638885,7.699999809265137
26639958,6.662500030464596
26640371,8.350000143051147
26644002,4.81111126475864
26644205,6.450000047683716
26644595,8.212499797344208
26646360,6.800000190734863
26647117,8.5
26647163,8.300000190734863
26648249,7.400000095367432
26649221,7.599999904632568
26649604,7.03333322207133
26649889,7.400000095367432
26650037,5.199999968210856
26651353,4.5
26653676,8.06666644414266
26653833,7.099999904632568
26654145,7.900000095367432
26654146,5.6800000190734865
26654269,6.737499833106995
26654498,8.300000190734863
26657439,7.199999809265137
26657440,5.699999809265137
26658194,6.476666529973349
26658568,5.409999823570251
26660834,7.400000095367432
26661189,6.342857088361468
26661191,5.121428574834551
26661194,5.425000011920929
26661229,7.199999809265137
26662168,7.1999999682108555
26662192,4.864285707473755
26662193,5.483333281675975
26662345,5.825000047683716
26662798,4.407407433898361
26665435,6.5
26665875,6.799999952316284
26666947,4.349999904632568
26667010,6.662761535441953
26667056,4.800000190734863
26667083,3.700000047683716
26668439,7.699999809265137
26668750,5.5
26670653,8.449999809265137
26673872,7.300000190734863
26673947,5.199999809265137
26677495,7.8500001430511475
26677981,5.300000111262003
26678599,6.900000095367432
26679552,7.899999936421712
26680597,5.699999809265137
26680659,7.900000095367432
26681656,6.199999809265137
26683287,6.699999809265137
26683290,7.799999952316284
26683421,7.6000001430511475
26683723,5.963333415985107
26684564,6.7499998807907104
26685451,8.0
26686502,6.400000095367432
26688480,6.566666603088379
26688574,7.580000114440918
26688575,7.580000114440918
26691317,7.400000095367432
26691320,8.100000381469727
26691361,4.599999904632568
26691373,9.300000190734863
26691500,7.900000095367432
26691509,3.924999952316284
26693314,8.225000143051147
26694497,7.433333198229471
26694988,8.760000038146973
26696639,6.822222391764323
26696871,4.6499998569488525
26696879,7.450000286102295
26698000,5.18000009059906
26698301,5.199999809265137
26698897,6.3999998569488525
26700276,8.100000381469727
26703158,8.800000190734863
26704137,7.4624998569488525
26704590,7.041666706403097
26704620,6.8749998807907104
26704621,6.349999904632568
26704623,6.900000095367432
26705107,5.699999809265137
26705744,8.300000190734863
26706957,7.641666690508524
26707077,5.699999809265137
26707088,7.095714231899807
26707472,7.4833331902821865
26708876,7.599999904632568
26709258,8.199999809265137
26710108,4.599999904632568
26710657,8.600000381469727
26711487,5.24761900636885
26713504,7.75
26715617,3.5
26715618,5.474999904632568
26715636,7.2700001398722325
26715845,5.5
26715965,6.950000107288361
26717012,6.900000095367432
26717467,7.300000190734863
26717795,6.4833331902821865
26717811,7.580000114440918
26717812,7.580000114440918
26718282,7.349999984105428
26718799,7.5249998569488525
26718828,7.53333306312561
26718836,7.266666730244954
26718838,6.883333444595337
26719781,7.775000095367432
26720627,7.0
26721478,5.8374998569488525
26721644,7.199999809265137
26722331,6.300000190734863
26724235,6.200000047683716
26724679,7.5
26724807,5.099999904632568
26725678,7.900000095367432
26726098,7.599999904632568
26727891,7.599999904632568
26728641,6.900000095367432
26728669,7.366666555404663
26729533,5.400000095367432
26729867,8.300000190734863
26729868,5.324999849001567
26730644,7.400000095367432
26731376,8.199999809265137
26732299,7.800000190734863
26735048,7.53333322207133
26736410,7.900000095367432
26738204,8.083333174387613
26739551,6.0
26740543,7.300000190734863
26741061,6.450000007947286
26742730,7.209999942779541
26744597,4.324999988079071
26746381,6.825000047683716
26746536,9.183333396911621
26746559,8.300000190734863
26746958,3.0
26747274,5.0
26747836,5.600000023841858
26748673,5.966666688521704
26748688,7.800000190734863
26751899,7.349999904632568
26751930,5.8166665236155195
26752088,8.422222190433079
26752547,5.800000190734863
26752777,8.199999809265137
26752852,7.174999918256487
26753020,5.370000004768372
26754101,8.199999809265137
26754513,7.900000095367432
26754643,5.800000190734863
26754675,8.300000190734863
26754734,8.100000381469727
26754831,6.356250047683716
26755037,6.380555576748319
26755583,6.8749998807907104
26756049,8.0
26756220,7.400000095367432
26756258,7.800000190734863
26757373,5.931428582327706
26759539,7.1000001430511475
26759819,7.699999888737997
26761325,6.0
26761334,6.800000190734863
26761416,8.550000190734863
26761688,7.300000190734863
26761978,7.433333396911621
26762709,6.7500001192092896
26764514,4.199999809265137
26764928,9.199999809265137
26765233,6.699999809265137
26766760,6.300000190734863
26769480,8.0
26770697,7.5
26770698,7.5
26771140,6.566666762034099
26772006,7.199999809265137
26772644,7.199999809265137
26773744,7.766666412353516
26774033,5.699999809265137
26774722,5.650000095367432
26774772,6.400000095367432
26775933,7.099999904632568
26778790,7.8500001430511475
26779288,4.599999904632568
26780534,6.633333404858907
26781703,8.399999618530273
26782656,5.349999984105428
26785137,7.533333460489909
26785580,6.894444333182441
26785583,7.049999833106995
26785661,5.300000190734863
26785800,6.0
26786642,6.216666618982951
26786662,6.5
26786669,7.699999809265137
26787124,4.8500001430511475
26787574,8.23333352804184
26788605,5.199999809265137
26788667,6.6031250804662704
26790961,6.024999976158142
26791452,7.699999809265137
26791465,5.599999904632568
26793157,7.0
26793385,5.900000095367432
26793852,8.199999809265137
26794435,8.5
26794701,7.766666412353516
26794994,7.150000095367432
26796646,5.900000095367432
26796664,5.550000023841858
26796845,5.883333524068197
26797419,5.600000023841858
26798437,7.844444645775689
26798463,4.199999809265137
26799232,6.699999809265137
26799731,8.899999618530273
26800978,8.025000095367432
26803711,7.049999952316284
26803993,7.099999904632568
26804147,6.300000190734863
26806099,8.399999618530273
26806316,4.800000190734863
26806528,7.700000166893005
26808466,6.800000190734863
26809007,7.449999809265137
26809592,7.5
26810068,6.699999809265137
26810318,6.5
26811367,6.266666650772095
26811587,7.800000190734863
26813286,3.9000000953674316
26815162,7.866666952768962
26815856,3.299999952316284
26815983,6.099999904632568
26816076,6.399999962912665
26816090,5.537500083446503
26816372,4.686111138926612
26816383,7.255555470784505
26817018,6.800000190734863
26818312,3.9000000953674316
26818314,3.700000047683716
26820833,6.800000190734863
26820836,7.099999904632568
26821253,7.199999809265137
26822230,7.524999976158142
26823502,7.3999998569488525
26825658,7.300000190734863
26825664,6.7650000810623165
26825688,6.599999904632568
26826398,7.1416666110356655
26827040,5.460714169910975
26827787,6.437500059604645
26828019,5.400000095367432
26830966,7.0
26831711,6.7377777311537
26833099,7.599999904632568
26834930,7.440000081062317
26835471,6.704166690508524
26835829,6.949999809265137
26835911,7.144444306691487
26836588,8.800000190734863
26837951,7.519999980926514
26837952,8.542857238224574
26839466,6.959999966621399
26842503,8.216666380564371
26842702,7.75
26843352,7.099999904632568
26844922,8.399999618530273
26845247,6.5
26845362,5.349999904632568
26847068,7.24999984105428
26847445,7.450000047683716
26848167,7.474999904632568
26848640,7.7749998569488525
26850326,3.4833332697550454
26853690,5.5
26855528,7.800000190734863
26855690,5.099999904632568
26857170,6.324999809265137
26857793,5.800000011920929
26858510,8.544444349077013
26858970,7.720000076293945
26860031,6.800000190734863
26861685,8.250000158945719
26862259,6.933333396911621
26862829,7.1
26862905,6.0
26863060,7.0
26863778,8.699999809265137
26864413,7.099999904632568
26868553,4.999999894036187
26869052,4.099999904632568
26869119,6.9833331902821865
26870080,6.900000095367432
26870196,6.42777771419949
26871465,4.900000095367432
26871669,4.800000190734863
26871938,5.933333317438762
26874517,6.300000190734863
26875265,6.099999904632568
26876180,8.0
26876252,7.099999904632568
26876342,7.0249998569488525
26876595,4.799999872843425
26877106,6.400000095367432
26877237,7.199999809265137
26877406,6.856250017881393
26877492,7.400000095367432
26878605,8.300000190734863
26878883,8.133333524068197
26879060,5.950000047683716
26882457,4.200000047683716
26883072,8.212499797344208
26884340,8.5
26884354,7.356666707992554
26885074,6.295833365122477
26886204,6.866666475931804
26887031,6.699999809265137
26887153,6.5
26887169,6.75
26887170,6.75
26887890,8.399999618530273
26888905,7.433333198229471
26890502,4.96666677792867
26891256,7.412500023841858
26892281,7.5
26892558,7.24999984105428
26894593,7.399999936421713
26894602,7.800000190734863
26897427,6.066666682561239
26898747,4.916666507720947
26899000,9.099999904632568
26899030,7.5
26899146,6.574999928474426
26900949,6.290476254054478
26901234,7.024999976158142
26905469,4.8666666348775225
26905717,6.0333333015441895
26907450,6.4066667556762695
26908497,6.800000190734863
26909787,4.5
26909790,7.775000135103862
26910820,7.099999904632568
26916202,5.022222386466132
26916229,7.483333349227905
26917393,6.599999904632568
26919051,4.5
26919823,6.599999904632568
26920017,7.599999904632568
26920269,8.300000190734863
26920842,7.299999952316284
26921827,4.400000095367432
26921952,8.800000190734863
26923111,7.599999904632568
26923506,3.9000000953674316
26924069,6.550000190734863
26925317,6.6499998569488525
26925532,6.8750001192092896
26926321,6.200000047683716
26928125,6.599999904632568
26928304,6.900000095367432
26928838,6.199999809265137
26929010,7.300000190734863
26929038,7.300000190734863
26929084,7.599999904632568
26930056,6.349999904632568
26930504,6.950000047683716
26931786,7.488725518479066
26932873,8.100000381469727
26934399,7.024999976158142
26935251,8.25
26935296,6.868749898672104
26935777,6.916666825612386
26937474,7.25000007947286
26937563,7.0000001192092896
26942631,7.900000095367432
26942645,7.199999809265137
26942674,7.699999809265137
26944582,7.591666738192241
26945085,6.349999904632568
26945132,6.800000190734863
26945135,6.599999904632568
26946197,7.641666690508524
26946395,8.449999809265137
26946508,6.7166666984558105
26949241,7.099999904632568
26949264,5.175000071525574
26949578,6.700000047683716
26951654,5.700000047683716
26951692,8.250000238418579
26951953,8.0
26952576,7.450000047683716
26952704,7.98000020980835
26952994,7.949999968210856
26954003,7.0
26954268,4.900000095367432
26954690,6.599999904632568
26956641,6.199999809265137
26957500,7.099999904632568
26958502,8.140000224113464
26959074,6.699999809265137
26959115,6.300000190734863
26961821,7.5
26962614,7.300000190734863
26963232,7.400000095367432
26964434,7.699999809265137
26965165,7.900000095367432
26966580,4.64666649500529
26966609,8.699999809265137
26966758,6.699999809265137
26966763,8.300000190734863
26966778,7.5
26967920,4.699999809265137
26967922,6.575000047683716
26969120,7.699999809265137
26969244,6.699999809265137
26970964,6.233333269755046
26971054,6.300000190734863
26971645,2.9000000953674316
26972258,7.666666666666667
26972275,7.914285864148821
26974334,5.5874998569488525
26974993,7.5
26975855,6.800000190734863
26976235,8.46666685740153
26979007,7.900000095367432
26979199,7.400000095367432
26980859,6.0
26981165,5.300000190734863
26981958,8.433333396911621
26984538,4.711110962761773
26985127,6.714387686641849
26985857,5.699999809265137
26987999,7.5
26990268,5.9100000858306885
26990725,7.699999809265137
26992383,4.900000095367432
26994789,4.437499925494194
26995137,7.300000190734863
26995545,6.400000095367432
26995719,7.0
26995881,3.299999952316284
26996640,5.804166634877523
26996734,6.800000190734863
26997663,6.366666714350383
26999424,6.424999833106995
27000061,7.75
27000084,7.3750001192092896
27002371,6.099999904632568
27002635,7.916666905085246
27002647,6.25
27003543,6.9666666984558105
27007975,6.199999809265137
27008394,4.083333333333333
27008562,6.400000095367432
27010768,8.099999845027924
27011740,9.141666698455811
27012731,7.199999809265137
27012772,7.150000095367432
27013111,6.699999809265137
27013174,8.433333396911621
27015984,5.599999904632568
27017288,7.900000095367432
27018285,8.300000190734863
27018296,7.349999984105428
27018299,7.900000095367432
27018354,4.283333341280619
27019527,8.199999809265137
27019982,6.650000095367432
27021609,6.300000190734863
27021883,7.300000190734863
27024903,8.116666475931803
27024959,8.199999809265137
27025631,7.150000095367432
27025987,6.599999904632568
27027913,7.099999904632568
27028934,5.800000190734863
27035334,7.1999999682108555
27036366,7.199999809265137
27037053,7.183333396911621
27038183,6.900000095367432
27038968,7.300000190734863
27039069,6.299999952316284
27039378,7.300000190734863
27040109,7.400000095367432
27040157,7.599999904632568
27040737,7.485000038146973
27040774,8.231666604677837
27040853,7.099999904632568
27041677,6.825000047683716
27042405,8.399999618530273
27042413,6.400000095367432
27042467,7.375
27042526,5.300000190734863
27042544,6.433333237965901
27042748,6.5
27043957,6.5
27045345,8.0
27045442,2.9499999284744263
27045615,7.6333333651224775
27045860,7.199999809265137
27046645,7.599999904632568
27047871,7.75
27050133,5.300000190734863
27050259,7.1333333651224775
27050878,6.599999904632568
27052274,8.542857238224574
27052289,6.449999809265137
27053945,6.566666603088379
27056299,6.099999904632568
27059130,8.699999809265137
27060077,8.899999618530273
27062637,8.56499993801117
27062638,8.746428523744855
27062994,7.800000190734863
27063335,7.599999904632568
27064658,7.400000095367432
27064923,6.200000047683716
27065129,8.600000381469727
27065898,5.0
27066196,6.599999904632568
27068118,7.5
27068887,8.399999618530273
27069070,7.010000077883403
27069427,5.6755555649598435
27071217,7.0
27072640,8.5
27072788,6.5
27072795,8.5
27072838,6.199999809265137
27072988,7.0249998569488525
27073057,5.37999997138977
27073079,5.099999904632568
27073179,6.450000047683716
27073234,6.6333333651224775
27073245,8.462499856948853
27073291,7.699999809265137
27073835,4.800000190734863
27074301,6.049999952316284
27074316,7.187499960263571
27076492,6.0
27076871,7.474999904632568
27079210,7.400000095367432
27079318,6.900000095367432
27080656,7.399999936421712
27083561,7.450000047683716
27087724,8.275000095367432
27088750,7.633333524068196
27089612,7.524999976158142
27090211,7.900000095367432
27090753,4.199999809265137
27092645,7.900000095367432
27092648,6.9999998807907104
27092725,6.599999904632568
27092785,4.699999809265137
27097816,6.666666666666667
27098363,6.866666793823242
27098364,7.287500083446503
27098888,8.300000190734863
27102546,7.650000095367432
27102557,7.199999809265137
27102569,5.35833340883255
27102739,3.5
27104373,5.599999904632568
27107140,6.900000095367432
27107624,7.899999737739563
27107691,6.300000190734863
27107766,7.199999809265137
27108740,7.360000133514404
27108853,8.800000190734863
27109171,7.199999809265137
27109633,7.00238102958316
27109679,7.199999809265137
27110296,7.450000286102295
27110363,6.7114583899577465
27113517,8.399999618530273
27114240,8.600000381469727
27114416,5.806666734483507
27114417,4.300000190734863
27115166,7.199999809265137
27115758,7.5
27119586,8.600000381469727
27119724,7.855476156870523
27121232,9.141666698455811
27124861,7.590000057220459
27124864,7.900000095367432
27126336,6.685000085830689
27126359,7.575000166893005
27126713,7.099999904632568
27127793,6.5
27129560,7.300000190734863
27129663,6.800000190734863
27129755,7.599999904632568
27130415,8.600000381469727
27131969,5.099999904632568
27132180,5.663333360354105
27132510,8.550000190734863
27132728,5.99999992052714
27133050,7.472222116258409
27133303,6.800000190734863
27133569,6.368750065565109
27133913,7.199999809265137
27135473,5.5874998569488525
27138613,6.0
27139348,7.349999904632568
27140071,6.6000001430511475
27144867,9.083333174387615
27144868,9.083333174387615
27145041,5.599999904632568
27147737,8.100000381469727
27147739,8.050000071525574
27149755,7.350000063578288
27149818,4.199999809265137
27150225,5.099999904632568
27150264,5.699999809265137
27150283,7.199999809265137
27150284,7.4416667222976685
27155250,7.400000095367432
27155276,5.649999976158142
27157676,8.966666539510092
27157811,7.200000047683716
27160618,7.1875
27163278,7.331666731834411
27166414,7.800000190734863
27166442,9.141666698455811
27166606,7.799999952316284
27166976,6.52142858505249
27167055,9.141666698455811
27168151,5.800000190734863
27168189,8.450000047683716
27170563,7.013333320617676
27172872,5.800000190734863
27172891,8.100000381469727
27176717,6.7433333079020175
27176742,8.199999809265137
27179414,3.4625000953674316
27179713,6.067857197352818
27180356,7.950000047683716
27180599,6.699999809265137
27180759,7.099999904632568
27185558,5.716666539510091
27185563,7.787500262260437
27186348,7.199999809265137
27186353,5.349999904632568
27186354,8.800000190734863
27188152,6.699999809265137
27191173,7.400000095367432
27191431,7.699999809265137
27191829,7.025000095367432
27192784,6.199999809265137
27193043,7.199999968210856
27195080,5.750000029802322
27195119,6.350000023841858
27196380,5.883333524068197
27197086,7.5
27197468,5.300000190734863
27198855,7.724999904632568
27199776,7.400000095367432
27200988,5.900000095367432
27201353,5.349999904632568
27202818,7.866666793823242
27202819,5.804166634877523
27202953,5.699999809265137
27205132,6.974999904632568
27591668,6.0
27592484,7.475000023841858
27594919,6.849999904632568
27594938,6.699999809265137
27595272,4.5
27596682,8.433333396911621
27597250,7.816666841506958
27602116,7.349999904632568
27602185,5.8125
27604257,6.7499998807907104
27604258,6.511111259460449
27604296,5.900000095367432
27605669,7.650000174840291
27605696,7.666666825612386
27605698,6.966666539510091
27607378,6.8666666348775225
27607386,6.885000133514405
27608262,5.950000047683716
27608785,8.399999618530273
27611498,6.233333428700765
27615233,6.900000095367432
27615267,7.349999904632568
27615398,7.599999904632568
27615439,7.599999904632568
27615441,8.600000381469727
27615564,6.157142877578735
27617348,6.96666677792867
27621184,5.800000190734863
27621192,7.5
27621727,7.199999809265137
27621991,7.8124998807907104
27622447,8.760000038146973
27623043,6.400000095367432
27624661,5.6000001430511475
27624665,6.099999904632568
27624787,8.399999618530273
27663742,6.699999809265137
27664635,7.400000095367432
27666627,6.599999904632568
27668250,7.450000047683716
27887836,7.599999904632568
28460045,7.5
28461121,7.099999904632568
28510273,7.099999904632568
30034295,8.399999618530273
30122633,6.900000095367432
30128985,6.491666674613953
30129008,7.099999904632568
30134551,6.199999809265137
30135110,7.400000095367432
30135113,7.950000047683716
30135942,7.800000190734863
30139659,6.300000190734863
30140231,8.199999809265137
30140571,7.5
30143333,8.300000190734863
30143336,7.1249998807907104
30143861,6.400000095367432
30145117,7.266666491826375
30145655,6.716666738192241
30146756,6.900000095367432
30146843,7.900000095367432
30149864,5.400000095367432
30150635,6.800000190734863
30156101,7.433333456516266
30156898,5.599999904632568
30156995,8.800000190734863
30158971,8.25
30159567,7.699999809265137
30161289,8.399999618530273
30162520,7.800000190734863
30163500,6.883333444595337
30163509,6.933333396911621
30163799,9.300000190734863
30163820,7.099999904632568
30163821,7.349999904632568
30164448,7.837500035762787
30166972,7.672222216924031
30167539,9.0
30167633,7.200000047683716
30168032,4.911111301845975
30168156,7.3500001430511475
30170120,6.574999809265137
30170375,7.5
30170448,9.100000381469727
30170546,8.274999737739563
30170801,7.318749815225601
30171425,5.877777808242374
30172751,7.300000190734863
30172818,6.599999904632568
30174393,6.699999809265137
30174535,6.800000190734863
30175306,5.369642823934555
30175632,8.683333555857342
30175633,8.566666920979818
30175647,6.900000095367432
30176282,7.699999809265137
30176393,7.699999809265137
30176488,6.800000190734863
30177286,5.599999904632568
30177684,7.280000019073486
30181789,6.400000095367432
30182877,7.199999809265137
30183061,7.566666762034099
30183666,7.300000190734863
30183715,8.399999618530273
30184555,6.008333245913188
30185415,6.800000190734863
30186562,6.433333237965901
30188193,5.350000023841858
30188243,8.0
30188253,6.199999809265137
30188466,7.049999952316284
30189817,7.349999984105428
30190607,2.9499999284744263
30191950,6.800000190734863
30192401,8.399999618530273
30194752,6.900000095367432
30194769,8.100000381469727
30195228,7.5
30196805,6.619999980926513
30198539,8.049999952316284
30198715,6.960000038146973
30200087,7.200000047683716
30200427,7.150000095367432
30201003,7.240000057220459
30203557,9.449999809265137
30204142,6.800000190734863
30204413,7.599999904632568
30206287,7.900000095367432
30206431,7.900000095367432
30207919,6.7650000810623165
30207949,4.699999988079071
30208007,5.699999809265137
30208010,6.6031250804662704
30209084,8.06666644414266
30209086,6.766666571299234
30209395,7.699999809265137
30209802,7.0
30209818,6.599999904632568
30210691,7.5
30210700,5.599999904632568
30211551,7.699999809265137
30211753,6.199999809265137
30211998,8.108333508173624
30214085,6.899999976158142
30216460,7.1333333651224775
30219670,6.666666666666667
30220799,6.399999936421712
30221703,6.666666666666667
30221757,5.899999916553497
30221777,8.180000066757202
30223596,6.599999904632568
30223840,7.699999809265137
30225296,7.3500001430511475
30232270,8.199999809265137
30234315,8.199999809265137
30235440,5.4777777089013
30238963,7.5
30241102,7.914285864148821
30242164,7.099999904632568
30244174,6.300000190734863
30246061,7.099999904632568
30247400,6.300000190734863
30249076,6.699999809265137
30249161,7.310000109672546
30252495,8.5
30255175,5.900000095367432
30256006,7.099999904632568
30256767,5.5
30256796,5.800000190734863
30257175,8.149999976158142
30257386,7.099999904632568
30257608,6.800000190734863
30258626,6.300000190734863
30259043,6.099999904632568
30259071,7.599999904632568
30261964,6.699999809265137
30263995,5.399999976158142
30267284,7.483333349227905
30269016,7.8500001430511475
30271717,7.0624998807907104
30271841,8.550000190734863
30272143,8.399999618530273
30273082,6.199999809265137
30279172,7.199999809265137
30282387,5.149999976158142
30282596,7.5
30283179,7.599999904632568
30283209,7.866666952768962
30286112,7.400000095367432
30287729,6.558333436648051
30290776,5.900000095367432
30292777,7.133333285649618
30292843,7.300000071525574
30293828,4.199999809265137
30294963,7.099999904632568
30295905,6.599999904632568
30299040,8.0
30299309,6.599999904632568
30299311,6.599999904632568
30299345,7.549999952316284
30299355,7.3500001430511475
30299356,6.766666730244954
30301264,7.800000190734863
30304560,5.900000095367432
30306756,6.900000095367432
30306764,7.800000190734863
30307197,6.300000190734863
30310218,8.399999936421713
30312137,6.599999904632568
30312425,9.300000190734863
30313855,7.280000019073486
30317630,6.650000095367432
30317706,5.373809383029029
30318116,7.399999936421712
30318524,6.300000190734863
30327842,8.327778021494547
30327897,7.800000190734863
30328825,7.199999809265137
30329892,7.776666577657064
30329902,8.699999809265137
30331149,7.900000095367432
30331424,7.199999809265137
30331597,7.900000095367432
30331959,8.141666650772095
30331965,5.099999904632568
30334073,8.375000158945719
30334118,7.300000190734863
30334122,6.099999904632568
30334399,5.583333253860474
30334584,6.700000047683716
30334970,5.850000023841858
30335059,6.7433333079020175
30336533,7.400000095367432
30337147,6.400000095367432
30337172,7.300000190734863
30345226,8.180000066757202
30345300,7.4750001430511475
30349667,7.400000095367432
30357885,4.400000095367432
30359003,4.299999952316284
30359005,4.299999952316284
30361134,8.600000381469727
30362186,5.199999968210856
30364976,6.75
30366084,6.050000190734863
30371818,8.200000286102295
30371819,7.599999904632568
30371824,6.5
30372377,8.0
30376977,6.019999980926514
30377703,5.833333492279053
30379982,7.099999904632568
30380316,5.400000095367432
30382373,5.800000190734863
30382857,7.5
30384019,7.791666547457377
30385361,6.0
30387441,7.5
30390144,7.300000190734863
30390185,7.641666769981384
30391241,7.400000095367432
30391289,7.699999809265137
30391372,7.300000190734863
30394484,7.900000095367432
30394535,6.799999952316284
30394807,8.100000381469727
30394821,7.300000190734863
30394841,5.950000166893005
30395544,6.5
30396679,6.800000190734863
30401194,7.300000190734863
30402196,7.100000063578287
30402296,7.799999952316284
30403338,7.1250001192092896
30405087,7.199999928474426
30408298,5.300000190734863
30410114,8.699999809265137
30410654,5.900000095367432
30411557,7.650000095367432
30411559,7.0
30412189,6.550000190734863
30413052,6.091666618982951
30414462,7.950000286102295
30419063,6.75
30419744,7.400000095367432
30423193,6.6000001430511475
30423539,9.199999809265137
30426519,7.483333428700765
30428030,5.7500001192092896
30428914,7.699999809265137
30430698,6.5
30434902,7.199999809265137
30439272,6.049999952316284
30439557,6.699999809265137
30442415,6.800000190734863
30443614,7.699999809265137
30443615,8.5
30451891,7.571428571428571
30452121,7.5
30453031,6.199999809265137
30454698,5.216666539510092
30457664,6.300000190734863
30458008,7.400000095367432
30461660,7.483333349227905
30463393,7.280000019073486
30463904,7.300000190734863
30464821,7.099999904632568
30468769,5.599999904632568
30476406,7.914285864148821
30476829,6.183333317438762
30479900,9.199999809265137
30479973,5.300000111262004
30481973,6.858333269755046
30483639,7.900000095367432
30488003,8.300000190734863
30488222,4.800000190734863
30488819,7.300000190734863
30489287,4.0
32591373,7.199999809265137
32659890,6.866666566757928
33381474,6.099999904632568
33383642,7.5
33387265,6.3749998807907104
33393167,9.199999809265137
33397766,6.400000095367432
33400376,7.900000095367432
33401841,7.200000047683716
33404178,5.949999928474426
33404216,7.099999904632568
33404726,8.100000381469727
33407591,4.800000190734863
33413905,6.300000190734863
33415922,7.800000190734863
33415943,8.274999856948853
33417030,8.100000381469727
33417046,6.433333317438761
33417965,7.099999904632568
33422980,7.5
33423926,7.766666611035665
33424345,7.6700000166893005
33427589,6.649999976158142
33428622,7.699999809265137
33436135,6.400000095367432
33437017,6.099999904632568
33447595,6.8500001430511475
33475049,6.800000190734863
33717523,5.0
34431599,6.5
34436407,8.0
34453221,7.900000095367432
34454589,8.100000381469727
34454654,6.599999904632568
34460763,5.699999809265137
34462037,7.566666603088379
34608294,8.100000381469727
34614704,7.400000095367432
34670959,7.199999809265137
34678128,7.199999809265137
34786971,4.5
34787747,8.255555576748318
34795703,8.899999618530273
34799342,4.0
34800651,6.400000095367432
34801957,7.099999904632568
34805219,7.800000190734863
34809353,6.599999904632568
34813643,8.5
34814907,7.800000190734863
34815429,6.75
34825511,5.900000095367432
34835118,6.400000095367432
34835784,8.600000381469727
34835822,7.699999809265137
34851172,7.5
34865445,6.699999809265137
34865529,7.400000095367432
34867940,7.099999904632568
34875261,6.199999809265137
34882878,7.300000190734863
34886500,6.599999904632568
34887140,6.099999904632568
34892489,9.100000381469727
34906688,8.899999618530273
34906732,8.100000381469727
35016531,5.5
35050870,6.300000190734863
